date,open,high,low,close,atr_prev,prev_close
2011-01-14,1270.8399658203125,1293.239990234375,1262.1800537109375,1293.239990234375,20.550048828125,1271.5
2011-01-21,1293.219970703125,1296.06005859375,1271.260009765625,1283.3499755859375,21.300755092075892,1293.239990234375
2011-01-28,1283.2900390625,1302.6700439453125,1275.0999755859375,1276.3399658203125,21.55070464465083,1283.3499755859375
2011-02-04,1276.5,1311.0,1276.5,1310.8699951171875,21.980659195702557,1276.3399658203125
2011-02-11,1311.8499755859375,1330.7900390625,1311.739990234375,1329.1500244140625,22.886328837415768,1310.8699951171875
2011-02-18,1328.72998046875,1344.0699462890625,1324.6099853515625,1343.010009765625,22.674451345122677,1329.1500244140625
2011-02-25,1338.9100341796875,1338.9100341796875,1294.260009765625,1319.8800048828125,22.44484488743534,1343.010009765625
2011-03-04,1321.6099853515625,1332.280029296875,1302.5799560546875,1321.1500244140625,24.323784538332816,1319.8800048828125
2011-03-11,1322.719970703125,1327.6800537109375,1291.989990234375,1304.280029296875,24.707805160036724,1321.1500244140625
2011-03-18,1301.18994140625,1301.18994140625,1249.050048828125,1279.2099609375,25.492252182645707,1304.280029296875
2011-03-25,1281.6500244140625,1319.1800537109375,1281.6500244140625,1313.800048828125,27.61637563165316,1279.2099609375
2011-04-01,1315.449951171875,1337.8499755859375,1305.260009765625,1332.4100341796875,28.49878399892347,1313.800048828125
2011-04-08,1333.56005859375,1339.4599609375,1322.93994140625,1328.1700439453125,28.79101127187983,1332.4100341796875
2011-04-15,1329.010009765625,1333.77001953125,1302.4200439453125,1319.6800537109375,27.914511861834843,1328.1700439453125
2011-04-22,1313.3499755859375,1337.489990234375,1294.699951171875,1337.3800048828125,28.159902127842177,1319.6800537109375
2011-04-29,1337.1400146484375,1364.56005859375,1331.469970703125,1363.6099853515625,29.204911908889166,1337.3800048828125
2011-05-06,1365.2099609375,1370.5799560546875,1329.1700439453125,1340.199951171875,29.482424479013154,1363.6099853515625
2011-05-13,1340.199951171875,1359.43994140625,1332.030029296875,1337.77001953125,30.334387881181858,1340.199951171875
2011-05-20,1334.77001953125,1346.8199462890625,1318.510009765625,1333.27001953125,30.125496754624226,1337.77001953125
2011-05-27,1333.0699462890625,1334.6199951171875,1311.800048828125,1331.0999755859375,29.99581388096803,1333.27001953125
2011-06-03,1331.0999755859375,1345.199951171875,1297.9000244140625,1300.1600341796875,29.483251910117637,1331.0999755859375
2011-06-10,1300.260009765625,1300.260009765625,1268.280029296875,1270.97998046875,30.755871542095843,1300.1600341796875
2011-06-17,1271.31005859375,1292.5,1258.0699462890625,1271.5,30.84330789399971,1270.97998046875
2011-06-24,1271.5,1298.6099853515625,1262.8699951171875,1268.449951171875,31.099504023780984,1271.5
2011-07-01,1268.43994140625,1341.010009765625,1267.530029296875,1339.6700439453125,31.4309673245377,1268.449951171875
2011-07-08,1339.5899658203125,1356.47998046875,1330.9200439453125,1343.800048828125,34.43446826341001,1339.6700439453125
2011-07-15,1343.31005859375,1343.31005859375,1306.510009765625,1316.1400146484375,33.80057313912626,1343.800048828125
2011-07-22,1315.93994140625,1347.0,1295.9200439453125,1345.02001953125,34.04982070508153,1316.1400146484375
2011-07-29,1344.3199462890625,1344.3199462890625,1282.8599853515625,1292.280029296875,35.2662589443391,1345.02001953125
2011-08-05,1292.5899658203125,1307.3800048828125,1168.0899658203125,1199.3800048828125,37.18724288972113,1292.280029296875
2011-08-12,1198.47998046875,1198.47998046875,1101.5400390625,1178.81005859375,44.48029975920533,1199.3800048828125
2011-08-19,1178.8599853515625,1208.469970703125,1122.050048828125,1123.530029296875,48.291704477855845,1178.81005859375
2011-08-26,1123.550048828125,1190.6800537109375,1121.0899658203125,1176.800048828125,51.01514857765186,1123.530029296875
2011-09-02,1177.9100341796875,1230.7099609375,1170.56005859375,1173.969970703125,52.34192995714994,1176.800048828125
2011-09-09,1173.969970703125,1204.4000244140625,1140.1300048828125,1154.22998046875,52.89964227047851,1173.969970703125
2011-09-16,1153.5,1220.06005859375,1136.0699462890625,1216.010009765625,53.71181207481933,1154.22998046875
2011-09-23,1214.989990234375,1220.3900146484375,1114.219970703125,1136.4300537109375,55.874547805524195,1216.010009765625
2011-09-30,1136.9100341796875,1195.8599853515625,1131.0699462890625,1131.4200439453125,59.4670832440805,1136.4300537109375
2011-10-07,1131.2099609375,1171.4000244140625,1074.77001953125,1155.4599609375,59.84729437396761,1131.4200439453125
2011-10-14,1158.1500244140625,1224.6099853515625,1158.1500244140625,1224.5799560546875,62.474630838885105,1155.4599609375
2011-10-21,1224.469970703125,1239.030029296875,1191.47998046875,1238.25,62.95144466568349,1224.5799560546875
2011-10-28,1238.719970703125,1292.6600341796875,1221.06005859375,1285.0899658203125,61.85134496300074,1238.25
2011-11-04,1284.9599609375,1284.9599609375,1215.4200439453125,1253.22998046875,62.547675721781935,1285.0899658203125
2011-11-11,1253.2099609375,1277.550048828125,1226.6400146484375,1263.8499755859375,63.05640758986895,1253.22998046875
2011-11-18,1263.8499755859375,1264.25,1209.4300537109375,1215.6500244140625,62.1888094891417,1263.8499755859375
2011-11-25,1215.6199951171875,1215.6199951171875,1158.6600341796875,1158.6700439453125,61.66246211770747,1215.6500244140625
2011-12-02,1158.6700439453125,1260.0799560546875,1158.6700439453125,1244.280029296875,61.328714126040865,1158.6700439453125
2011-12-09,1244.3299560546875,1267.06005859375,1231.469970703125,1255.18994140625,64.19165683913616,1244.280029296875
2011-12-16,1255.050048828125,1255.050048828125,1209.469970703125,1219.6600341796875,62.14868762852822,1255.18994140625
2011-12-23,1219.739990234375,1265.4200439453125,1202.3699951171875,1265.3299560546875,60.975207848142276,1219.6600341796875
2011-12-30,1265.02001953125,1269.3699951171875,1248.6400146484375,1257.5999755859375,61.1234107752839,1265.3299560546875
2012-01-06,1258.8599853515625,1284.6199951171875,1258.8599853515625,1277.81005859375,58.23816575338862,1257.5999755859375
2012-01-13,1277.8299560546875,1296.8199462890625,1274.550048828125,1289.0899658203125,56.008298166093006,1277.81005859375
2012-01-20,1290.219970703125,1315.489990234375,1290.219970703125,1315.3800048828125,53.59841240143904,1289.0899658203125
2012-01-27,1315.2900390625,1333.469970703125,1306.06005859375,1316.3299560546875,51.655670402340725,1315.3800048828125
2012-02-03,1316.1600341796875,1345.3399658203125,1300.489990234375,1344.9000244140625,49.92383052427174,1316.3299560546875
2012-02-10,1344.3199462890625,1354.3199462890625,1335.9200439453125,1342.6400146484375,49.56141231439072,1344.9000244140625
2012-02-17,1343.06005859375,1363.4000244140625,1340.800048828125,1361.22998046875,47.33559017363067,1342.6400146484375
2012-02-24,1361.219970703125,1368.9200439453125,1352.280029296875,1365.739990234375,45.568760560224014,1361.22998046875
2012-03-02,1365.199951171875,1378.0400390625,1354.9200439453125,1369.6300048828125,43.50242156652498,1365.739990234375
2012-03-09,1369.5899658203125,1374.760009765625,1340.030029296875,1370.8699951171875,42.046533963000876,1369.6300048828125
2012-03-16,1370.780029296875,1405.8800048828125,1366.68994140625,1404.1700439453125,41.523922999125816,1370.8699951171875
2012-03-23,1404.1700439453125,1414.0,1386.8699951171875,1397.1099853515625,41.35721874751415,1404.1700439453125
2012-03-30,1397.1099853515625,1419.1500244140625,1391.56005859375,1408.469970703125,40.34098918574975,1397.1099853515625
2012-04-06,1408.469970703125,1422.3800048828125,1392.9200439453125,1398.0799560546875,39.43020180250423,1408.469970703125
2012-04-13,1397.449951171875,1397.449951171875,1357.3800048828125,1370.260009765625,38.71804174071821,1398.0799560546875
2012-04-20,1370.27001953125,1392.760009765625,1365.3800048828125,1378.530029296875,38.85960670008656,1370.260009765625
2012-04-27,1378.530029296875,1406.6400146484375,1358.7900390625,1403.3599853515625,38.03963514170984,1378.530029296875
2012-05-04,1403.260009765625,1415.3199462890625,1367.9599609375,1369.0999755859375,38.740373744868954,1403.3599853515625
2012-05-11,1368.7900390625,1373.9100341796875,1343.1300048828125,1353.3900146484375,39.35606028820421,1369.0999755859375
2012-05-18,1351.9300537109375,1351.9300537109375,1291.97998046875,1295.219970703125,38.74348664596641,1353.3900146484375
2012-05-25,1295.72998046875,1328.489990234375,1295.72998046875,1317.8199462890625,40.362525755517915,1295.219970703125
2012-06-01,1318.9000244140625,1334.9300537109375,1277.25,1278.0400390625,39.855918168070204,1317.8199462890625
2012-06-08,1278.2900390625,1329.050048828125,1266.739990234375,1325.6600341796875,41.12907070684644,1278.0400390625
2012-06-15,1325.719970703125,1343.3199462890625,1306.6199951171875,1342.8399658203125,42.64199841305384,1325.6600341796875
2012-06-22,1342.4200439453125,1363.4599609375,1324.4100341796875,1335.02001953125,42.21756646725535,1342.8399658203125
2012-06-29,1334.9000244140625,1362.1700439453125,1309.27001953125,1362.1600341796875,41.991306488009435,1335.02001953125
2012-07-06,1362.3299560546875,1374.81005859375,1348.030029296875,1354.6800537109375,42.77050062558465,1362.1600341796875
2012-07-13,1354.6600341796875,1361.5400390625,1325.4100341796875,1356.780029296875,41.62832410210539,1354.6800537109375
2012-07-20,1356.5,1380.3900146484375,1345.0699462890625,1362.6600341796875,41.23558701501304,1356.780029296875
2012-07-27,1362.3399658203125,1389.18994140625,1329.239990234375,1385.969970703125,40.81304996818175,1362.6600341796875
2012-08-03,1385.93994140625,1394.1600341796875,1354.6500244140625,1390.989990234375,42.179971482731276,1385.969970703125
2012-08-10,1391.0400390625,1407.1400146484375,1391.0400390625,1405.8699951171875,41.9892599315094,1390.989990234375
2012-08-17,1405.8699951171875,1418.7099609375,1397.3199462890625,1418.1600341796875,40.143600251691765,1405.8699951171875
2012-08-24,1417.8499755859375,1426.6800537109375,1398.0400390625,1411.1300048828125,38.804058422887884,1418.1600341796875
2012-08-31,1411.1300048828125,1416.1700439453125,1397.010009765625,1406.5799560546875,38.07805529614143,1411.1300048828125
2012-09-07,1406.5400390625,1437.9200439453125,1396.56005859375,1437.9200439453125,36.72676807353758,1406.5799560546875
2012-09-14,1437.9200439453125,1474.510009765625,1428.97998046875,1465.77001953125,37.05771216482508,1437.9200439453125
2012-09-21,1465.4200439453125,1467.0699462890625,1449.97998046875,1460.1500244140625,37.66287767425722,1465.77001953125
2012-09-28,1459.760009765625,1463.239990234375,1430.530029296875,1440.6700439453125,36.19338397040402,1460.1500244140625
2012-10-05,1440.9000244140625,1470.9599609375,1439.010009765625,1460.9300537109375,35.944568039482306,1440.6700439453125
2012-10-12,1460.9300537109375,1460.9300537109375,1425.530029296875,1428.5899658203125,35.659238263224644,1460.9300537109375
2012-10-19,1428.75,1464.02001953125,1427.239990234375,1433.18994140625,35.640722988284494,1428.5899658203125
2012-10-26,1433.2099609375,1435.4599609375,1403.280029296875,1411.93994140625,35.72210201032667,1433.18994140625
2012-11-02,1410.989990234375,1434.27001953125,1405.949951171875,1414.199951171875,35.46908984106227,1411.93994140625
2012-11-09,1414.02001953125,1433.3800048828125,1373.030029296875,1379.8499755859375,34.958445449513185,1414.199951171875
2012-11-16,1379.8599853515625,1388.81005859375,1343.3499755859375,1359.8800048828125,36.7721261735435,1379.8499755859375
2012-11-23,1359.8800048828125,1409.1600341796875,1359.8800048828125,1409.1500244140625,37.39269451884842,1359.8800048828125
2012-11-30,1409.1500244140625,1419.699951171875,1385.4300537109375,1416.1800537109375,38.24178986013604,1409.1500244140625
2012-12-07,1416.3399658203125,1423.72998046875,1398.22998046875,1418.0699462890625,37.95808326019329,1416.1800537109375
2012-12-14,1418.0699462890625,1438.5899658203125,1411.8800048828125,1413.5799560546875,37.06822017017949,1418.0699462890625
2012-12-21,1413.5400390625,1448.0,1413.5400390625,1430.1500244140625,36.32834451070238,1413.5799560546875
2012-12-28,1430.1500244140625,1430.1500244140625,1401.5799560546875,1402.4300537109375,36.19488854118792,1430.1500244140625
2013-01-04,1402.4300537109375,1467.93994140625,1398.1099853515625,1466.469970703125,35.650258528201284,1402.4300537109375
2013-01-11,1466.469970703125,1472.75,1451.6400146484375,1472.050048828125,38.09166549437887,1466.469970703125
2013-01-18,1472.050048828125,1485.97998046875,1463.760009765625,1485.97998046875,36.87868834132056,1472.050048828125
2013-01-25,1485.97998046875,1503.260009765625,1481.1600341796875,1502.9599609375,35.83163708144945,1485.97998046875
2013-02-01,1502.9599609375,1514.4100341796875,1496.3299560546875,1513.1700439453125,34.85080411748431,1502.9599609375
2013-02-08,1513.1700439453125,1518.31005859375,1495.02001953125,1517.9300537109375,33.65289511802115,1513.1700439453125
2013-02-15,1517.9300537109375,1524.68994140625,1513.6099853515625,1519.7900390625,32.91269111405535,1517.9300537109375
2013-02-22,1519.7900390625,1530.93994140625,1497.2900390625,1515.5999755859375,31.353210038386216,1519.7900390625
2013-03-01,1515.5999755859375,1525.8399658203125,1485.010009765625,1518.199951171875,31.517259488769344,1515.5999755859375
2013-03-08,1518.199951171875,1552.47998046875,1512.2900390625,1551.1800537109375,32.182452100620644,1518.199951171875
2013-03-15,1551.1500244140625,1563.6199951171875,1547.3599853515625,1560.699951171875,32.75441562245131,1551.1800537109375
2013-03-22,1560.699951171875,1561.56005859375,1538.5699462890625,1556.8900146484375,31.576243775535147,1560.699951171875
2013-03-29,1556.8900146484375,1570.280029296875,1546.219970703125,1569.18994140625,30.962948670474603,1556.8900146484375
2013-04-05,1569.1800537109375,1573.6600341796875,1539.5,1553.280029296875,30.469885093565704,1569.18994140625
2013-04-12,1553.260009765625,1597.3499755859375,1548.6300048828125,1588.8499755859375,30.733467171145833,1553.280029296875
2013-04-19,1588.8399658203125,1588.8399658203125,1536.030029296875,1555.25,32.01821742343006,1588.8499755859375
2013-04-26,1555.25,1592.6400146484375,1548.18994140625,1582.239990234375,33.50405519954666,1555.25
2013-05-03,1582.3399658203125,1618.4599609375,1581.280029296875,1614.4200439453125,34.285913631163865,1582.239990234375
2013-05-10,1614.4000244140625,1635.010009765625,1614.2099609375,1633.699951171875,34.49262920326824,1614.4200439453125
2013-05-17,1632.0999755859375,1667.469970703125,1626.739990234375,1667.469970703125,33.51458774790086,1633.699951171875
2013-05-24,1665.7099609375,1687.1800537109375,1635.530029296875,1649.5999755859375,34.02997294224723,1667.469970703125
2013-05-31,1652.6300048828125,1674.2099609375,1630.739990234375,1630.739990234375,35.28854804737689,1649.5999755859375
2013-06-07,1631.7099609375,1646.530029296875,1598.22998046875,1643.3800048828125,35.872935379930325,1630.739990234375
2013-06-14,1644.6700439453125,1648.68994140625,1608.0699462890625,1626.72998046875,36.76058634051566,1643.3800048828125
2013-06-21,1630.6400146484375,1654.18994140625,1577.699951171875,1592.4300537109375,37.03625839599222,1626.72998046875
2013-06-28,1588.77001953125,1620.0699462890625,1560.3299560546875,1606.280029296875,39.85438209873385,1592.4300537109375
2013-07-05,1609.780029296875,1632.0699462890625,1604.5699462890625,1631.8900146484375,41.27478267985108,1606.280029296875
2013-07-12,1634.199951171875,1680.18994140625,1634.199951171875,1680.18994140625,40.29086963129029,1631.8900146484375
2013-07-19,1679.5899658203125,1693.1199951171875,1671.8399658203125,1692.0899658203125,40.8629451403276,1680.18994140625
2013-07-26,1694.4100341796875,1698.780029296875,1676.030029296875,1691.6500244140625,39.46416543722384,1692.0899658203125
2013-08-02,1690.3199462890625,1709.6700439453125,1681.8599853515625,1709.6700439453125,38.270296477422136,1691.6500244140625
2013-08-09,1708.010009765625,1709.239990234375,1684.9100341796875,1691.4200439453125,37.52313662858842,1709.6700439453125
2013-08-16,1688.3699951171875,1696.81005859375,1652.6099853515625,1655.8299560546875,36.61148470980532,1691.4200439453125
2013-08-23,1655.25,1664.8499755859375,1639.4300537109375,1663.5,37.15352674783262,1655.8299560546875
2013-08-30,1664.2900390625,1669.510009765625,1627.469970703125,1632.969970703125,36.315412114058866,1663.5
2013-09-06,1635.949951171875,1664.8299560546875,1633.4100341796875,1655.1700439453125,36.72431403894752,1632.969970703125
2013-09-13,1656.8499755859375,1689.969970703125,1656.8499755859375,1687.989990234375,36.376861989848585,1655.1700439453125
2013-09-20,1691.699951171875,1729.8599853515625,1691.699951171875,1709.9100341796875,36.26422375898887,1687.989990234375
2013-09-27,1711.43994140625,1711.43994140625,1687.1099853515625,1691.75,36.664635998860206,1709.9100341796875
2013-10-04,1687.260009765625,1696.550048828125,1670.3599853515625,1690.5,35.7835874314193,1691.75
2013-10-11,1687.1500244140625,1703.43994140625,1646.469970703125,1703.199951171875,35.0983357203581,1690.5
2013-10-18,1699.8599853515625,1745.31005859375,1692.1300048828125,1744.5,36.660595361984306,1703.199951171875
2013-10-25,1745.199951171875,1759.8199462890625,1740.5,1759.77001953125,37.84055667262382,1744.5
2013-11-01,1759.4200439453125,1775.219970703125,1752.699951171875,1761.6400146484375,36.51765593094087,1759.77001953125
2013-11-08,1763.4000244140625,1774.5400390625,1746.199951171875,1770.6099853515625,35.51782475953438,1761.6400146484375
2013-11-15,1769.9599609375,1798.219970703125,1760.6400146484375,1798.1800537109375,35.005129268897996,1770.6099853515625
2013-11-22,1798.8199462890625,1804.8399658203125,1777.22998046875,1804.760009765625,35.18904546788296,1798.1800537109375
2013-11-29,1806.3299560546875,1813.550048828125,1800.5799560546875,1805.81005859375,34.64768403100293,1804.760009765625
2013-12-06,1806.550048828125,1810.02001953125,1779.0899658203125,1805.0899658203125,33.09928465546255,1805.81005859375
2013-12-13,1806.2099609375,1811.52001953125,1772.280029296875,1775.3199462890625,32.944339587996474,1805.0899658203125
2013-12-20,1777.47998046875,1823.75,1767.989990234375,1818.3199462890625,33.394028919880654,1775.3199462890625
2013-12-27,1822.9200439453125,1844.8900146484373,1822.9200439453125,1841.4000244140625,34.991598980290966,1818.3199462890625
2014-01-03,1841.469970703125,1849.43994140625,1827.739990234375,1831.3699951171875,34.390061078796954,1841.4000244140625
2014-01-10,1832.31005859375,1843.22998046875,1823.72998046875,1842.3699951171875,33.48362465687396,1831.3699951171875
2014-01-17,1841.260009765625,1850.8399658203125,1815.52001953125,1838.699951171875,32.484794324240106,1842.3699951171875
2014-01-24,1841.050048828125,1849.31005859375,1790.2900390625,1790.2900390625,32.687305178870275,1838.699951171875
2014-01-31,1791.030029296875,1798.77001953125,1770.449951171875,1782.5899658203125,34.5682133468974,1790.2900390625
2014-02-07,1782.6800537109375,1798.030029296875,1737.9200439453125,1797.02001953125,34.121917276360094,1782.5899658203125
2014-02-14,1796.199951171875,1841.6500244140625,1791.8299560546875,1838.6300048828125,35.978207853160264,1797.02001953125
2014-02-21,1839.030029296875,1847.5,1824.5799560546875,1836.25,36.966912175032746,1838.6300048828125
2014-02-28,1836.780029296875,1867.9200439453125,1836.780029296875,1859.449951171875,35.963564444338445,1836.25
2014-03-07,1857.6800537109373,1883.5699462890625,1834.43994140625,1878.0400390625,35.656884408693735,1859.449951171875
2014-03-14,1877.8599853515625,1882.3499755859373,1839.5699462890625,1841.1300048828125,36.61925015684508,1878.0400390625
2014-03-21,1842.81005859375,1883.969970703125,1842.81005859375,1866.52001953125,37.05930580970435,1841.1300048828125
2014-03-28,1867.6700439453125,1875.9200439453125,1842.1099853515625,1857.6199951171875,37.47221009617636,1866.52001953125
2014-04-04,1859.1600341796875,1897.280029296875,1859.1600341796875,1865.0899658203125,37.21062784600305,1857.6199951171875
2014-04-11,1863.9200439453125,1872.530029296875,1814.3599853515625,1815.68994140625,37.38558544126623,1865.0899658203125
2014-04-18,1818.1800537109373,1869.6300048828125,1815.800048828125,1864.8499755859373,38.87018962012668,1815.68994140625
2014-04-25,1865.7900390625,1884.8900146484373,1859.699951171875,1863.4000244140625,39.946609181300666,1864.8499755859373
2014-05-02,1865.0,1891.3299560546875,1850.6099853515625,1881.1400146484373,38.89257020239078,1863.4000244140625
2014-05-09,1879.449951171875,1889.0699462890625,1859.7900390625,1878.47998046875,39.02309880958608,1881.1400146484373
2014-05-16,1880.030029296875,1902.1700439453125,1862.3599853515625,1877.8599853515625,38.327156553655826,1878.47998046875
2014-05-23,1876.6600341796875,1901.260009765625,1868.1400146484373,1900.530029296875,38.433078127948264,1877.8599853515625
2014-05-30,1902.010009765625,1924.030029296875,1902.010009765625,1923.5699462890625,38.05357219860822,1900.530029296875
2014-06-06,1923.8699951171875,1949.43994140625,1915.97998046875,1949.43994140625,37.01403132727906,1923.5699462890625
2014-06-13,1948.969970703125,1955.550048828125,1925.780029296875,1936.1600341796875,36.76016915658056,1949.43994140625
2014-06-20,1934.8399658203125,1963.9100341796875,1930.9100341796875,1962.8699951171875,36.260872754771235,1936.1600341796875
2014-06-27,1962.9200439453125,1968.1700439453125,1944.68994140625,1960.9599609375,36.027953272287576,1962.8699951171875
2014-07-04,1960.7900390625,1985.5899658203125,1958.219970703125,1985.43994140625,35.131678219914356,1960.9599609375
2014-07-11,1984.219970703125,1984.219970703125,1952.8599853515625,1967.5699462890625,34.577272284005296,1985.43994140625
2014-07-18,1969.8599853515625,1983.93994140625,1955.5899658203125,1978.219970703125,34.43460683905403,1967.5699462890625
2014-07-25,1976.9300537109373,1991.3900146484373,1965.77001953125,1978.3399658203125,33.99999032097428,1978.219970703125
2014-08-01,1978.25,1984.8499755859373,1916.3699951171875,1925.1500244140625,33.40141923498949,1978.3399658203125
2014-08-08,1926.6199951171875,1942.9200439453125,1904.780029296875,1931.5899658203125,35.907030751686655,1925.1500244140625
2014-08-15,1933.4300537109373,1964.0400390625,1928.2900390625,1955.06005859375,36.066529601454576,1931.5899658203125
2014-08-22,1958.3599853515625,1994.760009765625,1958.3599853515625,1988.4000244140625,36.04392034420783,1955.06005859375
2014-08-29,1991.739990234375,2005.0400390625,1990.52001953125,2003.3699951171875,36.30506540332691,1988.4000244140625
2014-09-05,2004.0699462890625,2011.1700439453125,1990.0999755859373,2007.7099609375,34.90041892083481,2003.3699951171875
2014-09-12,2007.1700439453125,2007.1700439453125,1980.260009765625,1985.5400390625,33.91253673787341,2007.7099609375
2014-09-19,1986.0400390625,2019.260009765625,1978.47998046875,2010.4000244140625,33.45092348315924,1985.5400390625
2014-09-26,2009.0799560546875,2009.0799560546875,1965.989990234375,1982.8499755859373,33.97443104128179,2010.4000244140625
2014-10-03,1978.9599609375,1985.1700439453125,1926.030029296875,1967.9000244140625,34.71983126545363,1982.8499755859373
2014-10-10,1970.010009765625,1977.8399658203125,1906.050048828125,1906.1300048828125,36.46413007852391,1967.9000244140625
2014-10-17,1905.6500244140625,1912.0899658203125,1820.6600341796875,1886.760009765625,38.987400572357025,1906.1300048828125
2014-10-24,1885.6199951171875,1965.27001953125,1882.300048828125,1964.5799560546875,42.73329564866188,1886.760009765625
2014-10-31,1962.969970703125,2018.18994140625,1951.3699951171875,2018.050048828125,45.60734386683782,1964.5799560546875
2014-11-07,2018.2099609375,2034.260009765625,2001.010009765625,2031.9200439453125,47.122529754139585,2018.050048828125
2014-11-14,2032.010009765625,2046.1800537109373,2030.1700439453125,2039.8199462890625,46.131634771701044,2031.9200439453125
2014-11-21,2038.2900390625,2071.4599609375,2034.4599609375,2063.5,43.980090128409884,2039.8199462890625
2014-11-28,2065.070068359375,2075.760009765625,2064.75,2067.56005859375,43.481512262094896,2063.5
2014-12-05,2065.780029296875,2079.469970703125,2049.570068359375,2075.3701171875,41.251404940918476,2067.56005859375
2014-12-12,2074.840087890625,2075.780029296875,2002.3299560546875,2002.3299560546875,40.44058332683501,2075.3701171875
2014-12-19,2005.030029296875,2077.85009765625,1972.56005859375,2070.64990234375,42.79840403507447,2002.3299560546875
2014-12-26,2069.280029296875,2092.699951171875,2069.280029296875,2088.77001953125,47.262092251319146,2070.64990234375
2015-01-02,2087.6298828125,2093.550048828125,2046.0400390625,2058.199951171875,45.55908008158207,2088.77001953125
2015-01-09,2054.43994140625,2064.429931640625,1992.43994140625,2044.81005859375,45.698432201870844,2058.199951171875
2015-01-16,2046.1300048828125,2056.929931640625,1988.1199951171875,2019.4200439453125,47.576400632764,2044.81005859375
2015-01-23,2020.760009765625,2064.6201171875,2004.489990234375,2051.820068359375,49.09308176781211,2019.4200439453125
2015-01-30,2050.419921875,2057.6201171875,1989.1800537109373,1994.989990234375,49.8814421381916,2051.820068359375
2015-02-06,1996.6700439453125,2072.39990234375,1980.9000244140625,2055.469970703125,51.20705794807526,1994.989990234375
2015-02-13,2053.469970703125,2097.030029296875,2041.8800048828125,2096.989990234375,54.085116518190425,2055.469970703125
2015-02-20,2096.469970703125,2110.610107421875,2085.43994140625,2110.300048828125,54.16118136789557,2096.989990234375
2015-02-27,2109.830078125,2119.590087890625,2103.0,2104.5,52.0903945570191,2110.300048828125
2015-03-06,2105.22998046875,2117.52001953125,2067.27001953125,2071.260009765625,49.55465836656238,2104.5
2015-03-13,2072.25,2083.489990234375,2039.68994140625,2053.39990234375,49.60432562609364,2071.260009765625
2015-03-20,2055.35009765625,2113.919921875,2055.35009765625,2108.10009765625,49.18973442623874,2053.39990234375
2015-03-27,2107.989990234375,2114.860107421875,2045.5,2061.02001953125,49.999040505168125,2108.10009765625
2015-04-03,2064.110107421875,2088.969970703125,2048.3798828125,2066.9599609375,51.381973856361476,2061.02001953125
2015-04-10,2064.8701171875,2102.610107421875,2056.52001953125,2102.06005859375,50.61112485880887,2066.9599609375
2015-04-17,2102.030029296875,2111.909912109375,2072.3701171875,2081.179931640625,50.28819364679574,2102.06005859375
2015-04-24,2084.110107421875,2120.919921875,2084.110107421875,2117.68994140625,49.520450880729975,2081.179931640625
2015-05-01,2119.2900390625,2125.919921875,2077.590087890625,2108.2900390625,48.821846548847475,2117.68994140625
2015-05-08,2110.22998046875,2120.949951171875,2067.929931640625,2116.10009765625,48.7867027942423,2108.2900390625
2015-05-15,2115.56005859375,2123.889892578125,2085.570068359375,2122.72998046875,49.08908256117143,2116.10009765625
2015-05-22,2121.300048828125,2134.719970703125,2120.010009765625,2126.06005859375,48.319849822427045,2122.72998046875
2015-05-29,2125.340087890625,2126.219970703125,2099.179931640625,2107.389892578125,45.91914347350369,2126.06005859375
2015-06-05,2108.639892578125,2121.919921875,2085.669921875,2092.830078125,44.570636015574856,2107.389892578125
2015-06-12,2092.340087890625,2115.02001953125,2072.139892578125,2094.110107421875,43.97630487160522,2092.830078125
2015-06-19,2091.340087890625,2126.64990234375,2072.489990234375,2109.989990234375,43.898006448856634,2094.110107421875
2015-06-26,2112.5,2129.8701171875,2095.3798828125,2101.489990234375,44.630999710322236,2109.989990234375
2015-07-03,2098.6298828125,2098.6298828125,2056.320068359375,2076.780029296875,43.906659329227786,2101.489990234375
2015-07-10,2073.949951171875,2083.739990234375,2044.02001953125,2076.6201171875,43.99689236821152,2076.780029296875
2015-07-17,2080.030029296875,2128.909912109375,2080.030029296875,2126.639892578125,43.69139796356249,2076.6201171875
2015-07-24,2126.85009765625,2132.820068359375,2077.090087890625,2079.64990234375,44.30556917487053,2126.639892578125
2015-07-31,2078.18994140625,2114.239990234375,2063.52001953125,2103.840087890625,45.12159855300477,2079.64990234375
2015-08-07,2104.489990234375,2112.659912109375,2067.909912109375,2077.570068359375,45.521482278013366,2103.840087890625
2015-08-14,2080.97998046875,2105.35009765625,2052.090087890625,2091.5400390625,45.46637640101241,2077.570068359375
2015-08-21,2089.699951171875,2103.469970703125,1970.8900146484373,1970.8900146484373,46.023064498484736,2091.5400390625
2015-08-28,1965.1500244140625,1993.47998046875,1867.010009765625,1988.8699951171875,52.205699609642096,1970.8900146484373
2015-09-04,1986.72998046875,1986.72998046875,1903.0699462890625,1921.219970703125,57.51029040203373,1988.8699951171875
2015-09-11,1927.300048828125,1988.6300048828125,1927.300048828125,1961.050048828125,59.53098743246882,1921.219970703125
2015-09-18,1963.06005859375,2020.8599853515625,1948.27001953125,1958.030029296875,60.09377648584159,1961.050048828125
2015-09-25,1960.8399658203125,1979.6400146484373,1908.9200439453125,1931.3399658203125,60.986361438303796,1958.030029296875
2015-10-02,1929.1800537109373,1951.3599853515625,1871.9100341796875,1951.3599853515625,61.68161924293386,1931.3399658203125
2015-10-09,1954.3299560546875,2020.1300048828125,1954.3299560546875,2014.8900146484373,62.9507858092868,1951.3599853515625
2015-10-16,2015.6500244140625,2033.5400390625,1990.72998046875,2033.1099853515625,63.36644536085561,2014.8900146484373
2015-10-23,2031.72998046875,2079.739990234375,2017.219970703125,2075.14990234375,61.898132020348065,2033.1099853515625
2015-10-30,2075.080078125,2094.320068359375,2058.840087890625,2079.360107421875,61.94255255684106,2075.14990234375
2015-11-06,2080.760009765625,2116.47998046875,2080.760009765625,2099.199951171875,60.05236883626313,2079.360107421875
2015-11-13,2096.56005859375,2096.56005859375,2022.02001953125,2023.0400390625,58.41433342273541,2099.199951171875
2015-11-20,2022.0799560546875,2097.06005859375,2019.3900146484373,2089.169921875,59.75473329544181,2023.0400390625
2015-11-27,2089.409912109375,2095.610107421875,2070.2900390625,2090.110107421875,61.03439834186116,2089.169921875
2015-12-04,2090.949951171875,2104.27001953125,2042.3499755859373,2091.68994140625,58.483374771683586,2090.110107421875
2015-12-11,2090.419921875,2090.419921875,2008.800048828125,2012.3699951171875,58.728851141228525,2091.68994140625
2015-12-18,2013.3699951171875,2076.719970703125,1993.260009765625,2005.550048828125,60.45463981529256,2012.3699951171875
2015-12-25,2010.27001953125,2067.360107421875,2005.9300537109373,2060.989990234375,62.09787703830738,2005.550048828125
2016-01-01,2057.77001953125,2081.56005859375,2043.6199951171875,2043.93994140625,62.07731857798185,2060.989990234375
2016-01-08,2038.199951171875,2038.199951171875,1918.4599609375,1922.030029296875,60.35322892788047,2043.93994140625
2016-01-15,1926.1199951171875,1950.3299560546875,1857.8299560546875,1880.3299560546875,65.0051397522283,1922.030029296875
2016-01-22,1888.6600341796875,1908.8499755859373,1812.2900390625,1906.9000244140625,66.96905834135485,1880.3299560546875
2016-01-29,1906.280029296875,1940.239990234375,1872.699951171875,1940.239990234375,69.08269249721789,1906.9000244140625
2016-02-05,1936.93994140625,1947.199951171875,1872.22998046875,1880.050048828125,68.97250296616662,1940.239990234375
2016-02-12,1873.25,1881.5999755859373,1810.0999755859373,1864.780029296875,69.4008935188065,1880.050048828125
2016-02-19,1871.43994140625,1930.6800537109373,1871.43994140625,1917.780029296875,69.55082969603461,1864.780029296875
2016-02-26,1924.43994140625,1962.9599609375,1891.0,1948.050048828125,69.29005789017944,1917.780029296875
2016-03-04,1947.1300048828125,2009.1300048828125,1931.81005859375,1999.989990234375,69.48076525070235,1948.050048828125
2016-03-11,1996.1099853515625,2022.3699951171875,1969.25,2022.18994140625,70.04070675344236,1999.989990234375
2016-03-18,2019.27001953125,2052.360107421875,2005.22998046875,2049.580078125,68.83208449370987,2022.18994140625
2016-03-25,2047.8800048828125,2056.60009765625,2022.489990234375,2035.93994140625,67.28194466938238,2049.580078125
2016-04-01,2037.8900146484373,2075.070068359375,2028.31005859375,2072.780029296875,64.91252772313186,2035.93994140625
2016-04-08,2073.18994140625,2074.02001953125,2033.800048828125,2047.5999755859373,63.61591929759566,2072.780029296875
2016-04-15,2050.22998046875,2087.840087890625,2039.739990234375,2080.72998046875,61.94478011227633,2047.5999755859373
2016-04-22,2078.830078125,2111.050048828125,2073.64990234375,2091.580078125,60.95587422256016,2080.72998046875
2016-04-29,2089.3701171875,2099.889892578125,2052.280029296875,2065.300048828125,59.273322241261226,2091.580078125
2016-05-06,2067.169921875,2083.419921875,2039.449951171875,2057.139892578125,58.440218029831854,2065.300048828125
2016-05-13,2057.550048828125,2084.8701171875,2043.1300048828125,2046.6099853515625,57.406628935067076,2057.139892578125
2016-05-20,2046.530029296875,2071.8798828125,2025.9100341796875,2052.320068359375,56.28759203289711,2046.6099853515625
2016-05-27,2052.22998046875,2099.06005859375,2047.260009765625,2099.06005859375,55.550610361462496,2052.320068359375
2016-06-03,2100.1298828125,2105.260009765625,2085.10009765625,2099.1298828125,55.28271310908125,2099.06005859375
2016-06-10,2100.830078125,2120.550048828125,2089.9599609375,2096.070068359375,52.77394160910224,2099.1298828125
2016-06-17,2091.75,2098.1201171875,2050.3701171875,2071.219970703125,51.18938062921101,2096.070068359375
2016-06-24,2075.580078125,2113.320068359375,2032.5699462890625,2037.4100341796875,50.943710584267365,2071.219970703125
2016-07-01,2031.449951171875,2108.7099609375,1991.6800537109373,2102.949951171875,53.072739976127735,2037.4100341796875
2016-07-08,2095.050048828125,2131.7099609375,2074.02001953125,2129.89990234375,57.641109065444525,2102.949951171875
2016-07-15,2131.719970703125,2169.050048828125,2131.719970703125,2161.739990234375,57.64459708978778,2129.89990234375
2016-07-22,2162.0400390625,2175.6298828125,2159.010009765625,2175.030029296875,56.32356490368687,2161.739990234375
2016-07-29,2173.7099609375,2177.090087890625,2159.070068359375,2173.60009765625,53.4875869139146,2175.030029296875
2016-08-05,2173.14990234375,2182.8701171875,2147.580078125,2182.8701171875,50.95418924372427,2173.60009765625
2016-08-12,2183.760009765625,2188.449951171875,2172.0,2184.050048828125,49.83532137363682,2182.8701171875
2016-08-19,2186.080078125,2193.81005859375,2168.5,2183.8701171875,47.45065207351098,2184.050048828125
2016-08-26,2181.580078125,2193.419921875,2160.389892578125,2169.0400390625,45.86918111067091,2183.8701171875
2016-09-02,2170.18994140625,2184.8701171875,2157.090087890625,2179.97998046875,44.952098838256916,2169.0400390625
2016-09-09,2181.610107421875,2187.8701171875,2127.81005859375,2127.81005859375,43.725522442443925,2179.97998046875
2016-09-16,2120.860107421875,2163.300048828125,2119.1201171875,2139.159912109375,44.892275024680075,2127.81005859375
2016-09-23,2143.989990234375,2179.989990234375,2135.909912109375,2164.68994140625,44.841393354390426,2139.159912109375
2016-09-30,2158.5400390625,2175.300048828125,2141.550048828125,2168.27001953125,44.787013695148254,2164.68994140625
2016-10-07,2164.330078125,2165.860107421875,2144.010009765625,2153.739990234375,43.998655574066234,2168.27001953125
2016-10-14,2160.389892578125,2169.60009765625,2114.719970703125,2132.97998046875,42.58875230203472,2153.739990234375
2016-10-21,2132.949951171875,2148.43994140625,2124.429931640625,2141.159912109375,43.46670763425545,2132.97998046875
2016-10-28,2148.5,2154.7900390625,2119.360107421875,2126.409912109375,42.07694350078185,2141.159912109375
2016-11-04,2129.780029296875,2133.25,2083.7900390625,2085.179931640625,41.60215693934207,2126.409912109375
2016-11-11,2100.590087890625,2182.300048828125,2100.590087890625,2164.449951171875,42.16342865349621,2085.179931640625
2016-11-18,2165.639892578125,2189.889892578125,2156.080078125,2181.89990234375,46.08890640592505,2164.449951171875
2016-11-25,2186.429931640625,2213.35009765625,2186.429931640625,2213.35009765625,45.21182840929648,2181.89990234375
2016-12-02,2210.2099609375,2214.10009765625,2187.43994140625,2191.949951171875,44.228854616668166,2213.35009765625
2016-12-09,2200.64990234375,2259.800048828125,2199.969970703125,2259.530029296875,42.973947590477586,2191.949951171875
2016-12-16,2258.830078125,2277.530029296875,2248.43994140625,2258.070068359375,44.75081545231848,2259.530029296875
2016-12-23,2259.239990234375,2272.56005859375,2256.080078125,2263.7900390625,43.63219205505466,2258.070068359375
2016-12-30,2266.22998046875,2273.820068359375,2233.6201171875,2238.830078125,41.69274837031861,2263.7900390625
2017-01-06,2251.570068359375,2282.10009765625,2245.1298828125,2276.97998046875,41.586119999001205,2238.830078125
2017-01-13,2273.590087890625,2279.27001953125,2254.25,2274.639892578125,41.70639853701898,2276.97998046875
2017-01-20,2269.139892578125,2276.9599609375,2258.409912109375,2271.31005859375,40.5145143223212,2274.639892578125
2017-01-27,2267.780029296875,2300.989990234375,2257.02001953125,2294.68994140625,38.945623929878614,2271.31005859375
2017-02-03,2286.010009765625,2298.31005859375,2267.2099609375,2297.419921875,39.304505842253356,2294.68994140625
2017-02-10,2294.280029296875,2319.22998046875,2285.3798828125,2316.10009765625,38.71847668611026,2297.419921875
2017-02-17,2321.719970703125,2351.31005859375,2321.419921875,2351.159912109375,38.37073532683453,2316.10009765625
2017-02-24,2354.909912109375,2368.260009765625,2352.8701171875,2367.340087890625,38.14496572759635,2351.159912109375
2017-03-03,2365.22998046875,2400.97998046875,2358.9599609375,2383.1201171875,36.64176086535733,2367.340087890625
2017-03-10,2375.22998046875,2378.800048828125,2354.5400390625,2372.60009765625,37.02592219863537,2383.1201171875
2017-03-17,2371.56005859375,2390.010009765625,2358.179931640625,2378.25,36.422647621947135,2372.60009765625
2017-03-24,2378.239990234375,2381.929931640625,2335.739990234375,2343.97998046875,36.09460694359377,2378.25
2017-03-31,2329.110107421875,2370.419921875,2322.25,2362.719970703125,36.815702262354925,2343.97998046875
2017-04-07,2362.340087890625,2378.360107421875,2344.72998046875,2355.5400390625,37.626717948972434,2362.719970703125
2017-04-14,2357.159912109375,2366.3701171875,2328.949951171875,2328.949951171875,37.34124716355476,2355.5400390625
2017-04-21,2332.6201171875,2361.3701171875,2332.510009765625,2348.68994140625,37.34688422441692,2328.949951171875
2017-04-28,2370.330078125,2398.159912109375,2369.18994140625,2384.199951171875,36.99497578093178,2348.68994140625
2017-05-05,2388.5,2399.2900390625,2379.75,2399.2900390625,37.88604684680273,2384.199951171875
2017-05-12,2399.93994140625,2403.8701171875,2381.739990234375,2390.89990234375,36.57561771935253,2399.2900390625
2017-05-19,2393.97998046875,2405.77001953125,2352.719970703125,2381.72998046875,35.54379695033628,2390.89990234375
2017-05-26,2387.2099609375,2418.7099609375,2386.919921875,2415.820068359375,36.794243513035475,2381.72998046875
2017-06-02,2411.669921875,2440.22998046875,2403.590087890625,2439.070068359375,36.80751043844366,2415.820068359375
2017-06-09,2437.830078125,2446.199951171875,2415.699951171875,2431.77001953125,36.79553773413518,2439.070068359375
2017-06-16,2425.8798828125,2443.75,2418.530029296875,2433.14990234375,36.345856467411245,2431.77001953125
2017-06-23,2442.550048828125,2453.820068359375,2430.739990234375,2438.300048828125,35.5511503413908,2433.14990234375
2017-06-30,2443.320068359375,2450.419921875,2405.699951171875,2423.409912109375,34.660359468791455,2438.300048828125
2017-07-07,2431.389892578125,2439.169921875,2407.699951171875,2425.179931640625,35.37890312838671,2423.409912109375
2017-07-14,2424.510009765625,2463.5400390625,2412.7900390625,2459.27001953125,35.099693669439446,2425.179931640625
2017-07-21,2459.5,2477.6201171875,2450.340087890625,2472.5400390625,36.21757269305092,2459.27001953125
2017-07-28,2472.0400390625,2484.0400390625,2459.929931640625,2472.10009765625,35.57917673618121,2472.5400390625
2017-08-04,2475.93994140625,2480.3798828125,2466.47998046875,2476.830078125,34.75995749944506,2472.10009765625
2017-08-11,2477.139892578125,2490.8701171875,2437.75,2441.320068359375,33.26995355975256,2476.830078125
2017-08-18,2454.9599609375,2474.929931640625,2420.68994140625,2425.550048828125,34.687822390305946,2441.320068359375
2017-08-25,2425.5,2454.77001953125,2417.35009765625,2443.050048828125,36.08440580773945,2425.550048828125
2017-09-01,2447.35009765625,2480.3798828125,2428.199951171875,2476.550048828125,36.17979981254378,2443.050048828125
2017-09-08,2470.35009765625,2471.969970703125,2446.550048828125,2461.429931640625,37.322666371692435,2476.550048828125
2017-09-15,2474.52001953125,2500.22998046875,2474.52001953125,2500.22998046875,36.79961877371441,2461.429931640625
2017-09-22,2502.510009765625,2508.85009765625,2496.5400390625,2502.219970703125,36.94250663474374,2500.22998046875
2017-09-29,2499.389892578125,2519.43994140625,2488.030029296875,2519.360107421875,35.18304606038704,2502.219970703125
2017-10-06,2521.199951171875,2552.510009765625,2520.39990234375,2549.330078125,34.91353649245762,2519.360107421875
2017-10-13,2551.389892578125,2557.64990234375,2541.60009765625,2553.169921875,34.78756262469279,2549.330078125
2017-10-20,2555.570068359375,2575.43994140625,2547.919921875,2575.2099609375,33.449151343464735,2553.169921875
2017-10-27,2578.080078125,2582.97998046875,2544.0,2581.070068359375,33.02564192830654,2575.2099609375
2017-11-03,2577.75,2588.419921875,2566.169921875,2587.840087890625,33.4509518240525,2581.070068359375
2017-11-10,2587.469970703125,2597.02001953125,2566.330078125,2582.300048828125,32.65088383662018,2587.840087890625
2017-11-17,2576.530029296875,2590.090087890625,2557.449951171875,2578.85009765625,32.510816520165164,2582.300048828125
2017-11-24,2579.489990234375,2604.2099609375,2578.239990234375,2602.419921875,32.52005367720694,2578.85009765625
2017-12-01,2602.659912109375,2657.739990234375,2598.8701171875,2642.219970703125,32.052190607629655,2602.419921875
2017-12-08,2657.18994140625,2665.18994140625,2624.75,2651.5,33.967739353290035,2642.219970703125
2017-12-15,2652.18994140625,2679.6298828125,2651.469970703125,2675.81005859375,34.43003949993003,2651.5
2017-12-22,2685.919921875,2694.969970703125,2676.110107421875,2683.340087890625,33.98217325774753,2675.81005859375
2017-12-29,2679.090087890625,2692.1201171875,2673.610107421875,2673.610107421875,32.923440318578066,2683.340087890625
2018-01-05,2683.72998046875,2743.449951171875,2682.360107421875,2743.14990234375,31.893909564795706,2673.610107421875
2018-01-12,2742.669921875,2787.85009765625,2736.06005859375,2786.239990234375,34.60433343516744,2743.14990234375
2018-01-19,2798.9599609375,2810.330078125,2768.639892578125,2810.300048828125,35.83188383711977,2786.239990234375
2018-01-26,2809.159912109375,2872.8701171875,2808.1201171875,2872.8701171875,36.25033395924514,2810.300048828125
2018-02-02,2867.22998046875,2870.6201171875,2759.969970703125,2762.1298828125,38.28602439072763,2872.8701171875
2018-02-09,2741.06005859375,2763.389892578125,2532.68994140625,2619.550048828125,43.61560454027387,2762.1298828125
2018-02-16,2636.75,2754.419921875,2622.449951171875,2732.219970703125,56.9787721568168,2619.550048828125
2018-02-23,2722.989990234375,2747.760009765625,2697.77001953125,2747.300048828125,62.54242222039239,2732.219970703125
2018-03-02,2757.3701171875,2789.14990234375,2647.320068359375,2691.25,61.64581993567687,2747.300048828125
2018-03-09,2681.06005859375,2786.570068359375,2675.75,2786.570068359375,67.37324951058388,2691.25
2018-03-16,2790.5400390625,2801.89990234375,2741.469970703125,2752.010009765625,70.47659371406895,2786.570068359375
2018-03-23,2741.3798828125,2741.3798828125,2585.889892578125,2588.260009765625,69.75897499453724,2752.010009765625
2018-03-30,2619.35009765625,2674.780029296875,2593.06005859375,2640.8701171875,76.641913722606,2588.260009765625
2018-04-06,2633.449951171875,2672.080078125,2553.800048828125,2604.469970703125,77.34749270893772,2640.8701171875
2018-04-13,2617.179931640625,2680.260009765625,2610.7900390625,2656.300048828125,80.27124532236182,2604.469970703125
2018-04-20,2670.10009765625,2717.489990234375,2660.610107421875,2670.139892578125,79.95115916094312,2656.300048828125
2018-04-27,2675.39990234375,2683.550048828125,2612.669921875,2669.909912109375,78.61107217846505,2670.139892578125
2018-05-04,2682.510009765625,2682.8701171875,2594.6201171875,2663.419921875,78.05886180522648,2669.909912109375
2018-05-11,2680.340087890625,2732.860107421875,2655.199951171875,2727.719970703125,78.78680024771032,2663.419921875
2018-05-18,2738.469970703125,2742.10009765625,2701.909912109375,2712.969970703125,78.70632567644529,2727.719970703125
2018-05-25,2735.389892578125,2742.239990234375,2707.3798828125,2721.330078125,75.95517281004742,2712.969970703125
2018-06-01,2705.110107421875,2736.929931640625,2676.81005859375,2734.6201171875,73.01981099660652,2721.330078125
2018-06-08,2741.669921875,2779.89990234375,2739.510009765625,2779.030029296875,72.09838685733999,2734.6201171875
2018-06-15,2780.179931640625,2791.469970703125,2761.72998046875,2779.659912109375,70.18277245011927,2779.030029296875
2018-06-22,2765.7900390625,2774.989990234375,2743.18994140625,2754.8798828125,67.29400229185183,2779.659912109375
2018-06-29,2742.93994140625,2746.090087890625,2691.989990234375,2718.3701171875,65.09228574979991,2754.8798828125
2018-07-06,2704.949951171875,2764.409912109375,2698.949951171875,2759.820068359375,64.93497195182314,2718.3701171875
2018-07-13,2775.6201171875,2804.530029296875,2770.72998046875,2801.31005859375,64.97247116508578,2759.820068359375
2018-07-20,2797.360107421875,2816.760009765625,2789.239990234375,2801.830078125,63.52514900597251,2801.31005859375
2018-07-27,2799.169921875,2848.030029296875,2795.139892578125,2818.820068359375,60.95335404349233,2801.830078125
2018-08-03,2819.0,2840.3798828125,2796.340087890625,2840.35009765625,60.377409948867886,2818.820068359375
2018-08-10,2840.2900390625,2863.429931640625,2825.81005859375,2833.280029296875,59.21043744693982,2840.35009765625
2018-08-17,2835.4599609375,2855.6298828125,2802.489990234375,2850.1298828125,57.66825427550662,2833.280029296875
2018-08-24,2853.929931640625,2876.159912109375,2850.6201171875,2874.68994140625,57.344799868550794,2850.1298828125
2018-08-31,2884.68994140625,2916.5,2884.68994140625,2901.52001953125,55.10803054200253,2874.68994140625
2018-09-07,2896.9599609375,2900.179931640625,2864.1201171875,2871.679931640625,54.15817540284164,2901.52001953125
2018-09-14,2881.389892578125,2908.300048828125,2866.780029296875,2904.97998046875,52.96115589862082,2871.679931640625
2018-09-21,2903.830078125,2940.909912109375,2886.159912109375,2929.669921875,52.143931872380044,2904.97998046875
2018-09-28,2921.830078125,2931.14990234375,2903.280029296875,2913.97998046875,52.33007959578147,2929.669921875
2018-10-05,2926.2900390625,2939.860107421875,2869.2900390625,2885.570068359375,50.5829219851453,2913.97998046875
2018-10-12,2877.530029296875,2894.830078125,2710.510009765625,2767.1298828125,52.01057529759028,2885.570068359375
2018-10-19,2763.830078125,2816.93994140625,2749.030029296875,2767.780029296875,61.461253373432044,2767.1298828125
2018-10-26,2773.93994140625,2778.93994140625,2628.159912109375,2658.68994140625,61.92187185457083,2767.780029296875
2018-11-02,2682.64990234375,2756.550048828125,2603.5400390625,2723.06005859375,68.2688831004497,2658.68994140625
2018-11-09,2726.3701171875,2815.14990234375,2717.93994140625,2781.010009765625,74.3218207193908,2723.06005859375
2018-11-16,2773.929931640625,2775.989990234375,2670.75,2736.27001953125,75.95668787782718,2781.010009765625
2018-11-23,2730.739990234375,2733.159912109375,2631.090087890625,2632.56005859375,78.40692515552703,2736.27001953125
2018-11-30,2649.969970703125,2760.8798828125,2649.969970703125,2760.169921875,80.31928276160546,2632.56005859375
2018-12-07,2790.5,2800.179931640625,2621.530029296875,2633.080078125,83.74789286568722,2760.169921875
2018-12-14,2630.860107421875,2685.43994140625,2583.22998046875,2599.949951171875,90.526607828406,2633.080078125
2018-12-21,2590.75,2601.1298828125,2408.550048828125,2416.6201171875,91.36113305048414,2599.949951171875
2018-12-28,2400.56005859375,2520.27001953125,2346.580078125,2485.739990234375,98.59104026004778,2416.6201171875
2019-01-04,2498.93994140625,2538.070068359375,2443.9599609375,2531.93994140625,103.9552474847765,2485.739990234375
2019-01-11,2535.610107421875,2597.820068359375,2524.56005859375,2596.260009765625,103.25202319456926,2531.93994140625
2019-01-18,2580.31005859375,2675.469970703125,2570.409912109375,2670.7099609375,101.10973652107326,2596.260009765625
2019-01-25,2657.8798828125,2672.3798828125,2612.860107421875,2664.760009765625,101.39190238340731,2670.7099609375
2019-02-01,2644.969970703125,2716.659912109375,2624.06005859375,2706.530029296875,98.40103616963715,2664.760009765625
2019-02-08,2706.489990234375,2738.97998046875,2681.830078125,2707.8798828125,97.98666598006486,2706.530029296875
2019-02-15,2712.39990234375,2775.659912109375,2703.7900390625,2775.60009765625,95.06975429175665,2707.8798828125
2019-02-22,2769.280029296875,2794.199951171875,2764.550048828125,2792.669921875,93.41261991712224,2775.60009765625
2019-03-01,2804.35009765625,2813.489990234375,2775.1298828125,2803.68994140625,88.85814009045279,2792.669921875
2019-03-08,2814.3701171875,2816.8798828125,2722.27001953125,2743.070068359375,85.25113775698296,2803.68994140625
2019-03-15,2747.610107421875,2830.72998046875,2747.610107421875,2822.47998046875,85.91961815157346,2743.070068359375
2019-03-22,2822.610107421875,2860.31005859375,2800.469970703125,2800.7099609375,86.043924862845,2822.47998046875
2019-03-29,2796.010009765625,2836.030029296875,2785.02001953125,2834.39990234375,84.17222222197215,2800.7099609375
2019-04-05,2848.6298828125,2893.239990234375,2848.6298828125,2892.739990234375,81.8034927608045,2834.39990234375
2019-04-12,2888.4599609375,2910.5400390625,2873.330078125,2907.409912109375,80.16324955579168,2892.739990234375
2019-04-19,2908.320068359375,2918.0,2891.89990234375,2905.030029296875,77.09515751162799,2907.409912109375
2019-04-26,2898.780029296875,2939.8798828125,2896.35009765625,2939.8798828125,73.45265323624385,2905.030029296875
2019-05-03,2940.580078125,2954.1298828125,2900.5,2945.639892578125,71.3153055162443,2939.8798828125
2019-05-10,2908.889892578125,2937.320068359375,2825.389892578125,2881.39990234375,70.05206103740542,2945.639892578125
2019-05-17,2840.18994140625,2892.14990234375,2801.429931640625,2859.530029296875,73.63762810616217,2881.39990234375
2019-05-24,2841.93994140625,2868.8798828125,2805.489990234375,2826.06005859375,74.85779543451666,2859.530029296875
2019-05-31,2830.030029296875,2840.510009765625,2750.52001953125,2752.06005859375,74.03865951620297,2826.06005859375
2019-06-07,2751.530029296875,2884.969970703125,2728.81005859375,2873.340087890625,75.17804028178669,2752.06005859375
2019-06-14,2885.830078125,2910.610107421875,2874.679931640625,2886.97998046875,80.962459698043,2873.340087890625
2019-06-21,2889.75,2964.14990234375,2887.300048828125,2950.4599609375,77.84157111470064,2886.97998046875
2019-06-28,2951.419921875,2954.919921875,2912.989990234375,2941.760009765625,77.79359616900774,2950.4599609375
2019-07-05,2971.409912109375,2995.840087890625,2952.219970703125,2990.409912109375,75.23190584555184,2941.760009765625
2019-07-12,2979.77001953125,3013.919921875,2963.43994140625,3013.77001953125,73.72106100836957,2990.409912109375
2019-07-19,3017.800048828125,3017.800048828125,2973.090087890625,2976.610107421875,72.06098382696818,3013.77001953125
2019-07-26,2981.929931640625,3027.97998046875,2976.64990234375,3025.860107421875,70.10733933486333,2976.610107421875
2019-08-02,3024.469970703125,3025.610107421875,2914.110107421875,2932.050048828125,68.76894888572131,3025.860107421875
2019-08-09,2898.070068359375,2938.719970703125,2822.1201171875,2918.64990234375,71.83902396531265,2932.050048828125
2019-08-16,2907.070068359375,2943.31005859375,2825.510009765625,2888.679931640625,75.03622607604925,2918.64990234375
2019-08-23,2913.47998046875,2939.080078125,2834.969970703125,2847.110107421875,78.09078484405467,2888.679931640625
2019-08-30,2866.699951171875,2940.429931640625,2853.050048828125,2926.4599609375,79.94930788532754,2847.110107421875
2019-09-06,2909.010009765625,2985.860107421875,2891.85009765625,2978.7099609375,80.90434476628629,2926.4599609375
2019-09-13,2988.429931640625,3020.739990234375,2957.010009765625,3007.389892578125,81.84046369481048,2978.7099609375
2019-09-20,2996.409912109375,3021.989990234375,2978.570068359375,2992.070068359375,80.54685775009187,3007.389892578125
2019-09-27,2983.5,3007.97998046875,2945.530029296875,2961.7900390625,77.89493375901388,2992.070068359375
2019-10-04,2967.070068359375,2992.530029296875,2855.93994140625,2952.010009765625,76.79172071707539,2961.7900390625
2019-10-11,2944.22998046875,2993.280029296875,2892.659912109375,2970.27001953125,81.06303265804323,2952.010009765625
2019-10-18,2965.81005859375,3008.2900390625,2962.93994140625,2986.199951171875,82.45996726729014,2970.27001953125
2019-10-25,2996.47998046875,3027.389892578125,2991.2099609375,3022.550048828125,79.80926229507298,2986.199951171875
2019-11-01,3032.1201171875,3066.949951171875,3023.18994140625,3066.909912109375,77.05073937444277,3022.550048828125
2019-11-08,3078.9599609375,3097.77001953125,3065.889892578125,3093.080078125,74.71853672939328,3066.909912109375
2019-11-15,3080.330078125,3120.4599609375,3075.820068359375,3120.4599609375,71.65865031680268,3093.080078125
2019-11-22,3117.909912109375,3127.639892578125,3091.409912109375,3110.2900390625,69.72873904975428,3120.4599609375
2019-11-29,3117.43994140625,3154.260009765625,3117.43994140625,3140.97998046875,67.33597057968255,3110.2900390625
2019-12-06,3143.85,3150.6,3070.33,3145.91,65.66697058849988,3140.97998046875
2019-12-13,3141.86,3182.68,3126.09,3168.8,66.71004411789275,3145.91
2019-12-20,3183.63,3225.65,3183.63,3221.22,65.98718382375753,3168.8
2019-12-27,3226.05,3247.93,3220.51,3240.02,65.33452783634628,3221.22
2020-01-03,3240.09,3258.14,3212.03,3234.85,62.62634727660724,3240.02
2020-01-10,3217.55,3282.99,3214.64,3265.35,61.446608185420985,3234.85
2020-01-17,3271.13,3329.88,3268.43,3329.62,61.93970760074806,3265.35
2020-01-24,3321.03,3337.77,3281.53,3295.47,62.12472848640893,3329.62
2020-01-31,3247.16,3293.47,3214.68,3225.52,61.704390737379704,3295.47
2020-02-07,3235.66,3347.96,3235.66,3327.71,63.067648541852584,3225.52
2020-02-14,3318.28,3385.09,3317.77,3380.16,67.30853078886312,3327.71
2020-02-21,3369.04,3393.52,3328.45,3337.75,67.30935001823005,3380.16
2020-02-28,3257.61,3259.81,2855.84,2954.22,67.14939644549935,3337.75
2020-03-06,2974.28,3136.72,2901.54,2972.37,96.77515384224938,2954.22
2020-03-13,2863.89,2882.59,2478.86,2711.02,106.66121428208871,2972.37
2020-03-20,2508.59,2562.98,2280.52,2304.92,134.29327040479666,2711.02
2020-03-27,2290.71,2637.01,2191.86,2541.47,155.4508939473112,2304.92
2020-04-03,2558.98,2641.39,2447.49,2488.65,176.14368723678896,2541.47
2020-04-10,2578.28,2818.57,2574.57,2789.82,177.41199529130404,2488.65
2020-04-17,2782.46,2879.22,2721.17,2874.56,188.30542419906803,2789.82
2020-04-24,2845.62,2868.98,2727.1,2836.74,186.14432247056314,2874.56
2020-05-01,2854.65,2954.86,2821.61,2830.71,183.38115657980865,2836.74
2020-05-08,2815.01,2932.16,2797.85,2929.8,179.80035968125088,2830.71
2020-05-15,2915.46,2945.82,2766.64,2863.7,176.55104827544727,2929.8
2020-05-22,2913.86,2980.29,2913.86,2955.45,176.73883054148678,2863.7
2020-05-29,3004.08,3068.67,2969.75,3044.31,172.44248550280915,2955.45
2020-06-05,3038.78,3211.72,3031.54,3193.93,168.21230796689423,3044.31
2020-06-12,3199.92,3233.13,2984.47,3041.31,169.06714311211604,3193.93
2020-06-19,2993.76,3155.53,2965.66,3097.74,174.75234717553633,3041.31
2020-06-26,3094.42,3154.9,3004.63,3009.05,175.8321795201409,3097.74
2020-07-03,3018.59,3165.81,2999.74,3130.01,174.00630955441656,3009.05
2020-07-10,3155.29,3186.82,3115.7,3185.04,173.43943030052966,3130.01
2020-07-17,3205.08,3238.28,3127.66,3224.73,166.13089956477756,3185.04
2020-07-24,3224.29,3279.99,3200.05,3215.63,162.1658353101506,3224.73
2020-07-31,3219.84,3272.17,3204.13,3271.12,156.29256135942555,3215.63
2020-08-07,3288.26,3352.54,3284.53,3351.28,149.98880697660942,3271.12
2020-08-14,3356.04,3387.89,3326.44,3372.85,145.09103504970875,3351.28
2020-08-21,3380.86,3399.96,3354.69,3397.16,139.11667540330097,3372.85
2020-08-28,3418.09,3509.23,3413.13,3508.01,132.41334144592233,3397.16
2020-09-04,3509.73,3588.11,3349.63,3426.96,130.96024562835646,3508.01
2020-09-11,3371.88,3425.55,3310.47,3340.97,138.64022808347386,3426.96
2020-09-18,3363.56,3428.92,3292.4,3319.47,137.05806893465433,3340.97
2020-09-25,3285.57,3323.35,3209.45,3298.46,137.0196354393219,3319.47
2020-10-02,3333.9,3397.18,3323.69,3348.42,135.36823290794177,3298.46
2020-10-09,3367.27,3482.34,3354.54,3477.14,132.75050198594593,3348.42
2020-10-16,3500.02,3549.85,3440.89,3483.81,132.83403755837836,3477.14
2020-10-23,3493.66,3502.42,3415.34,3465.39,131.12874916135135,3483.81
2020-10-30,3441.42,3441.42,3233.94,3269.96,127.98240993554055,3465.39
2020-11-06,3296.2,3529.05,3279.74,3509.44,135.3729520830019,3269.96
2020-11-13,3583.04,3645.99,3511.91,3585.15,144.2098840770732,3509.44
2020-11-20,3600.16,3628.51,3543.84,3557.54,143.6627495001394,3585.15
2020-11-27,3566.82,3644.31,3552.77,3638.35,139.44898167870087,3557.54
2020-12-04,3634.18,3699.2,3594.39,3699.12,136.02691155879367,3638.35
2020-12-11,3694.73,3712.39,3633.4,3663.46,133.79713216173698,3699.12
2020-12-18,3675.27,3726.7,3645.84,3709.41,129.88233700732718,3663.46
2020-12-25,3684.28,3711.24,3636.48,3703.06,126.38074150680379,3709.41
2021-01-01,3723.03,3760.2,3723.03,3756.07,122.69354568488923,3703.06
2021-01-08,3764.61,3826.69,3662.71,3824.68,118.01114956453999,3756.07
2021-01-15,3803.14,3823.6,3749.62,3768.25,121.29463888135857,3824.68
2021-01-22,3781.88,3861.45,3780.37,3841.47,117.99216467554723,3768.25
2021-01-29,3851.68,3870.9,3694.12,3714.24,116.22129577015099,3841.47
2021-02-05,3731.17,3894.56,3725.62,3886.83,120.5469175008545,3714.24
2021-02-12,3892.59,3937.23,3884.94,3934.83,124.81642339365062,3886.83
2021-02-19,3939.61,3950.43,3885.03,3906.71,119.63596457981843,3934.83
2021-02-26,3885.55,3928.65,3789.54,3811.15,115.76196710983139,3906.71
2021-03-05,3842.51,3914.5,3723.34,3841.94,117.42968374484344,3811.15
2021-03-12,3844.39,3960.27,3819.25,3943.34,122.69613490592604,3841.94
2021-03-19,3942.96,3983.87,3886.75,3913.1,124.00498241264562,3943.34
2021-03-26,3916.48,3978.19,3853.5,3974.54,122.08462652602806,3913.1
2021-04-02,3969.31,4020.63,3943.25,4019.87,122.27072463131178,3974.54
2021-04-09,4034.44,4129.48,4034.44,4128.8,119.0642443005038,4019.87
2021-04-16,4124.71,4191.31,4114.82,4185.47,118.38894113618208,4128.8
2021-04-23,4179.8,4194.17,4118.38,4180.17,115.39615962645485,4185.47
2021-04-30,4185.03,4218.78,4174.85,4181.17,112.56714822456522,4180.17
2021-05-07,4191.98,4238.04,4128.59,4232.6,107.66449477995337,4181.17
2021-05-14,4228.29,4236.39,4056.88,4173.85,107.79203086709956,4232.6
2021-05-21,4169.92,4188.72,4061.41,4155.86,112.91474294802103,4173.85
2021-05-28,4170.16,4218.36,4170.16,4204.11,113.94297559459098,4155.86
2021-06-04,4216.52,4234.12,4167.93,4229.89,110.26847733783447,4204.11
2021-06-11,4229.34,4249.74,4208.41,4247.44,107.12001467084627,4229.89
2021-06-18,4248.31,4257.16,4164.4,4166.45,102.42072790864296,4247.44
2021-06-25,4173.4,4286.12,4173.4,4280.7,101.73067591516848,4166.45
2021-07-02,4284.9,4355.43,4274.67,4352.34,103.01205620694216,4280.7
2021-07-09,4356.46,4371.6,4289.37,4369.55,101.42262362073203,4352.34
2021-07-16,4372.41,4393.68,4322.53,4327.16,100.05172193353692,4369.55
2021-07-23,4296.4,4415.18,4233.13,4411.79,97.98731322399861,4327.16
2021-07-30,4409.58,4429.97,4372.51,4395.26,103.99179085085586,4411.79
2021-08-06,4406.86,4440.82,4373.0,4436.52,100.66809150436617,4395.26
2021-08-13,4437.77,4468.37,4424.74,4468.0,98.32179925405428,4436.52
2021-08-20,4461.65,4480.26,4367.73,4441.67,94.415242164479,4468.0
2021-08-27,4450.29,4513.33,4450.29,4509.37,95.70915343844483,4441.67
2021-09-03,4513.76,4545.85,4513.76,4535.43,93.9913567642702,4509.37
2021-09-10,4535.38,4535.38,4457.66,4458.58,89.8834027096795,4535.43
2021-09-17,4474.81,4492.99,4427.76,4432.99,89.01815965898814,4458.58
2021-09-24,4402.95,4465.4,4305.91,4455.48,87.31900539763181,4432.99
2021-10-01,4442.12,4457.3,4288.52,4357.04,92.4740764406581,4455.48
2021-10-08,4348.84,4429.97,4278.94,4391.34,97.92449955203963,4357.04
2021-10-15,4385.44,4475.82,4329.92,4471.37,101.71774958403685,4391.34
2021-10-22,4463.72,4559.67,4447.47,4544.9,104.87362461374849,4471.37
2021-10-29,4553.69,4608.08,4537.36,4605.38,105.39693714133787,4544.9
2021-11-05,4610.62,4718.5,4595.06,4697.53,102.92001305981375,4605.38
2021-11-12,4701.48,4714.92,4630.86,4682.85,104.38572641268418,4697.53
2021-11-19,4689.3,4717.75,4672.78,4697.96,102.9338888117782,4682.85
2021-11-26,4712.0,4743.83,4585.43,4594.62,98.79361103950836,4697.96
2021-12-03,4628.75,4672.95,4495.12,4538.43,103.05121025097203,4594.62
2021-12-10,4548.37,4713.57,4540.51,4712.02,108.3925523759026,4538.43
2021-12-17,4710.3,4731.99,4600.22,4620.64,113.16022720619523,4712.02
2021-12-24,4587.9,4740.74,4531.1,4725.79,114.48949669146697,4620.64
2021-12-31,4733.99,4808.93,4733.99,4766.18,121.285961213505,4725.79
2022-01-07,4778.14,4818.62,4662.74,4677.03,118.56124969825467,4766.18
2022-01-14,4655.34,4748.83,4582.24,4662.85,121.22687471980792,4677.03
2022-01-21,4632.24,4632.24,4395.34,4397.94,124.46709795410737,4662.85
2022-01-28,4356.32,4453.23,4222.62,4431.85,134.68444810024258,4397.94
2022-02-04,4431.79,4595.31,4414.02,4500.53,141.53627323593952,4431.85
2022-02-11,4505.75,4590.03,4401.41,4418.64,144.37582514765813,4500.53
2022-02-18,4412.61,4489.55,4327.22,4348.87,147.5361233513968,4418.64
2022-02-25,4332.74,4385.34,4114.65,4384.65,148.59282882629705,4348.87
2022-03-04,4354.17,4416.78,4279.54,4328.87,157.31405533870443,4384.65
2022-03-11,4327.01,4327.01,4157.87,4204.31,155.88019424308268,4328.87
2022-03-18,4202.75,4465.4,4161.72,4463.12,156.9601803685768,4204.31
2022-03-25,4462.4,4546.03,4424.3,4543.06,167.440167485107,4463.12
2022-04-01,4541.09,4637.3,4507.57,4545.86,164.17515552188505,4543.06
2022-04-08,4547.97,4593.45,4450.04,4488.28,161.71478727032186,4545.86
2022-04-15,4462.64,4471.0,4381.34,4392.59,160.40730246529887,4488.28
2022-04-22,4385.63,4512.94,4267.62,4271.78,156.5882094320632,4392.59
2022-04-29,4255.34,4308.45,4124.28,4131.93,162.92619447263007,4271.78
2022-05-06,4130.61,4307.66,4062.51,4123.34,164.4436091531565,4131.93
2022-05-13,4081.27,4081.27,3858.87,4023.89,170.20835135650242,4123.34
2022-05-20,4013.02,4090.72,3810.32,3901.36,176.9413262596094,4023.89
2022-05-27,3919.42,4158.49,3875.13,4158.24,184.33123152678016,3901.36
2022-06-03,4151.09,4177.51,4073.85,4108.54,191.40471498915298,4158.24
2022-06-10,4134.72,4168.78,3900.16,3900.86,185.13723534707066,4108.54
2022-06-17,3838.15,3838.15,3636.87,3674.84,191.10028996513702,3900.86
2022-06-24,3715.31,3913.65,3715.31,3911.74,196.3066978247701,3674.84
2022-07-01,3920.76,3945.86,3738.67,3825.33,199.34264798014368,3911.74
2022-07-08,3792.61,3918.5,3742.06,3899.38,199.90317312441917,3825.33
2022-07-15,3880.94,3880.94,3721.56,3863.16,198.22723218696066,3899.38
2022-07-22,3883.79,4012.44,3818.63,3961.63,196.7695727450349,3863.16
2022-07-29,3965.72,4140.15,3910.74,4130.29,196.55817469181815,3961.63
2022-08-05,4112.38,4167.66,4079.81,4145.19,198.90473364240256,4130.29
2022-08-12,4155.93,4280.47,4112.09,4280.15,190.97225266794524,4145.19
2022-08-19,4269.37,4325.28,4218.7,4228.48,189.35852033452062,4280.15
2022-08-26,4195.08,4203.04,4057.66,4057.66,183.44576888205486,4228.48
2022-09-02,4034.58,4062.99,3903.65,3924.26,182.54392824762235,4057.66
2022-09-09,3930.89,4076.81,3886.75,4067.36,180.8865048013636,3924.26
2022-09-16,4083.67,4119.28,3837.08,3873.33,181.54175445840906,4067.36
2022-09-23,3849.91,3907.07,3647.47,3693.23,188.73162913995125,3873.33
2022-09-30,3682.72,3736.74,3584.13,3585.62,193.79365562995477,3693.23
2022-10-07,3609.78,3806.91,3604.93,3639.66,190.85196594210083,3585.62
2022-10-14,3647.51,3712.0,3491.58,3583.07,193.02611123195078,3639.66
2022-10-21,3638.65,3762.79,3638.65,3752.75,194.98281757252573,3583.07
2022-10-28,3762.01,3905.42,3741.65,3901.06,193.89261631734533,3752.75
2022-11-04,3881.85,3911.79,3698.15,3770.55,191.7410008661064,3901.06
2022-11-11,3780.71,4001.48,3744.22,3992.93,193.30521508995594,3770.55
2022-11-18,3977.97,4028.84,3906.54,3965.34,197.87341401210196,3992.93
2022-11-25,3956.23,4034.02,3933.34,4026.12,192.47531301123755,3965.34
2022-12-02,4005.36,4100.51,3937.65,4071.7,185.91850493900628,4026.12
2022-12-09,4052.02,4052.45,3918.39,3934.38,184.27146887193442,4071.7
2022-12-16,3939.29,4100.96,3827.91,3852.36,182.05993538108194,3934.38
2022-12-23,3853.79,3889.82,3764.49,3844.82,188.55922571100467,3852.36
2022-12-30,3843.34,3858.19,3780.78,3839.5,184.04285244593294,3844.82
2023-01-06,3853.29,3906.19,3794.33,3895.08,176.42622012836628,3839.5
2023-01-13,3910.82,4003.95,3877.29,3999.09,171.8143472620544,3895.08
2023-01-20,3999.28,4015.39,3885.54,3972.61,168.58903674333624,3999.09
2023-01-27,3978.14,4094.21,3949.06,4070.56,165.8219626902408,3972.61
2023-02-03,4049.27,4195.44,4015.55,4136.48,164.3453939266522,4070.56
2023-02-10,4119.57,4176.54,4060.79,4090.46,165.4557229318913,4136.48
2023-02-17,4096.62,4159.77,4047.95,4079.09,161.90531415104192,4090.46
2023-02-24,4052.35,4052.35,3943.08,3970.04,158.32779171168184,4079.09
2023-03-03,3992.36,4048.29,3928.16,4045.64,156.733663732276,3970.04
2023-03-10,4055.15,4078.49,3846.32,3861.59,154.11911632282772,4045.64
2023-03-17,3835.12,3964.46,3808.86,3916.64,159.6941794426257,3861.59
2023-03-24,3917.47,4039.49,3909.16,3970.99,159.40173805386672,3916.64
2023-03-31,3982.93,4110.75,3951.53,4109.31,157.3251853357334,3970.99
2023-04-07,4102.2,4133.13,4069.84,4105.02,157.46052924032386,4109.31
2023-04-14,4085.2,4163.19,4072.55,4137.64,150.73406286601502,4105.02
2023-04-21,4137.17,4169.48,4113.86,4133.52,146.44162980415678,4137.64
2023-04-28,4132.07,4170.06,4049.35,4169.48,139.95437053243128,4133.52
2023-05-05,4166.79,4186.92,4048.28,4136.25,138.57977263725766,4169.48
2023-05-12,4136.98,4154.28,4098.92,4124.08,138.58407459173924,4136.25
2023-05-19,4126.65,4212.91,4109.86,4191.98,132.63949783518643,4124.08
2023-05-26,4190.78,4212.87,4103.98,4205.45,130.52596227553028,4191.98
2023-06-02,4226.71,4290.67,4166.15,4282.37,128.9805363987067,4205.45
2023-06-09,4282.99,4322.62,4261.07,4298.86,128.66192665594198,4282.37
2023-06-16,4308.32,4448.47,4304.37,4409.59,123.868217609089,4298.86
2023-06-23,4396.11,4400.15,4341.34,4348.33,125.70691635129697,4409.59
2023-06-30,4344.84,4458.48,4328.08,4450.38,121.6028508976329,4348.33
2023-07-07,4450.48,4456.46,4385.05,4398.95,122.2312186906591,4450.38
2023-07-14,4394.23,4527.76,4389.92,4505.42,118.6011316413263,4398.95
2023-07-21,4508.86,4578.43,4504.9,4536.34,119.97533652408872,4505.42
2023-07-28,4543.39,4607.07,4528.56,4582.23,116.65781248665385,4536.34
2023-08-04,4584.82,4594.22,4474.55,4478.03,113.93296873760711,4582.23
2023-08-11,4491.58,4527.37,4443.98,4464.05,114.34275668492089,4478.03
2023-08-18,4458.13,4490.33,4335.31,4369.71,112.13184549314084,4464.05
2023-08-25,4380.28,4458.3,4356.29,4405.71,115.1952851007736,4369.71
2023-09-01,4426.03,4541.25,4414.98,4515.77,114.25347902214693,4405.71
2023-09-08,4510.06,4514.29,4430.46,4457.49,115.7739448062793,4515.77
2023-09-15,4480.98,4511.99,4447.21,4450.32,113.59794874868795,4457.49
2023-09-22,4445.13,4466.36,4316.49,4320.06,110.11095240949595,4450.32
2023-09-29,4310.62,4338.51,4238.63,4288.05,112.95088438024624,4320.06
2023-10-06,4284.52,4324.1,4216.45,4308.5,112.01724978165723,4288.05
2023-10-13,4289.02,4385.85,4283.79,4327.78,111.70530336868175,4308.5
2023-10-20,4342.37,4393.57,4223.03,4224.16,111.01635312806167,4327.78
2023-10-27,4210.4,4259.38,4103.78,4117.37,115.26804219034298,4224.16
2023-11-03,4139.39,4373.62,4132.94,4358.34,118.14889631960423,4117.37
2023-11-10,4364.27,4418.03,4343.94,4415.24,128.01326086820393,4358.34
2023-11-17,4406.66,4521.17,4393.82,4514.02,124.16159937761795,4415.24
2023-11-24,4511.7,4568.43,4510.36,4559.34,124.38934227921669,4514.02
2023-12-01,4554.86,4599.39,4537.24,4594.63,119.65224640212983,4559.34
2023-12-08,4564.37,4609.23,4546.5,4604.37,115.54494308769203,4594.63
2023-12-15,4593.39,4738.57,4593.39,4719.19,111.77244715285686,4604.37
2023-12-22,4725.58,4778.01,4697.82,4754.63,114.15870092765275,4719.19
2023-12-29,4758.86,4793.3,4751.99,4769.83,111.73236514710615,4754.63
2024-01-05,4745.2,4754.33,4682.11,4697.24,106.70219620802717,4769.83
2024-01-12,4703.7,4802.4,4699.82,4783.83,105.34632505031098,4697.24
2024-01-19,4772.35,4842.07,4714.82,4839.81,105.3330161181459,4783.83
2024-01-26,4853.42,4906.69,4844.05,4890.97,106.89851496684977,4839.81
2024-02-02,4892.95,4975.29,4845.15,4958.61,104.04004961207474,4890.97
2024-02-09,4957.19,5030.06,4918.09,5026.61,105.90433178264085,4958.61
2024-02-16,5026.83,5048.39,4920.31,5005.57,106.33759379816652,5026.61
2024-02-23,4989.32,5111.06,4946.0,5088.8,107.89062281258319,5005.57
2024-03-01,5093.0,5140.33,5057.29,5137.08,111.97414975454157,5088.8
2024-03-08,5130.99,5189.26,5056.82,5123.69,109.90742477207432,5137.08
2024-03-15,5111.96,5179.87,5091.14,5117.09,111.51689443121191,5123.69
2024-03-22,5154.77,5261.1,5131.59,5234.18,109.88925911469676,5117.09
2024-03-29,5219.52,5264.85,5203.42,5254.35,112.32645489221844,5234.18
2024-04-05,5257.97,5263.95,5146.06,5204.34,108.69099382848857,5254.35
2024-04-12,5211.37,5224.81,5107.94,5123.41,109.3480656978822,5204.34
2024-04-19,5149.67,5168.43,4953.56,4967.23,109.8853467194621,5123.41
2024-04-26,4987.33,5114.62,4969.4,5099.96,117.38425052521481,4967.23
2024-05-03,5114.13,5139.12,5011.05,5127.79,119.52751834484235,5099.96
2024-05-10,5142.42,5239.66,5142.42,5222.68,120.13769560592502,5127.79
2024-05-17,5233.08,5325.49,5211.16,5303.27,119.54714591978751,5222.68
2024-05-24,5305.35,5341.88,5256.93,5304.72,119.1744926398027,5303.27
2024-05-31,5315.91,5315.91,5191.68,5277.51,116.72988602267392,5304.72
2024-06-07,5297.15,5375.08,5234.32,5346.99,117.26560844962576,5277.51
2024-06-14,5341.22,5447.25,5327.25,5431.6,118.9437792746525,5346.99
2024-06-21,5431.11,5505.53,5420.4,5464.62,119.01922361217733,5431.6
2024-06-28,5459.58,5523.64,5446.56,5460.48,116.5985647827361,5464.62
2024-07-05,5471.08,5570.33,5446.53,5567.19,113.7758101553978,5460.48
2024-07-12,5572.75,5655.56,5562.51,5615.35,114.49182371572655,5567.19
2024-07-19,5638.16,5669.67,5497.04,5505.0,112.96026487888896,5615.35
2024-07-26,5544.54,5585.34,5390.95,5459.1,117.22238881611119,5505.0
2024-08-02,5476.55,5566.16,5302.03,5346.56,122.73436104353185,5459.1
2024-08-09,5151.14,5358.67,5119.26,5344.16,132.83404954042243,5346.56
2024-08-16,5351.88,5561.98,5324.37,5554.25,140.44661743039225,5344.16
2024-08-23,5557.23,5643.22,5550.74,5634.61,147.38685904250707,5554.25
2024-08-30,5639.66,5651.62,5560.95,5648.4,143.4649405394709,5634.61
2024-09-06,5623.89,5623.89,5402.62,5408.42,139.69387335808014,5648.4
2024-09-13,5442.07,5636.27,5406.96,5626.02,147.27145383250297,5408.42
2024-09-20,5615.21,5733.57,5604.53,5702.55,153.13134998732423,5626.02
2024-09-27,5711.9,5767.37,5698.99,5738.17,151.41053927394393,5702.55
2024-10-04,5726.52,5765.14,5674.0,5751.07,145.4797864686622,5738.17
2024-10-11,5737.8,5822.13,5686.85,5815.03,141.59837314947208,5751.07
2024-10-18,5829.81,5878.46,5804.48,5864.67,141.14706078165264,5815.03
2024-10-25,5857.82,5866.92,5762.41,5808.12,136.3494135829632,5864.67
2024-11-01,5833.93,5850.94,5702.86,5728.8,134.0751697556087,5808.12
2024-11-08,5725.15,6012.45,5696.51,5995.54,135.0755147730652,5728.8
2024-11-15,6008.86,6017.31,5853.01,5870.62,147.9944065749891,5995.54
2024-11-22,5874.17,5972.9,5855.29,5969.34,149.15909181963275,5870.62
2024-11-29,5992.28,6044.17,5963.91,6032.38,146.90558526108754,5969.34
2024-12-06,6040.11,6099.97,6033.39,6090.27,142.14518631386704,6032.38
2024-12-13,6083.01,6092.59,6029.89,6051.09,136.81981586287654,6090.27
2024-12-20,6063.79,6085.19,5832.3,5930.85,131.5255433012425,6051.09
2024-12-27,5940.25,6049.75,5902.57,5970.84,140.19443306543943,5930.85
2025-01-03,5920.67,5949.34,5829.53,5942.47,140.6934021321938,5970.84
2025-01-10,5982.81,6021.04,5807.78,5827.04,140.73744483703715,5942.47
2025-01-17,5782.02,6014.96,5773.31,5996.66,145.91762734867737,5827.04
2025-01-24,6014.12,6128.18,6006.88,6101.24,152.75565396662898,5996.66
2025-01-31,5969.04,6120.91,5962.92,6040.53,151.23882154044125,6101.24
2025-02-07,5969.65,6101.28,5923.93,6025.99,151.72104857326687,6040.53
2025-02-14,6046.4,6127.47,6003.0,6114.63,153.55168796089063,6025.99
2025-02-21,6121.6,6147.43,6008.56,6013.13,151.47442453511275,6114.63
2025-02-28,6026.69,6043.65,5837.66,5954.5,150.5741084968904,6013.13
2025-03-07,5968.33,5986.09,5666.29,5770.2,154.53238646139823,5954.5
2025-03-14,5705.37,5705.37,5504.65,5638.94,166.3372159998698,5770.2
2025-03-21,5635.6,5715.33,5597.76,5667.56,173.42384342845057,5638.94
2025-03-28,5718.08,5786.95,5572.42,5580.94,169.43428318356123,5667.56
2025-04-04,5527.91,5695.31,5069.9,5074.08,172.65540581330683,5580.94
2025-04-11,4953.79,5481.34,4835.04,5363.36,204.995019683785,5074.08
2025-04-18,5441.96,5459.46,5220.79,5282.7,236.51680399208607,5363.36
2025-04-25,5232.94,5528.11,5101.63,5525.21,236.67060370693707,5282.7
2025-05-02,5529.22,5700.7,5433.24,5686.67,250.2284177278701,5525.21
2025-05-09,5655.32,5720.1,5578.64,5659.91,251.45924503302223,5686.67
2025-05-16,5807.2,5958.62,5786.08,5958.38,243.60215610209207,5659.91
2025-05-23,5902.88,5968.61,5767.41,5802.82,247.53843066622835,5958.38
2025-05-30,5854.07,5943.13,5843.66,5911.69,244.22854276149775,5802.82
2025-06-06,5896.68,6016.87,5861.43,6000.36,236.80578970710508,5911.69
2025-06-13,6004.63,6059.4,5963.21,5976.97,230.993947585169,6000.36
2025-06-20,6004.0,6050.83,5952.56,5967.84,221.36509418622833,5976.97
2025-06-27,5969.67,6187.68,5943.23,6173.07,212.57258745864056,5967.84
2025-07-04,6193.36,6284.65,6174.97,6279.35,214.84954549730915,6173.07
2025-07-11,6259.04,6290.22,6201.0,6259.75,207.47314939035851,6279.35
2025-07-18,6255.15,6315.61,6201.59,6296.79,199.0264958624758,6259.75
2025-07-25,6304.74,6395.82,6281.71,6388.64,192.95460330087036,6296.79
2025-08-01,6397.69,6427.02,6212.69,6238.01,187.32284592223675,6388.64
2025-08-08,6271.71,6395.16,6271.71,6389.45,189.25192835636275,6238.01
2025-08-15,6389.67,6481.34,6364.06,6449.8,186.9589334737654,6389.45
2025-08-22,6445.02,6478.89,6343.86,6466.91,181.98186679706785,6449.8
2025-08-29,6457.67,6508.23,6429.21,6460.26,178.62816202584875,6466.91
2025-09-05,6401.51,6532.65,6360.58,6481.5,171.51329330971666,6460.26
2025-09-12,6498.09,6600.21,6483.08,6584.29,171.5530580733083,6481.5
2025-09-19,6603.49,6671.82,6551.15,6664.36,167.77855392521485,6584.29
2025-09-26,6654.28,6699.52,6569.22,6643.7,164.41365721627093,6664.36
2025-10-03,6661.58,6750.87,6641.0,6715.79,161.97696741510876,6643.7
2025-10-10,6733.86,6764.58,6550.78,6552.51,158.2550411711724,6715.79
2025-10-17,6622.53,6724.12,6555.07,6664.01,162.22253823037437,6552.51
2025-10-24,6690.05,6807.11,6655.69,6791.69,162.89307121391903,6664.01
2025-10-31,6845.46,6920.34,6814.26,6840.2,162.0735661272105,6791.69
2025-11-07,6882.32,6882.32,6631.44,6728.8,159.6861685466955,6840.2
2025-11-14,6785.36,6869.91,6646.87,6734.11,166.200013650503,6728.8
2025-11-21,6713.61,6770.35,6521.92,6602.99,170.26001267546707,6734.11
2025-11-28,6636.54,6850.86,6630.7,6849.09,175.843583198648,6602.99
2025-12-05,6812.3,6895.78,6799.94,6870.4,180.9883272558874,6849.09
2025-12-12,6875.2,6903.46,6801.79,6827.41,174.9063038804669,6870.4
2025-12-19,6860.19,6861.59,6720.43,6834.5,169.67513931757642,6827.41
2025-12-26,6865.21,6945.77,6855.74,6929.94,167.63834365203525,6834.5
2026-01-02,6903.6,6920.21,6824.31,6858.47,163.61203339117563,6929.94
2026-01-09,6892.19,6978.36,6891.56,6966.28,159.47045957752016,6858.47
2026-01-16,6944.12,6986.33,6885.74,6940.01,156.64328389341154,6966.28
2026-01-23,6865.24,6934.75,6789.05,6915.61,152.639477901025,6940.01
2026-01-30,6923.23,7002.28,6870.8,6939.03,152.51951519380896,6915.61
2026-02-06,6916.64,6993.08,6780.13,6932.3,151.01669267996544,6939.03
2026-02-13,6917.26,6993.48,6794.55,6836.17,155.44050034568218,6932.3
2026-02-20,6819.86,6915.86,6775.5,6909.51,158.54689317813342,6836.17
2026-02-27,6901.25,6952.51,6815.43,6878.88,157.2478293796953,6909.51
2026-03-06,6824.36,6901.01,6710.42,6740.02,155.8072701382885,6878.88
2026-03-13,6699.8,6845.08,6623.92,6632.19,158.29175084269647,6740.02
2026-03-20,6674.37,6754.3,6473.52,6506.48,162.78234006821816,6632.19
2026-03-27,6574.96,6651.62,6356.08,6368.85,171.2107443490597,6506.48
2026-04-03,6403.37,6609.67,6316.91,6582.69,180.09140546698399,6368.85
2026-04-10,6587.66,6845.77,6534.55,6816.89,188.1391622193423,6582.69
2026-04-17,6806.47,7147.52,6790.02,7126.06,196.93065063224645,6816.89
2026-04-24,7117.05,7168.59,7046.55,7165.08,208.3998898728003,7126.06
2026-05-01,7152.72,7272.52,7107.86,7230.12,202.2313263104574,7165.08
2026-05-08,7228.38,7401.5,7174.12,7398.93,199.5476601454248,7230.12
2026-05-15,7385.31,7517.12,7338.54,7408.5,201.5356844207516,7398.93
2026-05-22,7415.07,7506.32,7333.68,7473.47,199.8959926764122,7408.5
2026-05-29,7511.79,7599.38,7499.72,7580.06,197.9491360566684,7473.47
2026-06-05,7582.29,7620.9,7368.63,7383.74,192.80348348119207,7580.06
2026-06-12,7440.57,7483.15,7237.85,7431.46,197.05109180396403,7383.74
2026-06-19,7516.75,7577.92,7402.61,7500.58,200.49744238939513,7431.46
2026-06-26,7500.44,7530.01,7294.18,7354.02,198.69833936158122,7500.58
2026-07-03,7391.88,7540.75,7348.88,7483.24,201.350600835754,7354.02
2026-07-10,7506.96,7579.93,7421.82,7575.39,200.67341506177155,7483.24
2026-07-17,7547.53,7581.5,7431.26,7457.69,197.63317112878792,7575.39
2026-07-24,7489.18,7525.94,7376.0,7411.98,194.24794461958876,7457.69
2026-07-31,7464.2,7512.04,7313.92,7489.72,191.08309143247527,7411.98
2026-08-07,7504.78,7793.68,7504.78,7757.64,191.58572775872705,7489.72
2026-08-14,7751.74,7773.76,7717.25,7728.2,199.61246149024655,7757.64
