entry,exp,fib,short_k,wing_k,stop_ts
2012-11-05,2012-11-09,1.0,1380.0,1360.0,2012-11-08 15:59:00
2012-11-05,2012-11-09,1.118,1380.0,1360.0,2012-11-09 09:30:00
2013-08-26,2013-08-30,1.0,1625.0,1605.0,2013-08-28 09:35:00
2013-10-07,2013-10-11,1.0,1655.0,1635.0,2013-10-08 15:59:00
2013-10-07,2013-10-11,1.118,1655.0,1635.0,2013-10-09 10:59:00
2013-10-07,2013-10-11,1.236,1655.0,1635.0,2013-10-09 11:21:00
2014-01-21,2014-01-24,1.0,1805.0,1785.0,2014-01-24 10:41:00
2014-01-21,2014-01-24,1.118,1805.0,1785.0,2014-01-24 11:09:00
2014-01-21,2014-01-24,1.236,1805.0,1785.0,2014-01-24 14:03:00
2014-01-21,2014-01-24,1.382,1805.0,1785.0,2014-01-24 15:13:00
2014-01-21,2014-01-24,1.5,1805.0,1785.0,2014-01-24 15:59:00
2014-02-03,2014-02-07,1.0,1750.0,1725.0,2014-02-03 13:08:00
2014-02-03,2014-02-07,1.118,1750.0,1725.0,2014-02-03 13:40:00
2014-02-03,2014-02-07,1.236,1750.0,1725.0,2014-02-03 14:54:00
2014-03-10,2014-03-14,1.0,1840.0,1820.0,2014-03-13 15:09:00
2014-04-07,2014-04-11,1.0,1830.0,1805.0,2014-04-11 09:30:00
2014-04-07,2014-04-11,1.118,1830.0,1805.0,2014-04-11 09:30:00
2014-04-07,2014-04-11,1.236,1830.0,1805.0,2014-04-11 09:35:00
2014-04-07,2014-04-11,1.382,1830.0,1805.0,2014-04-11 14:49:00
2014-07-28,2014-08-01,1.0,1945.0,1925.0,2014-07-31 10:57:00
2014-07-28,2014-08-01,1.118,1945.0,1925.0,2014-07-31 11:52:00
2014-07-28,2014-08-01,1.236,1945.0,1925.0,2014-07-31 14:47:00
2014-07-28,2014-08-01,1.382,1945.0,1925.0,2014-07-31 15:20:00
2014-07-28,2014-08-01,1.5,1945.0,1925.0,2014-08-01 09:30:00
2014-09-22,2014-09-26,1.0,1975.0,1955.0,2014-09-25 10:21:00
2014-09-22,2014-09-26,1.118,1975.0,1955.0,2014-09-25 10:40:00
2014-09-22,2014-09-26,1.236,1975.0,1955.0,2014-09-25 10:46:00
2014-09-29,2014-10-03,1.0,1950.0,1925.0,2014-10-01 13:37:00
2014-09-29,2014-10-03,1.118,1950.0,1925.0,2014-10-01 14:59:00
2014-09-29,2014-10-03,1.236,1950.0,1925.0,2014-10-02 10:42:00
2014-09-29,2014-10-03,1.382,1950.0,1925.0,2014-10-02 11:30:00
2014-09-29,2014-10-03,1.5,1950.0,1925.0,2014-10-02 11:37:00
2014-10-06,2014-10-10,1.0,1930.0,1910.0,2014-10-08 10:04:00
2014-10-06,2014-10-10,1.118,1930.0,1910.0,2014-10-08 10:58:00
2014-10-06,2014-10-10,1.236,1930.0,1910.0,2014-10-10 10:14:00
2014-10-06,2014-10-10,1.382,1930.0,1910.0,2014-10-10 10:25:00
2014-10-06,2014-10-10,1.5,1930.0,1910.0,2014-10-10 15:47:00
2014-12-08,2014-12-12,1.0,2035.0,2010.0,2014-12-09 10:32:00
2014-12-08,2014-12-12,1.118,2035.0,2010.0,2014-12-10 14:24:00
2014-12-08,2014-12-12,1.236,2035.0,2010.0,2014-12-10 14:59:00
2014-12-08,2014-12-12,1.382,2035.0,2010.0,2014-12-12 10:59:00
2014-12-08,2014-12-12,1.5,2035.0,2010.0,2014-12-12 15:35:00
2015-01-05,2015-01-09,1.0,2015.0,1985.0,2015-01-06 11:19:00
2015-01-05,2015-01-09,1.118,2015.0,1985.0,2015-01-06 11:36:00
2015-01-05,2015-01-09,1.236,2015.0,1985.0,2015-01-06 12:02:00
2015-01-05,2015-01-09,1.382,2015.0,1985.0,2015-01-06 13:21:00
2015-01-26,2015-01-30,1.0,2000.0,1970.0,2015-01-28 15:43:00
2015-01-26,2015-01-30,1.118,2000.0,1970.0,2015-01-29 09:44:00
2015-01-26,2015-01-30,1.236,2000.0,1970.0,2015-01-29 10:41:00
2015-03-23,2015-03-27,1.0,2060.0,2025.0,2015-03-26 09:30:00
2015-03-23,2015-03-27,1.118,2060.0,2025.0,2015-03-26 09:30:00
2015-03-23,2015-03-27,1.236,2060.0,2025.0,2015-03-26 10:15:00
2015-06-29,2015-07-02,1.0,2060.0,2030.0,2015-06-29 15:45:00
2015-07-20,2015-07-24,1.0,2080.0,2055.0,2015-07-24 13:35:00
2015-07-20,2015-07-24,1.118,2080.0,2055.0,2015-07-24 14:15:00
2015-08-24,2015-08-28,1.0,1920.0,1885.0,2015-08-24 10:01:00
2015-08-24,2015-08-28,1.118,1920.0,1885.0,2015-08-24 10:01:00
2015-08-24,2015-08-28,1.236,1920.0,1885.0,2015-08-24 10:01:00
2015-08-24,2015-08-28,1.382,1920.0,1885.0,2015-08-24 10:01:00
2015-08-24,2015-08-28,1.5,1920.0,1885.0,2015-08-24 10:01:00
2015-08-31,2015-09-04,1.0,1930.0,1895.0,2015-09-01 09:30:00
2015-08-31,2015-09-04,1.118,1930.0,1895.0,2015-09-01 10:05:00
2015-08-31,2015-09-04,1.236,1930.0,1895.0,2015-09-01 13:13:00
2015-08-31,2015-09-04,1.382,1930.0,1895.0,2015-09-01 15:38:00
2015-08-31,2015-09-04,1.5,1930.0,1895.0,2015-09-01 15:43:00
2015-11-09,2015-11-13,1.0,2040.0,2005.0,2015-11-13 09:45:00
2015-11-09,2015-11-13,1.118,2040.0,2005.0,2015-11-13 10:07:00
2015-11-09,2015-11-13,1.236,2040.0,2005.0,2015-11-13 14:48:00
2015-12-07,2015-12-11,1.0,2035.0,1995.0,2015-12-11 09:30:00
2015-12-07,2015-12-11,1.118,2035.0,1995.0,2015-12-11 09:30:00
2015-12-07,2015-12-11,1.236,2035.0,1995.0,2015-12-11 12:06:00
2015-12-07,2015-12-11,1.382,2035.0,1995.0,2015-12-11 15:19:00
2016-01-04,2016-01-08,1.0,1985.0,1945.0,2016-01-06 09:30:00
2016-01-04,2016-01-08,1.118,1985.0,1945.0,2016-01-06 15:02:00
2016-01-04,2016-01-08,1.236,1985.0,1945.0,2016-01-07 09:30:00
2016-01-04,2016-01-08,1.382,1985.0,1945.0,2016-01-07 09:30:00
2016-01-04,2016-01-08,1.5,1985.0,1945.0,2016-01-07 09:32:00
2016-01-19,2016-01-22,1.0,1815.0,1770.0,2016-01-20 12:24:00
2016-02-01,2016-02-05,1.0,1870.0,1830.0,2016-02-03 10:37:00
2016-02-08,2016-02-12,1.0,1810.0,1770.0,2016-02-11 14:36:00
2016-10-31,2016-11-04,1.0,2085.0,2060.0,2016-11-04 09:31:00
2017-03-20,2017-03-24,1.0,2340.0,2320.0,2017-03-22 09:30:00
2017-03-20,2017-03-24,1.118,2340.0,2320.0,2017-03-22 10:11:00
2017-03-20,2017-03-24,1.236,2340.0,2320.0,2017-03-24 15:15:00
2017-05-15,2017-05-19,1.0,2355.0,2335.0,2017-05-17 15:49:00
2017-06-26,2017-06-30,1.0,2405.0,2380.0,2017-06-29 13:29:00
2017-08-07,2017-08-11,1.0,2445.0,2425.0,2017-08-10 12:35:00
2017-08-07,2017-08-11,1.118,2445.0,2425.0,2017-08-10 15:32:00
2018-01-29,2018-02-02,1.0,2835.0,2810.0,2018-01-30 09:30:00
2018-01-29,2018-02-02,1.118,2835.0,2810.0,2018-01-30 09:30:00
2018-01-29,2018-02-02,1.236,2835.0,2810.0,2018-01-30 09:30:00
2018-01-29,2018-02-02,1.382,2835.0,2810.0,2018-01-30 10:02:00
2018-01-29,2018-02-02,1.5,2835.0,2810.0,2018-01-30 10:05:00
2018-02-05,2018-02-09,1.0,2720.0,2690.0,2018-02-05 14:25:00
2018-02-05,2018-02-09,1.118,2720.0,2690.0,2018-02-05 14:33:00
2018-02-05,2018-02-09,1.236,2720.0,2690.0,2018-02-05 14:48:00
2018-02-05,2018-02-09,1.382,2720.0,2690.0,2018-02-05 14:56:00
2018-02-05,2018-02-09,1.5,2720.0,2690.0,2018-02-05 14:57:00
2018-02-26,2018-03-02,1.0,2685.0,2650.0,2018-03-01 13:05:00
2018-02-26,2018-03-02,1.118,2685.0,2650.0,2018-03-01 13:46:00
2018-02-26,2018-03-02,1.236,2685.0,2650.0,2018-03-01 14:00:00
2018-02-26,2018-03-02,1.382,2685.0,2650.0,2018-03-01 14:12:00
2018-02-26,2018-03-02,1.5,2685.0,2650.0,2018-03-02 09:38:00
2018-03-19,2018-03-23,1.0,2680.0,2640.0,2018-03-22 09:30:00
2018-03-19,2018-03-23,1.118,2680.0,2640.0,2018-03-22 10:52:00
2018-03-19,2018-03-23,1.236,2680.0,2640.0,2018-03-22 11:35:00
2018-03-19,2018-03-23,1.382,2680.0,2640.0,2018-03-22 15:18:00
2018-03-19,2018-03-23,1.5,2680.0,2640.0,2018-03-22 15:45:00
2018-04-02,2018-04-06,1.0,2565.0,2515.0,2018-04-02 14:00:00
2018-10-08,2018-10-12,1.0,2835.0,2800.0,2018-10-10 11:21:00
2018-10-08,2018-10-12,1.118,2835.0,2800.0,2018-10-10 14:05:00
2018-10-08,2018-10-12,1.236,2835.0,2800.0,2018-10-10 14:27:00
2018-10-08,2018-10-12,1.382,2835.0,2800.0,2018-10-10 15:07:00
2018-10-08,2018-10-12,1.5,2835.0,2800.0,2018-10-10 15:12:00
2018-10-22,2018-10-26,1.0,2705.0,2670.0,2018-10-23 10:02:00
2018-10-22,2018-10-26,1.118,2705.0,2670.0,2018-10-23 10:07:00
2018-10-22,2018-10-26,1.236,2705.0,2670.0,2018-10-23 10:18:00
2018-10-22,2018-10-26,1.382,2705.0,2670.0,2018-10-24 15:02:00
2018-10-22,2018-10-26,1.5,2705.0,2670.0,2018-10-24 15:28:00
2018-11-12,2018-11-16,1.0,2705.0,2660.0,2018-11-14 11:42:00
2018-11-12,2018-11-16,1.118,2705.0,2660.0,2018-11-14 13:41:00
2018-11-12,2018-11-16,1.236,2705.0,2660.0,2018-11-14 14:04:00
2018-11-12,2018-11-16,1.382,2705.0,2660.0,2018-11-15 10:35:00
2018-11-19,2018-11-23,1.0,2660.0,2610.0,2018-11-20 09:30:00
2018-11-19,2018-11-23,1.118,2660.0,2610.0,2018-11-20 09:53:00
2018-11-19,2018-11-23,1.236,2660.0,2610.0,2018-11-20 10:13:00
2018-12-03,2018-12-07,1.0,2675.0,2625.0,2018-12-06 09:30:00
2018-12-03,2018-12-07,1.118,2675.0,2625.0,2018-12-06 09:30:00
2018-12-03,2018-12-07,1.236,2675.0,2625.0,2018-12-06 09:30:00
2018-12-03,2018-12-07,1.382,2675.0,2625.0,2018-12-06 09:54:00
2018-12-03,2018-12-07,1.5,2675.0,2625.0,2018-12-06 11:10:00
2018-12-17,2018-12-21,1.0,2510.0,2450.0,2018-12-19 15:01:00
2018-12-17,2018-12-21,1.118,2510.0,2450.0,2018-12-19 15:05:00
2018-12-17,2018-12-21,1.236,2510.0,2450.0,2018-12-20 09:41:00
2018-12-17,2018-12-21,1.382,2510.0,2450.0,2018-12-20 11:42:00
2018-12-17,2018-12-21,1.5,2510.0,2450.0,2018-12-20 11:50:00
2019-05-06,2019-05-10,1.0,2875.0,2830.0,2019-05-07 13:15:00
2019-05-06,2019-05-10,1.118,2875.0,2830.0,2019-05-07 14:31:00
2019-05-06,2019-05-10,1.236,2875.0,2830.0,2019-05-09 09:30:00
2019-05-06,2019-05-10,1.382,2875.0,2830.0,2019-05-09 09:45:00
2019-05-06,2019-05-10,1.5,2875.0,2830.0,2019-05-09 10:23:00
2019-05-13,2019-05-17,1.0,2810.0,2760.0,2019-05-13 12:26:00
2019-05-28,2019-05-31,1.0,2750.0,2705.0,2019-05-31 09:40:00
2019-07-29,2019-08-02,1.0,2955.0,2915.0,2019-08-01 13:54:00
2019-07-29,2019-08-02,1.118,2955.0,2915.0,2019-08-01 14:39:00
2019-07-29,2019-08-02,1.236,2955.0,2915.0,2019-08-02 09:31:00
2019-07-29,2019-08-02,1.382,2955.0,2915.0,2019-08-02 10:08:00
2019-07-29,2019-08-02,1.5,2955.0,2915.0,2019-08-02 10:33:00
2019-08-05,2019-08-09,1.0,2860.0,2815.0,2019-08-05 12:12:00
2019-08-05,2019-08-09,1.118,2860.0,2815.0,2019-08-05 12:49:00
2019-08-05,2019-08-09,1.236,2860.0,2815.0,2019-08-05 14:01:00
2019-08-05,2019-08-09,1.382,2860.0,2815.0,2019-08-05 14:43:00
2019-08-05,2019-08-09,1.5,2860.0,2815.0,2019-08-05 15:05:00
2019-08-12,2019-08-16,1.0,2845.0,2795.0,2019-08-14 12:58:00
2019-08-12,2019-08-16,1.118,2845.0,2795.0,2019-08-15 09:40:00
2019-08-12,2019-08-16,1.236,2845.0,2795.0,2019-08-15 13:53:00
2019-09-30,2019-10-04,1.0,2885.0,2840.0,2019-10-02 11:31:00
2019-09-30,2019-10-04,1.118,2885.0,2840.0,2019-10-02 12:46:00
2019-09-30,2019-10-04,1.236,2885.0,2840.0,2019-10-03 10:00:00
2019-09-30,2019-10-04,1.382,2885.0,2840.0,2019-10-03 10:07:00
2019-12-02,2019-12-06,1.0,3075.0,3035.0,2019-12-03 09:48:00
2020-01-27,2020-01-31,1.0,3235.0,3195.0,2020-01-31 11:38:00
2020-01-27,2020-01-31,1.118,3235.0,3195.0,2020-01-31 13:32:00
2020-01-27,2020-01-31,1.236,3235.0,3195.0,2020-01-31 15:31:00
2020-02-24,2020-02-28,1.0,3270.0,3230.0,2020-02-24 10:01:00
2020-02-24,2020-02-28,1.118,3270.0,3230.0,2020-02-24 10:01:00
2020-02-24,2020-02-28,1.236,3270.0,3230.0,2020-02-24 10:04:00
2020-02-24,2020-02-28,1.382,3270.0,3230.0,2020-02-24 10:31:00
2020-02-24,2020-02-28,1.5,3270.0,3230.0,2020-02-24 11:41:00
2020-03-09,2020-03-13,1.0,2865.0,2800.0,2020-03-09 10:01:00
2020-03-09,2020-03-13,1.118,2865.0,2800.0,2020-03-09 10:01:00
2020-03-09,2020-03-13,1.236,2865.0,2800.0,2020-03-09 10:01:00
2020-03-09,2020-03-13,1.382,2865.0,2800.0,2020-03-09 10:01:00
2020-03-09,2020-03-13,1.5,2865.0,2800.0,2020-03-09 10:02:00
2020-03-16,2020-03-20,1.0,2575.0,2495.0,2020-03-16 10:01:00
2020-03-16,2020-03-20,1.118,2575.0,2495.0,2020-03-16 10:01:00
2020-03-16,2020-03-20,1.236,2575.0,2495.0,2020-03-16 10:01:00
2020-03-16,2020-03-20,1.382,2575.0,2495.0,2020-03-16 10:01:00
2020-03-16,2020-03-20,1.5,2575.0,2495.0,2020-03-16 10:01:00
2020-06-08,2020-06-12,1.0,3025.0,2915.0,2020-06-11 14:01:00
2020-06-08,2020-06-12,1.118,3025.0,2915.0,2020-06-11 14:52:00
2020-08-31,2020-09-04,1.0,3375.0,3295.0,2020-09-04 10:36:00
2020-08-31,2020-09-04,1.118,3375.0,3295.0,2020-09-04 10:43:00
2020-10-26,2020-10-30,1.0,3335.0,3260.0,2020-10-28 09:30:00
2020-10-26,2020-10-30,1.118,3335.0,3260.0,2020-10-28 09:30:00
2020-10-26,2020-10-30,1.236,3335.0,3260.0,2020-10-28 10:04:00
2020-10-26,2020-10-30,1.382,3335.0,3260.0,2020-10-28 10:27:00
2020-10-26,2020-10-30,1.5,3335.0,3260.0,2020-10-28 15:54:00
2021-01-25,2021-01-29,1.0,3725.0,3655.0,2021-01-27 15:36:00
2021-01-25,2021-01-29,1.118,3725.0,3655.0,2021-01-29 12:34:00
2021-01-25,2021-01-29,1.236,3725.0,3655.0,2021-01-29 12:48:00
2021-02-22,2021-02-26,1.0,3790.0,3720.0,2021-02-26 10:29:00
2021-05-10,2021-05-14,1.0,4125.0,4060.0,2021-05-11 10:29:00
2021-05-10,2021-05-14,1.118,4125.0,4060.0,2021-05-11 10:38:00
2021-05-10,2021-05-14,1.236,4125.0,4060.0,2021-05-12 10:41:00
2021-05-10,2021-05-14,1.382,4125.0,4060.0,2021-05-12 11:55:00
2021-05-10,2021-05-14,1.5,4125.0,4060.0,2021-05-12 12:17:00
2021-05-17,2021-05-21,1.0,4060.0,3990.0,2021-05-19 10:10:00
2021-07-19,2021-07-23,1.0,4230.0,4170.0,2021-07-19 13:33:00
2021-08-16,2021-08-20,1.0,4375.0,4315.0,2021-08-19 09:30:00
2021-09-20,2021-09-24,1.0,4345.0,4290.0,2021-09-20 12:01:00
2021-09-20,2021-09-24,1.118,4345.0,4290.0,2021-09-20 12:58:00
2021-09-20,2021-09-24,1.236,4345.0,4290.0,2021-09-20 13:08:00
2021-09-20,2021-09-24,1.382,4345.0,4290.0,2021-09-20 14:36:00
2021-09-27,2021-10-01,1.0,4365.0,4305.0,2021-09-28 10:20:00
2021-09-27,2021-10-01,1.118,4365.0,4305.0,2021-09-28 11:15:00
2021-09-27,2021-10-01,1.236,4365.0,4305.0,2021-09-28 12:50:00
2021-09-27,2021-10-01,1.382,4365.0,4305.0,2021-09-30 11:48:00
2021-09-27,2021-10-01,1.5,4365.0,4305.0,2021-09-30 12:08:00
2021-11-22,2021-11-26,1.0,4600.0,4540.0,2021-11-26 12:54:00
2022-01-18,2022-01-21,1.0,4540.0,4460.0,2022-01-19 15:52:00
2022-01-18,2022-01-21,1.118,4540.0,4460.0,2022-01-20 15:25:00
2022-01-18,2022-01-21,1.236,4540.0,4460.0,2022-01-20 15:37:00
2022-01-18,2022-01-21,1.382,4540.0,4460.0,2022-01-20 15:53:00
2022-01-18,2022-01-21,1.5,4540.0,4460.0,2022-01-21 09:30:00
2022-01-24,2022-01-28,1.0,4265.0,4180.0,2022-01-24 11:41:00
2022-01-24,2022-01-28,1.118,4265.0,4180.0,2022-01-24 11:49:00
2022-01-24,2022-01-28,1.236,4265.0,4180.0,2022-01-24 12:15:00
2022-03-07,2022-03-11,1.0,4175.0,4075.0,2022-03-08 10:10:00
2022-05-09,2022-05-13,1.0,3955.0,3850.0,2022-05-11 13:43:00
2022-05-09,2022-05-13,1.118,3955.0,3850.0,2022-05-11 15:49:00
2022-05-09,2022-05-13,1.236,3955.0,3850.0,2022-05-12 09:30:00
2022-05-09,2022-05-13,1.382,3955.0,3850.0,2022-05-12 09:34:00
2022-05-09,2022-05-13,1.5,3955.0,3850.0,2022-05-12 14:09:00
2022-05-16,2022-05-20,1.0,3845.0,3740.0,2022-05-20 12:09:00
2022-05-16,2022-05-20,1.118,3845.0,3740.0,2022-05-20 12:45:00
2022-06-06,2022-06-10,1.0,3925.0,3810.0,2022-06-10 10:01:00
2022-06-06,2022-06-10,1.118,3925.0,3810.0,2022-06-10 15:59:00
2022-06-13,2022-06-17,1.0,3710.0,3590.0,2022-06-14 15:13:00
2022-06-13,2022-06-17,1.118,3710.0,3590.0,2022-06-16 09:38:00
2022-06-13,2022-06-17,1.236,3710.0,3590.0,2022-06-16 10:44:00
2022-06-13,2022-06-17,1.382,3710.0,3590.0,2022-06-16 14:52:00
2022-09-12,2022-09-16,1.0,3885.0,3775.0,2022-09-15 15:27:00
2022-09-12,2022-09-16,1.118,3885.0,3775.0,2022-09-16 09:30:00
2022-09-12,2022-09-16,1.236,3885.0,3775.0,2022-09-16 09:56:00
2022-09-19,2022-09-23,1.0,3685.0,3570.0,2022-09-23 11:00:00
2022-09-19,2022-09-23,1.118,3685.0,3570.0,2022-09-23 12:29:00
2022-10-31,2022-11-04,1.0,3710.0,3590.0,2022-11-03 09:51:00
2023-03-06,2023-03-10,1.0,3890.0,3795.0,2023-03-10 09:41:00
2023-03-06,2023-03-10,1.118,3890.0,3795.0,2023-03-10 13:15:00
2023-03-06,2023-03-10,1.236,3890.0,3795.0,2023-03-10 13:35:00
2023-08-14,2023-08-18,1.0,4350.0,4285.0,2023-08-18 09:30:00
2023-08-14,2023-08-18,1.118,4350.0,4285.0,2023-08-18 09:30:00
2023-09-18,2023-09-22,1.0,4340.0,4270.0,2023-09-21 15:26:00
2023-09-18,2023-09-22,1.118,4340.0,4270.0,2023-09-22 13:38:00
2023-09-18,2023-09-22,1.236,4340.0,4270.0,2023-09-22 15:51:00
2023-10-23,2023-10-27,1.0,4110.0,4040.0,2023-10-27 13:58:00
2024-02-12,2024-02-16,1.0,4920.0,4855.0,2024-02-13 15:22:00
2024-04-01,2024-04-05,1.0,5145.0,5080.0,2024-04-04 15:39:00
2024-04-15,2024-04-19,1.0,5015.0,4945.0,2024-04-17 12:46:00
2024-04-15,2024-04-19,1.118,5015.0,4945.0,2024-04-18 14:12:00
2024-04-15,2024-04-19,1.236,5015.0,4945.0,2024-04-19 11:57:00
2024-04-15,2024-04-19,1.382,5015.0,4945.0,2024-04-19 12:29:00
2024-04-15,2024-04-19,1.5,5015.0,4945.0,2024-04-19 14:47:00
2024-05-28,2024-05-31,1.0,5190.0,5115.0,2024-05-31 12:21:00
2024-07-15,2024-07-19,1.0,5500.0,5435.0,2024-07-19 12:38:00
2024-07-29,2024-08-02,1.0,5335.0,5260.0,2024-08-02 10:07:00
2024-07-29,2024-08-02,1.118,5335.0,5260.0,2024-08-02 10:14:00
2024-07-29,2024-08-02,1.236,5335.0,5260.0,2024-08-02 11:00:00
2024-08-05,2024-08-09,1.0,5215.0,5130.0,2024-08-05 10:01:00
2024-08-05,2024-08-09,1.118,5215.0,5130.0,2024-08-05 10:01:00
2024-08-05,2024-08-09,1.236,5215.0,5130.0,2024-08-05 10:06:00
2024-08-05,2024-08-09,1.382,5215.0,5130.0,2024-08-05 10:12:00
2024-08-05,2024-08-09,1.5,5215.0,5130.0,2024-08-05 10:29:00
2024-09-03,2024-09-06,1.0,5510.0,5420.0,2024-09-03 15:46:00
2024-09-03,2024-09-06,1.118,5510.0,5420.0,2024-09-05 11:24:00
2024-09-03,2024-09-06,1.236,5510.0,5420.0,2024-09-06 10:17:00
2024-09-03,2024-09-06,1.382,5510.0,5420.0,2024-09-06 10:31:00
2024-09-03,2024-09-06,1.5,5510.0,5420.0,2024-09-06 10:44:00
2024-11-11,2024-11-15,1.0,5850.0,5755.0,2024-11-15 13:57:00
2024-12-16,2024-12-20,1.0,5920.0,5840.0,2024-12-18 15:37:00
2024-12-16,2024-12-20,1.118,5920.0,5840.0,2024-12-18 15:39:00
2024-12-16,2024-12-20,1.236,5920.0,5840.0,2024-12-18 15:40:00
2024-12-16,2024-12-20,1.382,5920.0,5840.0,2024-12-18 15:59:00
2024-12-16,2024-12-20,1.5,5920.0,5840.0,2024-12-20 09:30:00
2024-12-30,2025-01-03,1.0,5830.0,5745.0,2025-01-02 12:50:00
2025-02-24,2025-02-28,1.0,5865.0,5770.0,2025-02-27 15:57:00
2025-02-24,2025-02-28,1.118,5865.0,5770.0,2025-02-28 13:16:00
2025-03-03,2025-03-07,1.0,5800.0,5705.0,2025-03-04 09:30:00
2025-03-03,2025-03-07,1.118,5800.0,5705.0,2025-03-04 09:43:00
2025-03-03,2025-03-07,1.236,5800.0,5705.0,2025-03-04 09:59:00
2025-03-03,2025-03-07,1.382,5800.0,5705.0,2025-03-04 10:16:00
2025-03-03,2025-03-07,1.5,5800.0,5705.0,2025-03-06 12:46:00
2025-03-10,2025-03-14,1.0,5605.0,5500.0,2025-03-10 14:37:00
2025-03-10,2025-03-14,1.118,5605.0,5500.0,2025-03-10 14:56:00
2025-03-10,2025-03-14,1.236,5605.0,5500.0,2025-03-11 10:27:00
2025-03-10,2025-03-14,1.382,5605.0,5500.0,2025-03-11 12:57:00
2025-03-10,2025-03-14,1.5,5605.0,5500.0,2025-03-13 12:47:00
2025-03-31,2025-04-04,1.0,5410.0,5300.0,2025-04-03 15:18:00
2025-03-31,2025-04-04,1.118,5410.0,5300.0,2025-04-04 09:30:00
2025-03-31,2025-04-04,1.236,5410.0,5300.0,2025-04-04 09:30:00
2025-03-31,2025-04-04,1.382,5410.0,5300.0,2025-04-04 09:30:00
2025-03-31,2025-04-04,1.5,5410.0,5300.0,2025-04-04 09:30:00
2025-10-06,2025-10-10,1.0,6560.0,6460.0,2025-10-10 15:55:00
2025-11-03,2025-11-07,1.0,6680.0,6580.0,2025-11-07 09:33:00
2025-11-03,2025-11-07,1.118,6680.0,6580.0,2025-11-07 09:39:00
2025-11-03,2025-11-07,1.236,6680.0,6580.0,2025-11-07 11:12:00
2025-11-17,2025-11-21,1.0,6565.0,6460.0,2025-11-20 13:50:00
2025-11-17,2025-11-21,1.118,6565.0,6460.0,2025-11-20 15:41:00
2025-11-17,2025-11-21,1.236,6565.0,6460.0,2025-11-21 10:36:00
2026-01-20,2026-01-23,1.0,6785.0,6695.0,2026-01-20 15:43:00
2026-02-02,2026-02-06,1.0,6790.0,6695.0,2026-02-05 10:14:00
2026-03-02,2026-03-06,1.0,6725.0,6625.0,2026-03-03 10:18:00
2026-03-16,2026-03-20,1.0,6470.0,6370.0,2026-03-20 15:37:00
2026-06-01,2026-06-05,1.0,7385.0,7270.0,2026-06-05 15:08:00
