entry,exp,short_k,L,stop_ts,es_cov
2012-06-04,2012-06-08,1235.0,1236.91,,True
2012-06-18,2012-06-22,1300.0,1300.62,,True
2012-07-02,2012-07-06,1320.0,1319.39,,True
2012-07-09,2012-07-13,1315.0,1313.05,,True
2012-07-23,2012-07-27,1320.0,1321.85,,True
2012-07-30,2012-08-03,1345.0,1343.79,,True
2012-08-06,2012-08-10,1350.0,1349.0,,True
2012-08-20,2012-08-24,1380.0,1379.36,,True
2012-08-27,2012-08-31,1375.0,1373.05,,True
2012-09-04,2012-09-07,1370.0,1369.85,,True
2012-09-10,2012-09-14,1400.0,1400.86,,True
2012-10-08,2012-10-12,1425.0,1425.27,,True
2012-10-22,2012-10-26,1395.0,1397.47,,True
2012-10-31,2012-11-02,1375.0,1376.47,,True
2012-11-05,2012-11-09,1380.0,1379.24,2012-11-08 15:59:00,True
2012-11-19,2012-11-23,1320.0,1322.49,,True
2012-11-26,2012-11-30,1370.0,1370.91,,True
2012-12-03,2012-12-07,1380.0,1378.22,,True
2012-12-10,2012-12-14,1380.0,1381.0,,True
2012-12-24,2012-12-28,1395.0,1393.96,,True
2012-12-31,2013-01-04,1365.0,1366.78,,True
2013-01-07,2013-01-11,1430.0,1428.38,,True
2013-01-22,2013-01-25,1450.0,1450.15,,True
2013-01-28,2013-02-01,1470.0,1468.11,,True
2013-02-04,2013-02-08,1480.0,1479.52,,True
2013-02-19,2013-02-22,1490.0,1488.44,,True
2013-02-25,2013-03-01,1485.0,1484.08,,True
2013-03-04,2013-03-08,1485.0,1486.02,,True
2013-03-18,2013-03-22,1530.0,1529.12,,True
2013-04-01,2013-04-05,1540.0,1538.72,,True
2013-04-08,2013-04-12,1525.0,1522.55,,True
2013-04-22,2013-04-26,1520.0,1521.75,,True
2013-04-29,2013-05-03,1550.0,1547.95,,True
2013-05-06,2013-05-10,1580.0,1579.93,,True
2013-05-20,2013-05-24,1635.0,1633.44,,True
2013-05-28,2013-05-31,1615.0,1614.31,,True
2013-06-10,2013-06-14,1605.0,1606.62,,True
2013-07-01,2013-07-05,1565.0,1565.01,,True
2013-07-08,2013-07-12,1590.0,1591.6,,True
2013-07-22,2013-07-26,1655.0,1652.63,,True
2013-07-29,2013-08-02,1655.0,1653.38,,True
2013-08-05,2013-08-09,1670.0,1672.15,,True
2013-08-19,2013-08-23,1620.0,1618.68,,True
2013-08-26,2013-08-30,1625.0,1627.18,2013-08-28 09:35:00,True
2013-09-03,2013-09-06,1595.0,1596.25,,True
2013-09-09,2013-09-13,1620.0,1618.79,,True
2013-09-23,2013-09-27,1675.0,1673.25,,True
2013-09-30,2013-10-04,1655.0,1655.97,,True
2013-10-07,2013-10-11,1655.0,1655.4,2013-10-08 15:59:00,True
2013-10-21,2013-10-25,1705.0,1706.66,,True
2013-10-28,2013-11-01,1725.0,1723.25,,True
2013-11-04,2013-11-08,1725.0,1726.12,,True
2013-11-18,2013-11-22,1765.0,1762.99,,True
2013-11-25,2013-11-29,1770.0,1770.11,,True
2013-12-02,2013-12-06,1775.0,1772.71,,True
2013-12-09,2013-12-13,1770.0,1772.15,,True
2013-12-23,2013-12-27,1785.0,1783.33,,True
2013-12-30,2014-01-03,1805.0,1807.01,,True
2014-01-06,2014-01-10,1800.0,1797.89,,True
2014-01-21,2014-01-24,1805.0,1806.01,2014-01-24 10:41:00,True
2014-01-27,2014-01-31,1755.0,1755.72,,True
2014-02-03,2014-02-07,1750.0,1748.47,2014-02-03 13:08:00,True
2014-02-10,2014-02-14,1760.0,1761.04,,True
2014-02-24,2014-02-28,1800.0,1800.29,,True
2014-03-03,2014-03-07,1825.0,1823.79,,True
2014-03-10,2014-03-14,1840.0,1841.42,2014-03-13 15:09:00,True
2014-03-24,2014-03-28,1830.0,1829.05,,True
2014-03-31,2014-04-04,1820.0,1820.41,,True
2014-04-07,2014-04-11,1830.0,1827.7,2014-04-11 09:30:00,True
2014-04-21,2014-04-25,1825.0,1824.9,,True
2014-04-28,2014-05-02,1825.0,1824.51,,True
2014-05-05,2014-05-09,1840.0,1842.12,,True
2014-05-19,2014-05-23,1840.0,1839.43,,True
2014-05-27,2014-05-30,1860.0,1862.48,,True
2014-06-09,2014-06-13,1915.0,1912.68,,True
2014-06-30,2014-07-03,1925.0,1925.83,,True
2014-07-07,2014-07-11,1950.0,1950.86,,True
2014-07-21,2014-07-25,1945.0,1944.22,,True
2014-07-28,2014-08-01,1945.0,1944.94,2014-07-31 10:57:00,True
2014-08-04,2014-08-08,1890.0,1889.24,,True
2014-08-18,2014-08-22,1920.0,1919.02,,True
2014-08-25,2014-08-29,1950.0,1952.09,,True
2014-09-02,2014-09-05,1970.0,1968.47,,True
2014-09-08,2014-09-12,1975.0,1973.8,,True
2014-09-22,2014-09-26,1975.0,1976.43,2014-09-25 10:21:00,True
2014-09-29,2014-10-03,1950.0,1948.13,2014-10-01 13:37:00,True
2014-10-06,2014-10-10,1930.0,1931.44,2014-10-08 10:04:00,True
2014-10-20,2014-10-24,1845.0,1844.03,,True
2014-10-27,2014-10-31,1920.0,1918.97,,True
2014-11-03,2014-11-07,1970.0,1970.93,,True
2014-11-10,2014-11-14,1985.0,1985.79,,True
2014-11-24,2014-11-28,2020.0,2020.02,,True
2014-12-01,2014-12-05,2025.0,2026.31,,True
2014-12-08,2014-12-12,2035.0,2034.93,2014-12-09 10:32:00,True
2014-12-22,2014-12-26,2025.0,2023.39,,True
2014-12-29,2015-01-02,2045.0,2043.21,,True
2015-01-05,2015-01-09,2015.0,2012.5,2015-01-06 11:19:00,True
2015-01-20,2015-01-23,1970.0,1970.33,,True
2015-01-26,2015-01-30,2000.0,2001.94,2015-01-28 15:43:00,True
2015-02-02,2015-02-06,1945.0,1943.78,,True
2015-02-09,2015-02-13,2000.0,2001.38,,True
2015-02-23,2015-02-27,2060.0,2058.21,,True
2015-03-02,2015-03-06,2055.0,2054.95,,True
2015-03-09,2015-03-13,2020.0,2021.66,,True
2015-03-23,2015-03-27,2060.0,2058.1,2015-03-26 09:30:00,True
2015-03-30,2015-04-02,2010.0,2009.64,,True
2015-04-06,2015-04-10,2015.0,2016.35,,True
2015-04-20,2015-04-24,2030.0,2031.66,,True
2015-04-27,2015-05-01,2070.0,2068.87,,True
2015-05-04,2015-05-08,2060.0,2059.5,,True
2015-05-18,2015-05-22,2075.0,2074.41,,True
2015-05-26,2015-05-29,2080.0,2080.14,,True
2015-06-01,2015-06-05,2065.0,2062.82,,True
2015-06-08,2015-06-12,2050.0,2048.85,,True
2015-06-22,2015-06-26,2065.0,2065.36,,True
2015-06-29,2015-07-02,2060.0,2057.58,2015-06-29 15:45:00,True
2015-07-06,2015-07-10,2035.0,2032.78,,True
2015-07-20,2015-07-24,2080.0,2082.33,2015-07-24 13:35:00,True
2015-07-27,2015-07-31,2035.0,2034.53,,True
2015-08-03,2015-08-07,2060.0,2058.32,,True
2015-08-10,2015-08-14,2030.0,2032.1,,True
2015-08-31,2015-09-04,1930.0,1931.36,2015-09-01 09:30:00,True
2015-09-08,2015-09-11,1860.0,1861.69,,True
2015-09-21,2015-09-25,1895.0,1897.04,,True
2015-09-28,2015-10-02,1870.0,1869.66,,True
2015-10-05,2015-10-09,1890.0,1888.41,,True
2015-10-19,2015-10-23,1970.0,1971.21,,True
2015-10-26,2015-10-30,2015.0,2013.21,,True
2015-11-02,2015-11-06,2020.0,2019.31,,True
2015-11-09,2015-11-13,2040.0,2040.79,2015-11-13 09:45:00,True
2015-11-23,2015-11-27,2030.0,2028.14,,True
2015-11-30,2015-12-04,2030.0,2031.63,,True
2015-12-07,2015-12-11,2035.0,2032.96,2015-12-11 09:30:00,True
2015-12-21,2015-12-24,1945.0,1943.45,,True
2015-12-28,2015-12-31,2000.0,1998.91,,True
2016-01-04,2016-01-08,1985.0,1983.59,2016-01-06 09:30:00,True
2016-01-19,2016-01-22,1815.0,1813.36,2016-01-20 12:24:00,True
2016-01-25,2016-01-29,1840.0,1837.82,,True
2016-02-01,2016-02-05,1870.0,1871.27,2016-02-03 10:37:00,True
2016-02-08,2016-02-12,1810.0,1810.65,2016-02-11 14:36:00,True
2016-02-22,2016-02-26,1850.0,1848.49,,True
2016-02-29,2016-03-04,1880.0,1878.57,,True
2016-03-07,2016-03-11,1930.0,1929.95,,True
2016-03-21,2016-03-24,1980.0,1982.3,,True
2016-03-28,2016-04-01,1970.0,1971.03,,True
2016-04-04,2016-04-08,2010.0,2009.16,,True
2016-04-18,2016-04-22,2020.0,2019.77,,True
2016-04-25,2016-04-29,2030.0,2032.31,,True
2016-05-02,2016-05-06,2005.0,2006.86,,True
2016-05-09,2016-05-13,2000.0,1999.73,,True
2016-05-23,2016-05-27,1995.0,1996.77,,True
2016-05-31,2016-06-03,2045.0,2043.78,,True
2016-06-06,2016-06-10,2045.0,2046.36,,True
2016-06-20,2016-06-24,2020.0,2020.28,,True
2016-06-27,2016-07-01,1985.0,1984.34,,True
2016-07-05,2016-07-08,2045.0,2045.31,,True
2016-07-18,2016-07-22,2105.0,2105.42,,True
2016-07-25,2016-07-29,2120.0,2121.54,,True
2016-08-01,2016-08-05,2125.0,2122.65,,True
2016-08-08,2016-08-12,2135.0,2133.03,,True
2016-08-22,2016-08-26,2140.0,2138.0,,True
2016-08-29,2016-09-02,2125.0,2124.09,,True
2016-09-19,2016-09-23,2095.0,2094.32,,True
2016-09-26,2016-09-30,2120.0,2119.9,,True
2016-10-03,2016-10-07,2125.0,2124.27,,True
2016-10-10,2016-10-14,2110.0,2111.15,,True
2016-10-24,2016-10-28,2100.0,2099.08,,True
2016-10-31,2016-11-04,2085.0,2084.81,2016-11-04 09:31:00,True
2016-11-07,2016-11-11,2045.0,2043.02,,True
2016-11-21,2016-11-25,2135.0,2136.69,,True
2016-11-28,2016-12-02,2170.0,2169.12,,True
2016-12-19,2016-12-23,2215.0,2214.44,,True
2016-12-27,2016-12-30,2220.0,2222.1,,True
2017-01-03,2017-01-06,2195.0,2197.24,,True
2017-01-09,2017-01-13,2235.0,2235.27,,True
2017-01-23,2017-01-27,2230.0,2232.36,,True
2017-01-30,2017-02-03,2255.0,2255.39,,True
2017-02-06,2017-02-10,2260.0,2258.7,,True
2017-02-21,2017-02-24,2315.0,2313.01,,True
2017-02-27,2017-03-03,2330.0,2330.7,,True
2017-03-06,2017-03-10,2345.0,2346.09,,True
2017-03-20,2017-03-24,2340.0,2342.16,2017-03-22 09:30:00,True
2017-03-27,2017-03-31,2305.0,2307.16,,True
2017-04-03,2017-04-07,2325.0,2325.09,,True
2017-04-10,2017-04-13,2320.0,2318.2,,True
2017-04-24,2017-04-28,2310.0,2311.69,,True
2017-05-08,2017-05-12,2365.0,2362.71,,True
2017-05-15,2017-05-19,2355.0,2355.36,2017-05-17 15:49:00,True
2017-05-22,2017-05-26,2345.0,2344.94,,True
2017-05-30,2017-06-02,2380.0,2379.01,,True
2017-06-05,2017-06-09,2400.0,2402.27,,True
2017-06-12,2017-06-16,2395.0,2395.42,,True
2017-06-19,2017-06-23,2400.0,2397.6,,True
2017-06-26,2017-06-30,2405.0,2403.64,2017-06-29 13:29:00,True
2017-07-03,2017-07-07,2390.0,2388.03,,True
2017-07-10,2017-07-14,2390.0,2390.08,,True
2017-07-17,2017-07-21,2425.0,2423.05,,True
2017-07-24,2017-07-28,2435.0,2436.96,,True
2017-07-31,2017-08-04,2435.0,2437.34,,True
2017-08-07,2017-08-11,2445.0,2443.56,2017-08-10 12:35:00,True
2017-08-14,2017-08-18,2405.0,2406.63,,True
2017-08-21,2017-08-25,2390.0,2389.47,,True
2017-08-28,2017-09-01,2405.0,2406.87,,True
2017-09-05,2017-09-08,2440.0,2439.23,,True
2017-09-11,2017-09-15,2425.0,2424.63,,True
2017-09-18,2017-09-22,2465.0,2463.29,,True
2017-09-25,2017-09-29,2465.0,2467.04,,True
2017-10-02,2017-10-06,2485.0,2484.45,,True
2017-10-09,2017-10-13,2515.0,2514.54,,True
2017-10-16,2017-10-20,2520.0,2519.72,,True
2017-10-23,2017-10-27,2540.0,2542.18,,True
2017-10-30,2017-11-03,2550.0,2547.62,,True
2017-11-06,2017-11-10,2555.0,2555.19,,True
2017-11-13,2017-11-17,2550.0,2549.79,,True
2017-11-20,2017-11-24,2545.0,2546.33,,True
2017-11-27,2017-12-01,2570.0,2570.37,,True
2017-12-04,2017-12-08,2610.0,2608.25,,True
2017-12-11,2017-12-15,2615.0,2617.07,,True
2017-12-18,2017-12-22,2640.0,2641.83,,True
2017-12-26,2017-12-29,2650.0,2650.42,,True
2018-01-02,2018-01-05,2640.0,2641.72,,True
2018-01-08,2018-01-12,2710.0,2708.55,,True
2018-01-16,2018-01-19,2750.0,2750.41,,True
2018-01-22,2018-01-26,2775.0,2774.05,,True
2018-01-29,2018-02-02,2835.0,2834.58,2018-01-30 09:30:00,True
2018-02-05,2018-02-09,2720.0,2718.51,2018-02-05 14:25:00,True
2018-02-12,2018-02-16,2565.0,2562.57,,True
2018-02-20,2018-02-23,2670.0,2669.68,,True
2018-02-26,2018-03-02,2685.0,2685.65,2018-03-01 13:05:00,True
2018-03-12,2018-03-16,2715.0,2716.09,,True
2018-03-19,2018-03-23,2680.0,2682.25,2018-03-22 09:30:00,True
2018-03-26,2018-03-29,2510.0,2511.62,,True
2018-04-02,2018-04-06,2565.0,2563.52,2018-04-02 14:00:00,True
2018-04-09,2018-04-13,2525.0,2524.2,,True
2018-04-16,2018-04-20,2575.0,2576.35,,True
2018-04-23,2018-04-27,2590.0,2591.53,,True
2018-04-30,2018-05-04,2590.0,2591.85,,True
2018-05-07,2018-05-11,2585.0,2584.63,,True
2018-05-14,2018-05-18,2650.0,2649.01,,True
2018-05-21,2018-05-25,2635.0,2637.01,,True
2018-05-29,2018-06-01,2650.0,2648.31,,True
2018-06-04,2018-06-08,2665.0,2662.52,,True
2018-06-11,2018-06-15,2710.0,2708.85,,True
2018-06-18,2018-06-22,2710.0,2712.37,,True
2018-06-25,2018-06-29,2690.0,2689.79,,True
2018-07-02,2018-07-06,2655.0,2653.44,,True
2018-07-09,2018-07-13,2695.0,2694.85,,True
2018-07-16,2018-07-20,2740.0,2737.78,,True
2018-07-23,2018-07-27,2740.0,2740.88,,True
2018-07-30,2018-08-03,2760.0,2758.44,,True
2018-08-06,2018-08-10,2780.0,2781.14,,True
2018-08-13,2018-08-17,2775.0,2775.61,,True
2018-08-20,2018-08-24,2795.0,2792.79,,True
2018-08-27,2018-08-31,2820.0,2819.58,,True
2018-09-04,2018-09-07,2845.0,2847.36,,True
2018-09-10,2018-09-14,2820.0,2818.72,,True
2018-09-17,2018-09-21,2855.0,2852.84,,True
2018-09-24,2018-09-28,2875.0,2877.34,,True
2018-10-01,2018-10-05,2865.0,2863.4,,True
2018-10-08,2018-10-12,2835.0,2833.56,2018-10-10 11:21:00,True
2018-10-15,2018-10-19,2705.0,2705.67,,True
2018-10-22,2018-10-26,2705.0,2705.86,2018-10-23 10:02:00,True
2018-10-29,2018-11-02,2590.0,2590.42,,True
2018-11-05,2018-11-09,2650.0,2648.74,,True
2018-11-12,2018-11-16,2705.0,2705.05,2018-11-14 11:42:00,True
2018-11-19,2018-11-23,2660.0,2657.86,2018-11-20 09:30:00,True
2018-11-26,2018-11-30,2550.0,2552.24,,True
2018-12-03,2018-12-07,2675.0,2676.42,2018-12-06 09:30:00,True
2018-12-10,2018-12-14,2545.0,2542.55,,True
2018-12-17,2018-12-21,2510.0,2508.59,2018-12-19 15:01:00,True
2018-12-24,2018-12-28,2320.0,2318.03,,True
2018-12-31,2019-01-04,2380.0,2381.78,,True
2019-01-07,2019-01-11,2430.0,2428.69,,True
2019-01-14,2019-01-18,2495.0,2495.15,,True
2019-01-22,2019-01-25,2570.0,2569.32,,True
2019-01-28,2019-02-01,2565.0,2566.36,,True
2019-02-04,2019-02-08,2610.0,2608.54,,True
2019-02-11,2019-02-15,2615.0,2612.81,,True
2019-02-19,2019-02-22,2680.0,2682.19,,True
2019-02-25,2019-03-01,2705.0,2703.81,,True
2019-03-04,2019-03-08,2720.0,2718.44,,True
2019-03-11,2019-03-15,2655.0,2657.15,,True
2019-03-18,2019-03-22,2735.0,2736.44,,True
2019-03-25,2019-03-29,2715.0,2716.54,,True
2019-04-01,2019-04-05,2755.0,2752.6,,True
2019-04-08,2019-04-12,2815.0,2812.58,,True
2019-04-15,2019-04-18,2830.0,2830.31,,True
2019-04-22,2019-04-26,2830.0,2831.58,,True
2019-04-29,2019-05-03,2870.0,2868.56,,True
2019-05-06,2019-05-10,2875.0,2875.59,2019-05-07 13:15:00,True
2019-05-13,2019-05-17,2810.0,2807.76,2019-05-13 12:26:00,True
2019-05-20,2019-05-24,2785.0,2784.67,,True
2019-05-28,2019-05-31,2750.0,2752.02,2019-05-31 09:40:00,True
2019-06-03,2019-06-07,2675.0,2676.88,,True
2019-06-10,2019-06-14,2790.0,2792.38,,True
2019-06-17,2019-06-21,2810.0,2809.14,,True
2019-06-24,2019-06-28,2875.0,2872.67,,True
2019-07-01,2019-07-05,2865.0,2866.53,,True
2019-07-08,2019-07-12,2915.0,2916.69,,True
2019-07-15,2019-07-19,2940.0,2941.71,,True
2019-07-22,2019-07-26,2905.0,2906.5,,True
2019-07-29,2019-08-02,2955.0,2957.09,2019-08-01 13:54:00,True
2019-08-05,2019-08-09,2860.0,2860.21,2019-08-05 12:12:00,True
2019-08-12,2019-08-16,2845.0,2843.61,2019-08-14 12:58:00,True
2019-08-19,2019-08-23,2810.0,2810.59,,True
2019-08-26,2019-08-30,2765.0,2767.16,,True
2019-09-03,2019-09-06,2845.0,2845.56,,True
2019-09-09,2019-09-13,2895.0,2896.87,,True
2019-09-16,2019-09-20,2925.0,2926.84,,True
2019-09-23,2019-09-27,2915.0,2914.18,,True
2019-09-30,2019-10-04,2885.0,2885.0,2019-10-02 11:31:00,True
2019-10-07,2019-10-11,2870.0,2870.95,,True
2019-10-14,2019-10-18,2890.0,2887.81,,True
2019-10-21,2019-10-25,2905.0,2906.39,,True
2019-10-28,2019-11-01,2945.0,2945.5,,True
2019-11-04,2019-11-08,2990.0,2992.19,,True
2019-11-11,2019-11-15,3020.0,3021.42,,True
2019-11-18,2019-11-22,3050.0,3050.73,,True
2019-11-25,2019-11-29,3045.0,3042.95,,True
2019-12-02,2019-12-06,3075.0,3075.31,2019-12-03 09:48:00,True
2019-12-09,2019-12-13,3080.0,3079.2,,True
2019-12-16,2019-12-20,3105.0,3102.81,,True
2019-12-23,2019-12-27,3155.0,3155.89,,True
2019-12-30,2020-01-03,3175.0,3177.39,,True
2020-01-06,2020-01-10,3175.0,3173.4,,True
2020-01-13,2020-01-17,3205.0,3203.41,,True
2020-01-21,2020-01-24,3265.0,3267.5,,True
2020-01-27,2020-01-31,3235.0,3233.77,2020-01-31 11:38:00,True
2020-02-03,2020-02-07,3160.0,3162.45,,True
2020-02-10,2020-02-14,3260.0,3260.4,,True
2020-02-18,2020-02-21,3315.0,3312.85,,True
2020-02-24,2020-02-28,3270.0,3270.6,2020-02-24 10:01:00,True
2020-03-02,2020-03-06,2855.0,2857.44,,True
2020-03-16,2020-03-20,2575.0,2576.73,2020-03-16 10:01:00,True
2020-03-23,2020-03-27,2150.0,2149.47,,True
2020-03-30,2020-04-03,2365.0,2365.33,,True
2020-04-06,2020-04-09,2310.0,2311.24,,True
2020-04-13,2020-04-17,2600.0,2601.51,,True
2020-04-20,2020-04-24,2690.0,2688.42,,True
2020-04-27,2020-05-01,2650.0,2650.28,,True
2020-05-04,2020-05-08,2650.0,2648.05,,True
2020-05-11,2020-05-15,2750.0,2750.59,,True
2020-05-18,2020-05-22,2685.0,2684.5,,True
2020-05-26,2020-05-29,2780.0,2780.72,,True
2020-06-01,2020-06-05,2875.0,2873.97,,True
2020-06-08,2020-06-12,3025.0,3022.89,2020-06-11 14:01:00,True
2020-06-15,2020-06-19,2865.0,2864.72,,True
2020-06-22,2020-06-26,2920.0,2920.21,,True
2020-06-29,2020-07-02,2835.0,2833.46,,True
2020-07-06,2020-07-10,2955.0,2955.1,,True
2020-07-13,2020-07-17,3020.0,3017.55,,True
2020-07-20,2020-07-24,3060.0,3061.3,,True
2020-07-27,2020-07-31,3060.0,3058.16,,True
2020-08-03,2020-08-07,3120.0,3120.04,,True
2020-08-10,2020-08-14,3205.0,3205.18,,True
2020-08-17,2020-08-21,3235.0,3232.79,,True
2020-08-24,2020-08-28,3265.0,3263.87,,True
2020-08-31,2020-09-04,3375.0,3376.24,2020-09-04 10:36:00,True
2020-09-08,2020-09-11,3290.0,3287.57,,True
2020-09-14,2020-09-18,3205.0,3203.21,,True
2020-09-21,2020-09-25,3180.0,3181.8,,True
2020-09-28,2020-10-02,3160.0,3162.49,,True
2020-10-05,2020-10-09,3215.0,3215.11,,True
2020-10-12,2020-10-16,3345.0,3343.79,,True
2020-10-19,2020-10-23,3350.0,3352.2,,True
2020-10-26,2020-10-30,3335.0,3336.96,2020-10-28 09:30:00,True
2020-11-02,2020-11-06,3135.0,3134.17,,True
2020-11-09,2020-11-13,3365.0,3364.84,,True
2020-11-16,2020-11-20,3440.0,3441.13,,True
2020-11-23,2020-11-27,3420.0,3417.76,,True
2020-11-30,2020-12-04,3500.0,3502.01,,True
2020-12-07,2020-12-11,3565.0,3565.04,,True
2020-12-14,2020-12-18,3535.0,3533.31,,True
2020-12-21,2020-12-24,3585.0,3582.78,,True
2020-12-28,2020-12-31,3580.0,3580.14,,True
2021-01-04,2021-01-08,3640.0,3637.85,,True
2021-01-11,2021-01-15,3705.0,3703.19,,True
2021-01-19,2021-01-22,3650.0,3650.07,,True
2021-01-25,2021-01-29,3725.0,3725.08,2021-01-27 15:36:00,True
2021-02-01,2021-02-05,3595.0,3593.53,,True
2021-02-08,2021-02-12,3760.0,3761.87,,True
2021-02-16,2021-02-19,3815.0,3815.06,,True
2021-02-22,2021-02-26,3790.0,3790.82,2021-02-26 10:29:00,True
2021-03-01,2021-03-05,3695.0,3693.6,,True
2021-03-08,2021-03-12,3720.0,3719.13,,True
2021-03-15,2021-03-19,3820.0,3819.23,,True
2021-03-22,2021-03-26,3790.0,3790.92,,True
2021-03-29,2021-04-01,3850.0,3852.18,,True
2021-04-05,2021-04-09,3900.0,3900.72,,True
2021-04-12,2021-04-16,4010.0,4010.34,,True
2021-04-19,2021-04-23,4070.0,4070.0,,True
2021-04-26,2021-04-30,4070.0,4067.54,,True
2021-05-03,2021-05-07,4075.0,4073.44,,True
2021-05-10,2021-05-14,4125.0,4124.75,2021-05-11 10:29:00,True
2021-05-17,2021-05-21,4060.0,4060.88,2021-05-19 10:10:00,True
2021-05-24,2021-05-28,4040.0,4041.87,,True
2021-06-01,2021-06-04,4095.0,4093.8,,True
2021-06-07,2021-06-11,4125.0,4122.73,,True
2021-06-14,2021-06-18,4145.0,4144.98,,True
2021-06-21,2021-06-25,4065.0,4064.68,,True
2021-06-28,2021-07-02,4180.0,4177.65,,True
2021-07-06,2021-07-09,4250.0,4250.89,,True
2021-07-12,2021-07-16,4270.0,4269.47,,True
2021-07-19,2021-07-23,4230.0,4229.15,2021-07-19 13:33:00,True
2021-07-26,2021-07-30,4310.0,4307.77,,True
2021-08-02,2021-08-06,4295.0,4294.57,,True
2021-08-09,2021-08-13,4340.0,4338.18,,True
2021-08-16,2021-08-20,4375.0,4373.56,2021-08-19 09:30:00,True
2021-08-23,2021-08-27,4345.0,4345.94,,True
2021-08-30,2021-09-03,4415.0,4415.36,,True
2021-09-07,2021-09-10,4445.0,4445.53,,True
2021-09-13,2021-09-17,4370.0,4369.55,,True
2021-09-20,2021-09-24,4345.0,4345.66,2021-09-20 12:01:00,True
2021-09-27,2021-10-01,4365.0,4362.99,2021-09-28 10:20:00,True
2021-10-04,2021-10-08,4260.0,4259.1,,True
2021-10-11,2021-10-15,4290.0,4289.61,,True
2021-10-18,2021-10-22,4365.0,4366.49,,True
2021-10-25,2021-10-29,4440.0,4439.49,,True
2021-11-01,2021-11-05,4500.0,4502.45,,True
2021-11-08,2021-11-12,4595.0,4593.14,,True
2021-11-15,2021-11-19,4580.0,4579.91,,True
2021-11-22,2021-11-26,4600.0,4599.16,2021-11-26 12:54:00,True
2021-11-29,2021-12-03,4490.0,4491.56,,True
2021-12-06,2021-12-10,4430.0,4430.03,,True
2021-12-13,2021-12-17,4600.0,4598.85,,True
2021-12-20,2021-12-23,4505.0,4506.15,,True
2021-12-27,2021-12-31,4605.0,4604.5,,True
2022-01-03,2022-01-07,4650.0,4647.61,,True
2022-01-10,2022-01-14,4555.0,4555.8,,True
2022-01-18,2022-01-21,4540.0,4538.38,2022-01-19 15:52:00,True
2022-01-24,2022-01-28,4265.0,4263.25,2022-01-24 11:41:00,True
2022-01-31,2022-02-04,4290.0,4290.31,,True
2022-02-07,2022-02-11,4355.0,4356.15,,True
2022-02-14,2022-02-18,4270.0,4271.1,,True
2022-02-28,2022-03-04,4225.0,4227.33,,True
2022-03-07,2022-03-11,4175.0,4172.99,2022-03-08 10:10:00,True
2022-03-14,2022-03-18,4045.0,4047.35,,True
2022-03-21,2022-03-25,4295.0,4295.68,,True
2022-03-28,2022-04-01,4380.0,4378.88,,True
2022-04-04,2022-04-08,4385.0,4384.14,,True
2022-04-11,2022-04-14,4330.0,4327.87,,True
2022-04-18,2022-04-22,4235.0,4236.0,,True
2022-04-25,2022-04-29,4110.0,4108.85,,True
2022-05-02,2022-05-06,3965.0,3967.49,,True
2022-05-09,2022-05-13,3955.0,3953.13,2022-05-11 13:43:00,True
2022-05-16,2022-05-20,3845.0,3846.95,2022-05-20 12:09:00,True
2022-05-23,2022-05-27,3715.0,3717.03,,True
2022-05-31,2022-06-03,3965.0,3966.83,,True
2022-06-06,2022-06-10,3925.0,3923.4,2022-06-10 10:01:00,True
2022-06-13,2022-06-17,3710.0,3709.76,2022-06-14 15:13:00,True
2022-06-21,2022-06-24,3480.0,3478.53,,True
2022-06-27,2022-07-01,3710.0,3712.4,,True
2022-07-05,2022-07-08,3625.0,3625.43,,True
2022-07-11,2022-07-15,3700.0,3701.15,,True
2022-07-18,2022-07-22,3665.0,3666.39,,True
2022-07-25,2022-07-29,3765.0,3765.07,,True
2022-08-01,2022-08-05,3930.0,3931.38,,True
2022-08-08,2022-08-12,3955.0,3954.22,,True
2022-08-15,2022-08-19,4090.0,4090.79,,True
2022-08-22,2022-08-26,4045.0,4045.03,,True
2022-08-29,2022-09-02,3875.0,3875.12,,True
2022-09-06,2022-09-09,3745.0,3743.37,,True
2022-09-12,2022-09-16,3885.0,3885.82,2022-09-15 15:27:00,True
2022-09-19,2022-09-23,3685.0,3684.6,2022-09-23 11:00:00,True
2022-09-26,2022-09-30,3500.0,3499.44,,True
2022-10-03,2022-10-07,3395.0,3394.77,,True
2022-10-10,2022-10-14,3445.0,3446.63,,True
2022-10-17,2022-10-21,3390.0,3388.09,,True
2022-10-24,2022-10-28,3560.0,3558.86,,True
2022-10-31,2022-11-04,3710.0,3709.32,2022-11-03 09:51:00,True
2022-11-07,2022-11-11,3575.0,3577.24,,True
2022-11-14,2022-11-18,3795.0,3795.06,,True
2022-11-21,2022-11-25,3775.0,3772.86,,True
2022-11-28,2022-12-02,3840.0,3840.2,,True
2022-12-05,2022-12-09,3885.0,3887.43,,True
2022-12-12,2022-12-16,3750.0,3752.32,,True
2022-12-19,2022-12-23,3665.0,3663.8,,True
2022-12-27,2022-12-30,3660.0,3660.78,,True
2023-01-03,2023-01-06,3665.0,3663.07,,True
2023-01-09,2023-01-13,3725.0,3723.27,,True
2023-01-17,2023-01-20,3830.0,3830.5,,True
2023-01-23,2023-01-27,3805.0,3806.79,,True
2023-01-30,2023-02-03,3905.0,3906.21,,True
2023-02-06,2023-02-10,3970.0,3971.02,,True
2023-02-13,2023-02-17,3930.0,3928.55,,True
2023-02-21,2023-02-24,3920.0,3920.76,,True
2023-02-27,2023-03-03,3815.0,3813.31,,True
2023-03-06,2023-03-10,3890.0,3891.52,2023-03-10 09:41:00,True
2023-03-13,2023-03-17,3700.0,3701.9,,True
2023-03-20,2023-03-24,3755.0,3757.24,,True
2023-03-27,2023-03-31,3815.0,3813.66,,True
2023-04-03,2023-04-06,3950.0,3951.85,,True
2023-04-10,2023-04-14,3955.0,3954.29,,True
2023-04-17,2023-04-21,3990.0,3991.2,,True
2023-04-24,2023-04-28,3995.0,3993.57,,True
2023-05-01,2023-05-05,4030.0,4030.9,,True
2023-05-08,2023-05-12,4000.0,3997.67,,True
2023-05-15,2023-05-19,3990.0,3991.44,,True
2023-05-22,2023-05-26,4060.0,4061.45,,True
2023-05-30,2023-06-02,4075.0,4076.47,,True
2023-06-05,2023-06-09,4155.0,4153.71,,True
2023-06-12,2023-06-16,4175.0,4174.99,,True
2023-06-20,2023-06-23,4285.0,4283.88,,True
2023-06-26,2023-06-30,4225.0,4226.73,,True
2023-07-03,2023-07-07,4330.0,4328.15,,True
2023-07-10,2023-07-14,4280.0,4280.35,,True
2023-07-17,2023-07-21,4385.0,4385.44,,True
2023-07-24,2023-07-28,4420.0,4419.68,,True
2023-07-31,2023-08-04,4470.0,4468.3,,True
2023-08-07,2023-08-11,4365.0,4363.69,,True
2023-08-14,2023-08-18,4350.0,4351.92,2023-08-18 09:30:00,True
2023-08-21,2023-08-25,4255.0,4254.51,,True
2023-08-28,2023-09-01,4290.0,4291.46,,True
2023-09-05,2023-09-08,4400.0,4400.0,,True
2023-09-11,2023-09-15,4345.0,4343.89,,True
2023-09-18,2023-09-22,4340.0,4340.21,2023-09-21 15:26:00,True
2023-09-25,2023-09-29,4205.0,4207.11,,True
2023-10-02,2023-10-06,4175.0,4176.03,,True
2023-10-09,2023-10-13,4195.0,4196.79,,True
2023-10-16,2023-10-20,4215.0,4216.76,,True
2023-10-23,2023-10-27,4110.0,4108.89,2023-10-27 13:58:00,True
2023-10-30,2023-11-03,4000.0,3999.22,,True
2023-11-06,2023-11-10,4230.0,4230.33,,True
2023-11-13,2023-11-17,4290.0,4291.08,,True
2023-11-20,2023-11-24,4390.0,4389.63,,True
2023-11-27,2023-12-01,4440.0,4439.69,,True
2023-12-04,2023-12-08,4480.0,4479.09,,True
2023-12-11,2023-12-15,4495.0,4492.6,,True
2023-12-18,2023-12-22,4605.0,4605.03,,True
2023-12-26,2023-12-29,4645.0,4642.9,,True
2024-01-02,2024-01-05,4665.0,4663.13,,True
2024-01-08,2024-01-12,4590.0,4591.89,,True
2024-01-16,2024-01-19,4680.0,4678.5,,True
2024-01-22,2024-01-26,4735.0,4732.91,,True
2024-01-29,2024-02-02,4785.0,4786.93,,True
2024-02-05,2024-02-09,4855.0,4852.71,,True
2024-02-12,2024-02-16,4920.0,4920.27,2024-02-13 15:22:00,True
2024-02-20,2024-02-23,4900.0,4897.68,,True
2024-02-26,2024-03-01,4975.0,4976.83,,True
2024-03-04,2024-03-08,5025.0,5027.17,,True
2024-03-11,2024-03-15,5010.0,5012.17,,True
2024-03-18,2024-03-22,5005.0,5007.2,,True
2024-03-25,2024-03-28,5120.0,5121.85,,True
2024-04-01,2024-04-05,5145.0,5145.66,2024-04-04 15:39:00,True
2024-04-08,2024-04-12,5095.0,5094.99,,True
2024-04-15,2024-04-19,5015.0,5013.52,2024-04-17 12:46:00,True
2024-04-22,2024-04-26,4850.0,4849.85,,True
2024-04-29,2024-05-03,4980.0,4980.43,,True
2024-05-06,2024-05-10,5010.0,5007.65,,True
2024-05-13,2024-05-17,5105.0,5103.13,,True
2024-05-20,2024-05-24,5185.0,5184.1,,True
2024-05-28,2024-05-31,5190.0,5187.99,2024-05-31 12:21:00,True
2024-06-03,2024-06-07,5160.0,5160.24,,True
2024-06-10,2024-06-14,5230.0,5228.05,,True
2024-06-17,2024-06-21,5315.0,5312.58,,True
2024-06-24,2024-06-28,5350.0,5348.02,,True
2024-07-01,2024-07-05,5345.0,5346.7,,True
2024-07-08,2024-07-12,5455.0,5452.7,,True
2024-07-15,2024-07-19,5500.0,5502.39,2024-07-19 12:38:00,True
2024-07-22,2024-07-26,5390.0,5387.78,,True
2024-07-29,2024-08-02,5335.0,5336.37,2024-08-02 10:07:00,True
2024-08-12,2024-08-16,5205.0,5203.71,,True
2024-08-19,2024-08-23,5405.0,5406.86,,True
2024-08-26,2024-08-30,5490.0,5491.15,,True
2024-09-03,2024-09-06,5510.0,5508.71,2024-09-03 15:46:00,True
2024-09-09,2024-09-13,5260.0,5261.15,,True
2024-09-16,2024-09-20,5475.0,5472.89,,True
2024-09-23,2024-09-27,5550.0,5551.14,,True
2024-09-30,2024-10-04,5595.0,5592.69,,True
2024-10-07,2024-10-11,5610.0,5609.47,,True
2024-10-14,2024-10-18,5675.0,5673.88,,True
2024-10-21,2024-10-25,5730.0,5728.32,,True
2024-10-28,2024-11-01,5675.0,5674.04,,True
2024-11-04,2024-11-08,5595.0,5593.72,,True
2024-11-11,2024-11-15,5850.0,5847.55,2024-11-15 13:57:00,True
2024-11-18,2024-11-22,5720.0,5721.46,,True
2024-11-25,2024-11-29,5820.0,5822.43,,True
2024-12-02,2024-12-06,5890.0,5890.23,,True
2024-12-09,2024-12-13,5955.0,5953.45,,True
2024-12-16,2024-12-20,5920.0,5919.56,2024-12-18 15:37:00,True
2024-12-23,2024-12-27,5790.0,5790.66,,True
2024-12-30,2025-01-03,5830.0,5830.15,2025-01-02 12:50:00,True
2025-01-06,2025-01-10,5800.0,5801.73,,True
2025-01-13,2025-01-17,5680.0,5681.12,,True
2025-01-21,2025-01-24,5845.0,5843.9,,True
2025-01-27,2025-01-31,5950.0,5950.0,,True
2025-02-03,2025-02-07,5890.0,5888.81,,True
2025-02-10,2025-02-14,5870.0,5872.44,,True
2025-02-18,2025-02-21,5965.0,5963.16,,True
2025-02-24,2025-02-28,5865.0,5862.56,2025-02-27 15:57:00,True
2025-03-03,2025-03-07,5800.0,5799.97,2025-03-04 09:30:00,True
2025-03-10,2025-03-14,5605.0,5603.86,2025-03-10 14:37:00,True
2025-03-17,2025-03-21,5465.0,5465.52,,True
2025-03-24,2025-03-28,5500.0,5498.13,,True
2025-03-31,2025-04-04,5410.0,5408.28,2025-04-03 15:18:00,True
2025-04-07,2025-04-11,4870.0,4869.08,,True
2025-04-14,2025-04-17,5125.0,5126.84,,True
2025-04-21,2025-04-25,5045.0,5046.03,,True
2025-04-28,2025-05-02,5275.0,5274.98,,True
2025-05-05,2025-05-09,5435.0,5435.21,,True
2025-05-12,2025-05-16,5415.0,5416.31,,True
2025-05-27,2025-05-30,5560.0,5558.59,,True
2025-06-02,2025-06-06,5675.0,5674.88,,True
2025-06-09,2025-06-13,5770.0,5769.37,,True
2025-06-16,2025-06-20,5755.0,5755.6,,True
2025-06-23,2025-06-27,5755.0,5755.27,,True
2025-06-30,2025-07-03,5960.0,5958.22,,True
2025-07-07,2025-07-11,6070.0,6071.88,,True
2025-07-14,2025-07-18,6060.0,6060.72,,True
2025-07-21,2025-07-25,6105.0,6103.84,,True
2025-07-28,2025-08-01,6200.0,6201.32,,True
2025-08-04,2025-08-08,6050.0,6048.76,,True
2025-08-11,2025-08-15,6200.0,6202.49,,True
2025-08-18,2025-08-22,6270.0,6267.82,,True
2025-08-25,2025-08-29,6290.0,6288.28,,True
2025-09-08,2025-09-12,6310.0,6309.95,,True
2025-09-15,2025-09-19,6415.0,6416.51,,True
2025-09-22,2025-09-26,6500.0,6499.95,,True
2025-09-29,2025-10-03,6480.0,6481.72,,True
2025-10-06,2025-10-10,6560.0,6557.53,2025-10-10 15:55:00,True
2025-10-13,2025-10-17,6390.0,6390.29,,True
2025-10-20,2025-10-24,6500.0,6501.12,,True
2025-10-27,2025-10-31,6630.0,6629.62,,True
2025-11-03,2025-11-07,6680.0,6680.51,2025-11-07 09:33:00,True
2025-11-10,2025-11-14,6565.0,6562.6,,True
2025-11-17,2025-11-21,6565.0,6563.85,2025-11-20 13:50:00,True
2025-11-24,2025-11-28,6425.0,6427.15,,True
2025-12-01,2025-12-05,6670.0,6668.1,,True
2025-12-08,2025-12-12,6695.0,6695.49,,True
2025-12-15,2025-12-19,6660.0,6657.73,,True
2025-12-22,2025-12-26,6665.0,6666.86,,True
2025-12-29,2026-01-02,6765.0,6766.33,,True
2026-01-05,2026-01-09,6700.0,6699.0,,True
2026-01-12,2026-01-16,6810.0,6809.64,,True
2026-01-20,2026-01-23,6785.0,6787.37,2026-01-20 15:43:00,True
2026-01-26,2026-01-30,6765.0,6763.09,,True
2026-02-09,2026-02-13,6775.0,6776.86,,True
2026-02-17,2026-02-20,6680.0,6677.62,,True
2026-02-23,2026-02-27,6750.0,6752.26,,True
2026-03-02,2026-03-06,6725.0,6723.07,2026-03-03 10:18:00,True
2026-03-09,2026-03-13,6580.0,6581.73,,True
2026-03-16,2026-03-20,6470.0,6469.41,2026-03-20 15:37:00,True
2026-03-23,2026-03-27,6335.0,6335.27,,True
2026-03-30,2026-04-02,6190.0,6188.76,,True
2026-04-06,2026-04-10,6395.0,6394.55,,True
2026-04-13,2026-04-17,6620.0,6619.96,,True
2026-04-20,2026-04-24,6920.0,6917.66,,True
2026-04-27,2026-05-01,6965.0,6962.85,,True
2026-05-04,2026-05-08,7030.0,7030.57,,True
2026-05-11,2026-05-15,7195.0,7197.39,,True
2026-05-18,2026-05-22,7210.0,7208.6,,True
2026-05-26,2026-05-29,7275.0,7275.52,,True
2026-06-08,2026-06-12,7185.0,7186.69,,True
2026-06-15,2026-06-18,7230.0,7230.96,,True
2026-06-22,2026-06-26,7300.0,7301.88,,True
2026-06-29,2026-07-02,7155.0,7152.67,,True
2026-07-13,2026-07-17,7380.0,7377.76,,False
2026-07-20,2026-07-24,7265.0,7263.44,,False
2026-07-27,2026-07-31,7220.0,7220.9,,False
2026-08-03,2026-08-07,7300.0,7298.13,,False
