week_end,entry,short_k,wing_k,width,credit,settle,pnl,vix,gap_below_trigger
2012-06-08,2012-06-04,1225.0,1205.0,20.0,0.6999999999999997,1325.6600341796875,67.35999999999997,26.350000381469727,False
2012-06-22,2012-06-18,1290.0,1265.0,25.0,0.7999999999999999,1335.02001953125,77.36,21.76000022888184,False
2012-07-06,2012-07-02,1310.0,1285.0,25.0,0.2,1354.6800537109375,17.36,17.6200008392334,False
2012-07-13,2012-07-09,1305.0,1280.0,25.0,0.6000000000000001,1356.780029296875,57.36000000000001,18.170000076293945,False
2012-07-27,2012-07-23,1310.0,1290.0,20.0,1.7999999999999998,1385.969970703125,177.35999999999999,20.40999984741211,False
2012-08-03,2012-07-30,1335.0,1310.0,25.0,0.5,1390.989990234375,47.36,17.549999237060547,False
2012-08-10,2012-08-06,1340.0,1315.0,25.0,0.14999999999999997,1405.8699951171875,12.359999999999996,15.850000381469728,False
2012-08-24,2012-08-20,1370.0,1350.0,20.0,0.10000000000000003,1411.1300048828125,7.360000000000003,14.109999656677246,False
2012-08-31,2012-08-27,1365.0,1345.0,20.0,0.20000000000000007,1406.5799560546875,17.360000000000007,16.149999618530273,False
2012-09-07,2012-09-04,1360.0,1340.0,20.0,0.09999999999999998,1437.9200439453125,7.359999999999998,18.649999618530277,False
2012-09-14,2012-09-10,1390.0,1370.0,20.0,0.25,1465.77001953125,22.36,14.270000457763672,False
2012-10-05,2012-10-01,1395.0,1375.0,20.0,0.10000000000000009,1460.9300537109375,7.360000000000008,16.030000686645508,False
2012-10-12,2012-10-08,1415.0,1395.0,20.0,0.25,1428.5899658203125,22.36,15.1899995803833,False
2012-10-26,2012-10-22,1390.0,1370.0,20.0,0.6499999999999999,1411.93994140625,62.359999999999985,17.440000534057617,False
2012-11-02,2012-10-31,1370.0,1350.0,20.0,0.09999999999999998,1414.199951171875,7.359999999999998,17.68000030517578,False
2012-11-09,2012-11-05,1370.0,1350.0,20.0,0.44999999999999996,1379.8499755859375,42.35999999999999,18.32999992370605,False
2012-11-30,2012-11-26,1360.0,1340.0,20.0,0.3999999999999999,1416.1800537109375,37.35999999999999,15.630000114440918,False
2012-12-14,2012-12-10,1370.0,1350.0,20.0,0.39999999999999997,1413.5799560546875,37.36,16.469999313354492,False
2012-12-28,2012-12-24,1385.0,1365.0,20.0,0.7499999999999998,1402.4300537109375,72.35999999999997,18.459999084472656,False
2013-01-04,2012-12-31,1360.0,1340.0,20.0,1.65,1466.469970703125,162.36,22.13999938964844,False
2013-01-11,2013-01-07,1420.0,1400.0,20.0,0.29999999999999993,1472.050048828125,27.359999999999992,14.529999732971191,False
2013-01-25,2013-01-22,1440.0,1420.0,20.0,0.04999999999999999,1502.9599609375,2.359999999999999,13.279999732971191,False
2013-02-08,2013-02-04,1470.0,1455.0,15.0,0.09999999999999998,1517.9300537109375,7.359999999999998,14.0,False
2013-03-01,2013-02-25,1475.0,1460.0,15.0,0.25,1518.199951171875,22.36,13.6899995803833,False
2013-03-08,2013-03-04,1480.0,1460.0,20.0,0.8500000000000001,1551.1800537109375,82.36000000000001,16.15999984741211,False
2013-03-22,2013-03-18,1520.0,1505.0,15.0,0.6499999999999999,1556.8900146484375,62.359999999999985,13.470000267028809,False
2013-04-05,2013-04-01,1530.0,1515.0,15.0,0.04999999999999993,1553.280029296875,2.3599999999999928,13.460000038146973,False
2013-04-12,2013-04-08,1515.0,1500.0,15.0,0.75,1588.8499755859375,72.36,14.039999961853027,False
2013-04-26,2013-04-22,1515.0,1495.0,20.0,0.6500000000000001,1582.239990234375,62.360000000000014,15.079999923706056,False
2013-05-10,2013-05-06,1570.0,1555.0,15.0,0.25,1633.699951171875,22.36,13.0600004196167,False
2013-05-24,2013-05-20,1625.0,1605.0,20.0,0.55,1649.5999755859375,52.36000000000001,13.279999732971191,False
2013-06-14,2013-06-10,1600.0,1580.0,20.0,0.6000000000000001,1626.72998046875,57.36000000000001,15.15999984741211,False
2013-07-12,2013-07-08,1580.0,1560.0,20.0,0.2,1680.18994140625,17.36,14.65999984741211,False
2013-07-26,2013-07-22,1645.0,1620.0,25.0,0.10000000000000003,1691.6500244140625,7.360000000000003,13.229999542236328,False
2013-08-02,2013-07-29,1645.0,1625.0,20.0,0.5499999999999999,1709.6700439453125,52.35999999999999,13.539999961853027,False
2013-08-09,2013-08-05,1665.0,1645.0,20.0,0.19999999999999996,1691.4200439453125,17.359999999999996,12.289999961853027,False
2013-08-23,2013-08-19,1610.0,1590.0,20.0,0.7,1663.5,67.36,14.9399995803833,False
2013-08-30,2013-08-26,1620.0,1600.0,20.0,0.30000000000000004,1632.969970703125,27.360000000000003,14.369999885559082,False
2013-09-06,2013-09-03,1590.0,1565.0,25.0,0.3,1655.1700439453125,27.36,16.469999313354492,False
2013-09-13,2013-09-09,1610.0,1590.0,20.0,0.35,1687.989990234375,32.36,15.859999656677246,False
2013-09-27,2013-09-23,1665.0,1645.0,20.0,0.55,1691.75,52.36000000000001,14.039999961853027,False
2013-10-04,2013-09-30,1650.0,1630.0,20.0,2.3999999999999995,1690.5,237.35999999999996,17.489999771118164,False
2013-10-11,2013-10-07,1645.0,1630.0,15.0,1.35,1703.199951171875,132.36,18.76000022888184,False
2013-11-01,2013-10-28,1715.0,1695.0,20.0,0.050000000000000044,1761.6400146484375,2.3600000000000043,13.619999885559082,False
2013-11-08,2013-11-04,1720.0,1700.0,20.0,0.45000000000000007,1770.6099853515625,42.36000000000001,13.350000381469728,False
2013-11-22,2013-11-18,1755.0,1735.0,20.0,0.30000000000000004,1804.760009765625,27.360000000000003,12.40999984741211,False
2013-12-06,2013-12-02,1765.0,1745.0,20.0,0.5999999999999999,1805.0899658203125,57.359999999999985,13.90999984741211,False
2013-12-13,2013-12-09,1765.0,1745.0,20.0,0.29999999999999993,1775.3199462890625,27.359999999999992,13.970000267028809,False
2013-12-27,2013-12-23,1775.0,1755.0,20.0,0.050000000000000044,1841.4000244140625,2.3600000000000043,13.369999885559082,False
2014-01-03,2013-12-30,1800.0,1780.0,20.0,0.09999999999999998,1831.3699951171875,7.359999999999998,12.869999885559082,False
2014-01-10,2014-01-06,1790.0,1770.0,20.0,0.4,1842.3699951171875,37.36,13.40999984741211,False
2014-01-24,2014-01-21,1800.0,1780.0,20.0,0.14999999999999997,1790.2900390625,-958.63609375,12.630000114440918,False
2014-01-31,2014-01-27,1750.0,1730.0,20.0,1.1999999999999997,1782.5899658203125,117.35999999999997,17.290000915527344,False
2014-02-07,2014-02-03,1740.0,1720.0,20.0,1.2999999999999998,1797.02001953125,127.35999999999997,18.56999969482422,False
2014-02-14,2014-02-10,1755.0,1735.0,20.0,1.0000000000000002,1838.6300048828125,97.36000000000003,15.630000114440918,False
2014-02-28,2014-02-24,1790.0,1770.0,20.0,0.04999999999999993,1859.449951171875,2.3599999999999928,14.829999923706056,False
2014-03-14,2014-03-10,1835.0,1815.0,20.0,0.6499999999999999,1841.1300048828125,62.359999999999985,14.760000228881836,False
2014-03-28,2014-03-24,1820.0,1800.0,20.0,0.75,1857.6199951171875,72.36,14.699999809265137,False
2014-04-04,2014-03-31,1810.0,1790.0,20.0,0.35,1865.0899658203125,32.36,13.880000114440918,False
2014-04-11,2014-04-07,1820.0,1800.0,20.0,1.0500000000000003,1815.68994140625,-328.645859375,14.960000038146973,False
2014-04-25,2014-04-21,1815.0,1795.0,20.0,0.30000000000000004,1863.4000244140625,27.360000000000003,14.100000381469728,False
2014-05-02,2014-04-28,1815.0,1795.0,20.0,0.6500000000000001,1881.1400146484373,62.360000000000014,14.270000457763672,False
2014-05-09,2014-05-05,1835.0,1810.0,25.0,0.65,1878.47998046875,62.36,13.949999809265137,False
2014-05-23,2014-05-19,1830.0,1810.0,20.0,0.35,1900.530029296875,32.36,13.170000076293944,False
2014-06-13,2014-06-09,1905.0,1885.0,20.0,0.15000000000000002,1936.1600341796875,12.360000000000001,11.229999542236328,False
2014-06-27,2014-06-23,1920.0,1900.0,20.0,0.15000000000000002,1960.9599609375,12.360000000000001,11.260000228881836,False
2014-07-04,2014-06-30,1920.0,1900.0,20.0,0.29999999999999993,1985.43994140625,27.359999999999992,11.75,False
2014-07-11,2014-07-07,1945.0,1925.0,20.0,0.44999999999999996,1967.5699462890625,42.35999999999999,11.149999618530272,False
2014-07-25,2014-07-21,1935.0,1915.0,20.0,0.7999999999999998,1978.3399658203125,77.35999999999999,12.850000381469728,False
2014-08-01,2014-07-28,1935.0,1920.0,15.0,0.6500000000000001,1925.1500244140625,-922.63755859375,12.93000030517578,False
2014-08-08,2014-08-04,1880.0,1860.0,20.0,1.1,1931.5899658203125,107.36000000000001,16.639999389648438,False
2014-08-22,2014-08-18,1910.0,1890.0,20.0,0.25,1988.4000244140625,22.36,12.850000381469728,False
2014-08-29,2014-08-25,1945.0,1925.0,20.0,0.09999999999999998,2003.3699951171875,7.359999999999998,11.579999923706056,False
2014-09-05,2014-09-02,1960.0,1940.0,20.0,0.30000000000000004,2007.7099609375,27.360000000000003,12.31999969482422,False
2014-09-12,2014-09-08,1965.0,1945.0,20.0,0.45000000000000007,1985.5400390625,42.36000000000001,12.640000343322754,False
2014-09-26,2014-09-22,1970.0,1950.0,20.0,0.3999999999999999,1982.8499755859373,37.35999999999999,13.140000343322754,False
2014-10-03,2014-09-29,1940.0,1920.0,20.0,2.1999999999999993,1967.9000244140625,217.35999999999996,16.959999084472656,False
2014-10-10,2014-10-06,1925.0,1905.0,20.0,0.6499999999999999,1906.1300048828125,-1824.6395117187503,14.460000038146973,False
2014-10-24,2014-10-20,1835.0,1810.0,25.0,2.0999999999999996,1964.5799560546875,207.35999999999999,22.11000061035156,False
2014-10-31,2014-10-27,1910.0,1885.0,25.0,1.2000000000000002,2018.050048828125,117.36000000000001,17.239999771118164,False
2014-11-07,2014-11-03,1960.0,1935.0,25.0,0.30000000000000004,2031.9200439453125,27.360000000000003,14.40999984741211,False
2014-11-14,2014-11-10,1975.0,1950.0,25.0,0.19999999999999996,2039.8199462890625,17.359999999999996,13.15999984741211,False
2014-11-28,2014-11-24,2010.0,1985.0,25.0,0.04999999999999999,2067.56005859375,2.359999999999999,12.920000076293944,False
2014-12-05,2014-12-01,2015.0,1995.0,20.0,0.10000000000000009,2075.3701171875,7.360000000000008,14.15999984741211,False
2014-12-12,2014-12-08,2025.0,2005.0,20.0,0.30000000000000004,2002.3299560546875,-1972.64,13.050000190734863,False
2014-12-26,2014-12-22,2010.0,1985.0,25.0,0.15000000000000002,2088.77001953125,12.360000000000001,16.31999969482422,False
2015-01-02,2014-12-29,2030.0,2005.0,25.0,0.19999999999999996,2058.199951171875,17.359999999999996,16.040000915527344,False
2015-01-09,2015-01-05,2000.0,1975.0,25.0,3.1000000000000005,2044.81005859375,307.36000000000007,19.190000534057617,False
2015-01-23,2015-01-20,1960.0,1930.0,30.0,2.75,2051.820068359375,272.36,20.06999969482422,False
2015-01-30,2015-01-26,1990.0,1965.0,25.0,1.1500000000000001,1994.989990234375,112.36000000000001,16.959999084472656,False
2015-02-13,2015-02-09,1990.0,1960.0,30.0,1.5000000000000002,2096.989990234375,147.36000000000004,19.15999984741211,False
2015-02-27,2015-02-23,2045.0,2015.0,30.0,0.3999999999999999,2104.5,37.35999999999999,15.050000190734863,False
2015-03-06,2015-03-02,2045.0,2015.0,30.0,0.09999999999999998,2071.260009765625,7.359999999999998,13.899999618530272,False
2015-03-13,2015-03-09,2010.0,1985.0,25.0,0.6499999999999999,2053.39990234375,62.359999999999985,15.720000267028809,False
2015-03-27,2015-03-23,2045.0,2020.0,25.0,0.15000000000000002,2061.02001953125,12.360000000000001,13.520000457763672,False
2015-04-03,2015-03-30,2000.0,1970.0,30.0,0.04999999999999999,2066.9599609375,2.359999999999999,14.760000228881836,False
2015-04-10,2015-04-06,2005.0,1975.0,30.0,0.5,2102.06005859375,47.36,15.75,False
2015-04-24,2015-04-20,2020.0,1995.0,25.0,0.10000000000000003,2117.68994140625,7.360000000000003,13.670000076293944,False
2015-05-01,2015-04-27,2055.0,2030.0,25.0,0.10000000000000003,2108.2900390625,7.360000000000003,12.34000015258789,False
2015-05-08,2015-05-04,2050.0,2020.0,30.0,0.14999999999999997,2116.10009765625,12.359999999999996,13.119999885559082,False
2015-05-22,2015-05-18,2065.0,2035.0,30.0,0.5,2126.06005859375,47.36,13.079999923706056,False
2015-06-05,2015-06-01,2050.0,2030.0,20.0,0.4999999999999998,2092.830078125,47.35999999999998,13.920000076293944,False
2015-06-12,2015-06-08,2040.0,2015.0,25.0,1.5,2094.110107421875,147.36,14.84000015258789,False
2015-07-03,2015-06-29,2045.0,2025.0,20.0,1.7999999999999998,2076.780029296875,177.35999999999999,16.700000762939453,False
2015-07-10,2015-07-06,2020.0,2000.0,20.0,0.6000000000000001,2076.6201171875,57.36000000000001,18.649999618530277,False
2015-07-24,2015-07-20,2070.0,2050.0,20.0,0.15000000000000002,2079.64990234375,12.360000000000001,12.25,False
2015-07-31,2015-07-27,2025.0,2000.0,25.0,1.65,2103.840087890625,162.36,15.600000381469728,False
2015-08-07,2015-08-03,2050.0,2025.0,25.0,0.3999999999999999,2077.570068359375,37.35999999999999,12.850000381469728,False
2015-08-14,2015-08-10,2020.0,1995.0,25.0,0.09999999999999998,2091.5400390625,7.359999999999998,12.729999542236328,False
2015-08-28,2015-08-24,1905.0,1880.0,25.0,1.0,1988.8699951171875,97.36,28.030000686645508,False
2015-09-04,2015-08-31,1920.0,1885.0,35.0,4.699999999999999,1921.219970703125,467.35999999999996,27.030000686645508,False
2015-09-11,2015-09-08,1850.0,1815.0,35.0,0.45000000000000007,1961.050048828125,42.36000000000001,25.049999237060547,False
2015-09-25,2015-09-21,1885.0,1850.0,35.0,0.5,1931.3399658203125,47.36,21.96999931335449,False
2015-10-02,2015-09-28,1855.0,1820.0,35.0,3.0999999999999996,1951.3599853515625,307.35999999999996,25.020000457763672,False
2015-10-09,2015-10-05,1875.0,1840.0,35.0,0.25,2014.8900146484373,22.36,20.309999465942383,False
2015-10-30,2015-10-26,2000.0,1965.0,35.0,0.5,2079.360107421875,47.36,14.760000228881836,False
2015-11-06,2015-11-02,2005.0,1970.0,35.0,0.25,2099.199951171875,22.36,15.40999984741211,False
2015-11-13,2015-11-09,2025.0,1995.0,30.0,0.85,2023.0400390625,-113.63609374999999,15.34000015258789,False
2015-11-27,2015-11-23,2015.0,1980.0,35.0,0.04999999999999999,2090.110107421875,2.359999999999999,16.149999618530273,False
2015-12-04,2015-11-30,2020.0,1985.0,35.0,0.8999999999999999,2091.68994140625,87.35999999999999,15.550000190734863,False
2015-12-11,2015-12-07,2020.0,1985.0,35.0,1.0,2012.3699951171875,-665.64048828125,15.649999618530272,False
2015-12-25,2015-12-21,1930.0,1895.0,35.0,0.30000000000000004,2060.989990234375,27.360000000000003,19.63999938964844,False
2016-01-01,2015-12-28,1985.0,1950.0,35.0,0.55,2043.93994140625,52.36000000000001,17.649999618530273,False
2016-01-08,2016-01-04,1970.0,1935.0,35.0,4.8,1922.030029296875,-3022.64,22.479999542236328,False
2016-01-22,2016-01-19,1800.0,1760.0,40.0,1.1500000000000001,1906.9000244140625,112.36000000000001,25.399999618530277,False
2016-01-29,2016-01-25,1820.0,1785.0,35.0,1.8,1940.239990234375,177.36,23.299999237060547,False
2016-02-05,2016-02-01,1855.0,1815.0,40.0,1.3,1880.050048828125,127.36,21.31999969482422,False
2016-02-12,2016-02-08,1795.0,1755.0,40.0,5.2,1864.780029296875,517.36,25.88999938964844,False
2016-02-26,2016-02-22,1830.0,1795.0,35.0,0.09999999999999998,1948.050048828125,7.359999999999998,20.13999938964844,False
2016-03-04,2016-02-29,1860.0,1825.0,35.0,0.4,1999.989990234375,37.36,20.489999771118164,False
2016-03-11,2016-03-07,1915.0,1875.0,40.0,0.75,2022.18994140625,72.36,17.979999542236328,False
2016-04-01,2016-03-28,1955.0,1920.0,35.0,0.15000000000000002,2072.780029296875,12.360000000000001,15.649999618530272,False
2016-04-08,2016-04-04,1995.0,1960.0,35.0,0.09999999999999998,2047.5999755859373,7.359999999999998,13.880000114440918,False
2016-04-22,2016-04-18,2005.0,1970.0,35.0,0.15000000000000002,2091.580078125,12.360000000000001,14.869999885559082,False
2016-04-29,2016-04-25,2020.0,1985.0,35.0,0.55,2065.300048828125,52.36000000000001,14.06999969482422,False
2016-05-06,2016-05-02,1995.0,1960.0,35.0,0.4,2057.139892578125,37.36,16.329999923706055,False
2016-05-13,2016-05-09,1985.0,1955.0,30.0,0.15000000000000002,2046.6099853515625,12.360000000000001,15.199999809265137,False
2016-05-27,2016-05-23,1985.0,1955.0,30.0,0.15000000000000002,2099.06005859375,12.360000000000001,16.329999923706055,False
2016-06-03,2016-05-31,2030.0,2000.0,30.0,0.09999999999999998,2099.1298828125,7.359999999999998,13.9399995803833,False
2016-06-24,2016-06-20,2010.0,1980.0,30.0,1.0500000000000003,2037.4100341796875,102.36000000000003,17.420000076293945,False
2016-07-01,2016-06-27,1970.0,1945.0,25.0,4.1,2102.949951171875,407.35999999999996,24.3799991607666,False
2016-07-08,2016-07-05,2030.0,2000.0,30.0,0.5,2129.89990234375,47.36,16.049999237060547,False
2016-07-22,2016-07-18,2090.0,2060.0,30.0,0.04999999999999999,2175.030029296875,2.359999999999999,12.75,False
2016-07-29,2016-07-25,2110.0,2080.0,30.0,0.5000000000000001,2173.60009765625,47.360000000000014,12.640000343322754,False
2016-08-12,2016-08-08,2120.0,2095.0,25.0,0.09999999999999998,2184.050048828125,7.359999999999998,11.65999984741211,False
2016-08-26,2016-08-22,2125.0,2100.0,25.0,0.55,2169.0400390625,52.36000000000001,12.529999732971191,False
2016-09-02,2016-08-29,2115.0,2090.0,25.0,0.55,2179.97998046875,52.36000000000001,14.09000015258789,False
2016-09-23,2016-09-19,2085.0,2060.0,25.0,0.7000000000000001,2164.68994140625,67.36,15.140000343322754,False
2016-09-30,2016-09-26,2110.0,2085.0,25.0,2.25,2168.27001953125,222.36,13.260000228881836,False
2016-10-07,2016-10-03,2115.0,2090.0,25.0,1.2000000000000002,2153.739990234375,117.36000000000001,13.75,False
2016-10-14,2016-10-10,2100.0,2080.0,20.0,0.10000000000000003,2132.97998046875,7.360000000000003,14.1899995803833,False
2016-10-28,2016-10-24,2090.0,2065.0,25.0,0.15000000000000002,2126.409912109375,12.360000000000001,13.1899995803833,False
2016-11-04,2016-10-31,2075.0,2050.0,25.0,1.4500000000000002,2085.179931640625,142.36000000000004,16.309999465942383,False
2016-11-11,2016-11-07,2035.0,2010.0,25.0,2.3999999999999995,2164.449951171875,237.35999999999996,19.780000686645508,False
2016-12-02,2016-11-28,2160.0,2135.0,25.0,0.5,2191.949951171875,47.36,13.399999618530272,False
2016-12-23,2016-12-19,2205.0,2180.0,25.0,0.19999999999999996,2263.7900390625,17.359999999999996,12.5,False
2017-01-13,2017-01-09,2225.0,2200.0,25.0,0.39999999999999997,2274.639892578125,37.36,11.710000038146973,False
2017-01-27,2017-01-23,2225.0,2200.0,25.0,0.55,2294.68994140625,52.36000000000001,12.300000190734863,False
2017-02-03,2017-01-30,2245.0,2225.0,20.0,1.0499999999999998,2297.419921875,102.35999999999999,11.100000381469728,False
2017-02-10,2017-02-06,2250.0,2230.0,20.0,0.25,2316.10009765625,22.36,11.369999885559082,False
2017-02-24,2017-02-21,2305.0,2285.0,20.0,0.050000000000000044,2367.340087890625,2.3600000000000043,12.050000190734863,False
2017-03-03,2017-02-27,2320.0,2300.0,20.0,0.1499999999999999,2383.1201171875,12.35999999999999,11.779999732971191,False
2017-03-10,2017-03-06,2335.0,2315.0,20.0,0.30000000000000004,2372.60009765625,27.360000000000003,11.59000015258789,False
2017-03-24,2017-03-20,2335.0,2315.0,20.0,0.45000000000000007,2343.97998046875,42.36000000000001,11.710000038146973,False
2017-03-31,2017-03-27,2300.0,2280.0,20.0,1.9000000000000004,2362.719970703125,187.36000000000004,14.779999732971191,True
2017-04-07,2017-04-03,2315.0,2295.0,20.0,0.30000000000000004,2355.5400390625,27.360000000000003,12.59000015258789,False
2017-05-12,2017-05-08,2355.0,2335.0,20.0,0.34999999999999987,2390.89990234375,32.359999999999985,10.529999732971191,False
2017-05-19,2017-05-15,2345.0,2325.0,20.0,0.19999999999999996,2381.72998046875,17.359999999999996,10.539999961853027,False
2017-05-26,2017-05-22,2335.0,2315.0,20.0,0.25,2415.820068359375,22.36,12.289999961853027,False
2017-06-02,2017-05-30,2370.0,2350.0,20.0,0.15000000000000002,2439.070068359375,12.360000000000001,10.609999656677246,False
2017-06-09,2017-06-05,2395.0,2375.0,20.0,0.29999999999999993,2431.77001953125,27.359999999999992,10.079999923706056,False
2017-06-16,2017-06-12,2385.0,2365.0,20.0,1.35,2433.14990234375,132.36,11.1899995803833,False
2017-06-23,2017-06-19,2390.0,2370.0,20.0,0.10000000000000003,2438.300048828125,7.360000000000003,10.56999969482422,False
2017-06-30,2017-06-26,2395.0,2375.0,20.0,0.15000000000000002,2423.409912109375,12.360000000000001,10.130000114440918,False
2017-07-07,2017-07-03,2380.0,2360.0,20.0,0.04999999999999999,2425.179931640625,2.359999999999999,11.06999969482422,False
2017-07-14,2017-07-10,2380.0,2360.0,20.0,0.6000000000000001,2459.27001953125,57.36000000000001,11.260000228881836,False
2017-07-21,2017-07-17,2415.0,2395.0,20.0,0.25,2472.5400390625,22.36,9.770000457763672,False
2017-07-28,2017-07-24,2430.0,2410.0,20.0,0.4,2472.10009765625,37.36,9.9399995803833,False
2017-08-04,2017-07-31,2430.0,2410.0,20.0,0.30000000000000004,2476.830078125,27.360000000000003,10.529999732971191,False
2017-08-11,2017-08-07,2435.0,2415.0,20.0,0.35,2441.320068359375,32.36,10.1899995803833,False
2017-08-18,2017-08-14,2400.0,2380.0,20.0,0.5,2425.550048828125,47.36,14.050000190734863,False
2017-08-25,2017-08-21,2380.0,2360.0,20.0,1.4999999999999998,2443.050048828125,147.35999999999999,14.59000015258789,False
2017-09-01,2017-08-28,2400.0,2380.0,20.0,0.6500000000000001,2476.550048828125,62.360000000000014,12.09000015258789,False
2017-09-08,2017-09-05,2430.0,2410.0,20.0,0.4,2461.429931640625,37.36,11.75,False
2017-09-15,2017-09-11,2415.0,2395.0,20.0,0.09999999999999998,2500.22998046875,7.359999999999998,11.380000114440918,False
2017-09-22,2017-09-18,2455.0,2435.0,20.0,0.14999999999999997,2502.219970703125,12.359999999999996,10.18000030517578,False
2017-09-29,2017-09-25,2460.0,2440.0,20.0,0.4,2519.360107421875,37.36,10.079999923706056,False
2017-10-06,2017-10-02,2475.0,2455.0,20.0,0.30000000000000004,2549.330078125,27.360000000000003,9.59000015258789,False
2017-10-13,2017-10-09,2505.0,2485.0,20.0,0.3500000000000001,2553.169921875,32.36000000000001,9.920000076293944,False
2017-10-20,2017-10-16,2510.0,2495.0,15.0,0.09999999999999998,2575.2099609375,7.359999999999998,9.949999809265137,False
2017-10-27,2017-10-23,2535.0,2515.0,20.0,0.3500000000000001,2581.070068359375,32.36000000000001,10.25,False
2017-11-03,2017-10-30,2540.0,2520.0,20.0,0.8499999999999999,2587.840087890625,82.35999999999999,10.279999732971191,False
2017-11-10,2017-11-06,2545.0,2530.0,15.0,0.25,2582.300048828125,22.36,9.630000114440918,False
2017-11-17,2017-11-13,2540.0,2525.0,15.0,0.8500000000000001,2578.85009765625,82.36000000000001,11.43000030517578,False
2017-11-24,2017-11-20,2540.0,2520.0,20.0,0.25,2602.419921875,22.36,11.960000038146973,False
2017-12-01,2017-11-27,2565.0,2545.0,20.0,0.44999999999999996,2642.219970703125,42.35999999999999,10.06999969482422,False
2017-12-08,2017-12-04,2600.0,2580.0,20.0,0.44999999999999996,2651.5,42.35999999999999,11.050000190734863,False
2017-12-15,2017-12-11,2610.0,2590.0,20.0,0.30000000000000004,2675.81005859375,27.360000000000003,9.739999771118164,False
2017-12-22,2017-12-18,2635.0,2615.0,20.0,0.10000000000000003,2683.340087890625,7.360000000000003,9.460000038146973,False
2017-12-29,2017-12-26,2645.0,2625.0,20.0,0.25,2673.610107421875,22.36,10.1899995803833,False
2018-01-05,2018-01-02,2635.0,2615.0,20.0,0.19999999999999996,2743.14990234375,17.359999999999996,10.949999809265137,False
2018-01-12,2018-01-08,2700.0,2680.0,20.0,0.29999999999999993,2786.239990234375,27.359999999999992,9.609999656677246,False
2018-01-19,2018-01-16,2740.0,2720.0,20.0,0.10000000000000003,2810.300048828125,7.360000000000003,10.420000076293944,False
2018-01-26,2018-01-22,2765.0,2745.0,20.0,0.6500000000000001,2872.8701171875,62.360000000000014,11.59000015258789,False
2018-02-02,2018-01-29,2825.0,2805.0,20.0,1.4,2762.1298828125,-1862.6400000000003,11.710000038146973,False
2018-02-09,2018-02-05,2710.0,2685.0,25.0,3.9000000000000004,2619.550048828125,-2112.64,18.440000534057617,True
2018-02-16,2018-02-12,2550.0,2520.0,30.0,3.0,2732.219970703125,297.36,27.25,False
2018-02-23,2018-02-20,2655.0,2620.0,35.0,2.0,2747.300048828125,197.36,20.530000686645508,False
2018-03-02,2018-02-26,2670.0,2635.0,35.0,0.65,2691.25,62.36,16.530000686645508,False
2018-03-16,2018-03-12,2700.0,2660.0,40.0,0.6000000000000001,2752.010009765625,57.36000000000001,15.279999732971191,False
2018-03-23,2018-03-19,2665.0,2625.0,40.0,1.6,2588.260009765625,-3842.64,16.6299991607666,False
2018-03-30,2018-03-26,2495.0,2450.0,45.0,0.8,2640.8701171875,77.36,23.40999984741211,False
2018-04-06,2018-04-02,2545.0,2505.0,40.0,3.0999999999999996,2604.469970703125,307.35999999999996,21.06999969482422,False
2018-04-13,2018-04-09,2505.0,2460.0,45.0,1.35,2656.300048828125,132.36,21.270000457763672,False
2018-04-20,2018-04-16,2555.0,2515.0,40.0,0.5,2670.139892578125,47.36,17.59000015258789,False
2018-04-27,2018-04-23,2575.0,2530.0,45.0,0.95,2669.909912109375,92.36,17.290000915527344,False
2018-05-04,2018-04-30,2575.0,2530.0,45.0,0.45000000000000007,2663.419921875,42.36000000000001,15.3100004196167,False
2018-05-11,2018-05-07,2565.0,2525.0,40.0,0.4,2727.719970703125,37.36,15.050000190734863,False
2018-05-18,2018-05-14,2630.0,2585.0,45.0,0.15000000000000002,2712.969970703125,12.360000000000001,13.09000015258789,False
2018-05-25,2018-05-21,2620.0,2575.0,45.0,0.09999999999999998,2721.330078125,7.359999999999998,12.989999771118164,False
2018-06-01,2018-05-29,2630.0,2590.0,40.0,0.65,2734.6201171875,62.36,14.390000343322754,False
2018-06-08,2018-06-04,2645.0,2605.0,40.0,0.20000000000000007,2779.030029296875,17.360000000000007,13.90999984741211,False
2018-06-15,2018-06-11,2690.0,2655.0,35.0,0.3999999999999999,2779.659912109375,37.35999999999999,12.520000457763672,False
2018-06-22,2018-06-18,2695.0,2660.0,35.0,0.95,2754.8798828125,92.36,12.789999961853027,False
2018-06-29,2018-06-25,2675.0,2640.0,35.0,2.3499999999999996,2718.3701171875,232.35999999999999,15.06999969482422,False
2018-07-06,2018-07-02,2640.0,2600.0,40.0,1.7000000000000002,2759.820068359375,167.36000000000004,17.700000762939453,False
2018-07-13,2018-07-09,2680.0,2645.0,35.0,0.20000000000000007,2801.31005859375,17.360000000000007,13.020000457763672,False
2018-07-20,2018-07-16,2725.0,2690.0,35.0,0.40000000000000013,2801.830078125,37.360000000000014,12.770000457763672,False
2018-07-27,2018-07-23,2725.0,2695.0,30.0,0.35,2818.820068359375,32.36,13.470000267028809,False
2018-08-03,2018-07-30,2745.0,2710.0,35.0,0.95,2840.35009765625,92.36,13.630000114440918,False
2018-08-10,2018-08-06,2765.0,2735.0,30.0,0.35,2833.280029296875,32.36,11.90999984741211,False
2018-08-17,2018-08-13,2760.0,2730.0,30.0,0.55,2850.1298828125,52.36000000000001,14.5,False
2018-08-24,2018-08-20,2780.0,2750.0,30.0,0.5499999999999999,2874.68994140625,52.35999999999999,12.56999969482422,False
2018-08-31,2018-08-27,2805.0,2775.0,30.0,0.19999999999999996,2901.52001953125,17.359999999999996,12.369999885559082,False
2018-09-07,2018-09-04,2835.0,2805.0,30.0,0.7,2871.679931640625,67.36,13.130000114440918,False
2018-09-14,2018-09-10,2805.0,2775.0,30.0,0.5000000000000001,2904.97998046875,47.360000000000014,15.09000015258789,False
2018-09-21,2018-09-17,2840.0,2810.0,30.0,0.5499999999999999,2929.669921875,52.35999999999999,12.720000267028809,False
2018-09-28,2018-09-24,2865.0,2835.0,30.0,1.2499999999999998,2913.97998046875,122.35999999999997,12.460000038146973,False
2018-10-05,2018-10-01,2850.0,2825.0,25.0,0.20000000000000007,2885.570068359375,17.360000000000007,11.989999771118164,False
2018-10-12,2018-10-08,2820.0,2795.0,25.0,1.5999999999999996,2767.1298828125,-2342.64,16.049999237060547,False
2018-10-19,2018-10-15,2690.0,2655.0,35.0,4.300000000000001,2767.780029296875,427.36000000000007,21.96999931335449,False
2018-10-26,2018-10-22,2690.0,2655.0,35.0,3.7,2658.68994140625,-2763.645859375,19.3799991607666,False
2018-11-02,2018-10-29,2575.0,2535.0,40.0,2.2,2723.06005859375,217.36000000000004,24.479999542236328,False
2018-11-09,2018-11-05,2630.0,2590.0,40.0,2.9000000000000004,2781.010009765625,287.36000000000007,20.57999992370605,False
2018-11-16,2018-11-12,2685.0,2645.0,40.0,2.5999999999999996,2736.27001953125,257.35999999999996,17.260000228881836,False
2018-11-23,2018-11-19,2640.0,2595.0,45.0,1.4999999999999998,2632.56005859375,-596.634140625,18.780000686645508,False
2018-11-30,2018-11-26,2535.0,2490.0,45.0,0.6000000000000001,2760.169921875,57.36000000000001,20.780000686645508,False
2018-12-07,2018-12-03,2655.0,2610.0,45.0,0.6000000000000001,2633.080078125,-2134.6321875,16.040000915527344,False
2018-12-14,2018-12-10,2520.0,2470.0,50.0,4.4,2599.949951171875,437.36000000000007,23.950000762939453,False
2018-12-21,2018-12-17,2485.0,2435.0,50.0,3.25,2416.6201171875,-4677.64,22.36000061035156,False
2018-12-28,2018-12-24,2295.0,2240.0,55.0,6.999999999999999,2485.739990234375,697.3599999999999,29.290000915527344,False
2019-01-04,2018-12-31,2355.0,2300.0,55.0,2.0,2531.93994140625,197.36,27.59000015258789,False
2019-01-11,2019-01-07,2405.0,2350.0,55.0,1.25,2596.260009765625,122.36,22.059999465942383,False
2019-01-18,2019-01-14,2470.0,2415.0,55.0,1.0499999999999998,2670.7099609375,102.35999999999999,19.84000015258789,False
2019-01-25,2019-01-22,2545.0,2490.0,55.0,0.35000000000000003,2664.760009765625,32.36,18.530000686645508,False
2019-02-01,2019-01-28,2545.0,2490.0,55.0,2.75,2706.530029296875,272.36,18.559999465942383,False
2019-02-08,2019-02-04,2585.0,2530.0,55.0,0.25000000000000006,2707.8798828125,22.360000000000007,16.719999313354492,False
2019-02-15,2019-02-11,2590.0,2540.0,50.0,0.6499999999999999,2775.60009765625,62.359999999999985,16.170000076293945,False
2019-02-22,2019-02-19,2660.0,2610.0,50.0,0.09999999999999998,2792.669921875,7.359999999999998,15.649999618530272,False
2019-03-01,2019-02-25,2685.0,2635.0,50.0,0.2,2803.68994140625,17.36,13.90999984741211,False
2019-03-08,2019-03-04,2700.0,2650.0,50.0,0.2,2743.070068359375,17.36,13.770000457763672,False
2019-03-15,2019-03-11,2635.0,2590.0,45.0,0.30000000000000004,2822.47998046875,27.360000000000003,16.280000686645508,False
2019-03-22,2019-03-18,2715.0,2670.0,45.0,0.09999999999999998,2800.7099609375,7.359999999999998,13.130000114440918,False
2019-03-29,2019-03-25,2695.0,2650.0,45.0,2.1500000000000004,2834.39990234375,212.36000000000004,17.760000228881836,False
2019-04-05,2019-04-01,2735.0,2690.0,45.0,0.09999999999999998,2892.739990234375,7.359999999999998,13.899999618530272,False
2019-04-12,2019-04-08,2795.0,2750.0,45.0,0.35,2907.409912109375,32.36,13.550000190734863,False
2019-04-19,2019-04-15,2810.0,2770.0,40.0,0.09999999999999998,2905.030029296875,7.359999999999998,12.460000038146973,False
2019-04-26,2019-04-22,2815.0,2775.0,40.0,0.39999999999999997,2939.8798828125,37.36,13.210000038146973,False
2019-05-03,2019-04-29,2850.0,2815.0,35.0,0.5499999999999999,2945.639892578125,52.35999999999999,13.039999961853027,False
2019-05-10,2019-05-06,2860.0,2820.0,40.0,3.6000000000000005,2881.39990234375,357.36000000000007,12.890000343322754,True
2019-05-17,2019-05-13,2790.0,2750.0,40.0,8.499999999999998,2859.530029296875,847.3599999999998,18.6200008392334,True
2019-05-24,2019-05-20,2765.0,2725.0,40.0,2.8,2826.06005859375,277.36,15.880000114440918,False
2019-05-31,2019-05-28,2735.0,2695.0,40.0,0.5499999999999999,2752.06005859375,52.35999999999999,16.549999237060547,False
2019-06-07,2019-06-03,2660.0,2620.0,40.0,2.3,2873.340087890625,227.35999999999999,19.40999984741211,False
2019-06-14,2019-06-10,2775.0,2730.0,45.0,0.39999999999999997,2886.97998046875,37.36,16.299999237060547,False
2019-06-21,2019-06-17,2790.0,2750.0,40.0,0.6,2950.4599609375,57.36,15.649999618530272,False
2019-06-28,2019-06-24,2855.0,2810.0,45.0,0.6499999999999999,2941.760009765625,62.359999999999985,15.460000038146973,False
2019-07-05,2019-07-01,2850.0,2805.0,45.0,0.15000000000000002,2990.409912109375,12.360000000000001,13.850000381469728,False
2019-07-12,2019-07-08,2900.0,2860.0,40.0,0.9,3013.77001953125,87.36,13.729999542236328,False
2019-07-19,2019-07-15,2925.0,2885.0,40.0,0.25,2976.610107421875,22.36,12.579999923706056,False
2019-07-26,2019-07-22,2890.0,2850.0,40.0,0.5499999999999999,3025.860107421875,52.35999999999999,14.550000190734863,False
2019-08-02,2019-07-29,2940.0,2905.0,35.0,1.3499999999999999,2932.050048828125,-662.6351171875,12.149999618530272,False
2019-08-09,2019-08-05,2845.0,2805.0,40.0,7.600000000000001,2918.64990234375,757.3600000000001,19.959999084472656,True
2019-08-16,2019-08-12,2825.0,2785.0,40.0,4.1,2888.679931640625,407.35999999999996,17.8700008392334,False
2019-08-23,2019-08-19,2790.0,2750.0,40.0,0.5499999999999999,2847.110107421875,52.35999999999999,17.93000030517578,False
2019-08-30,2019-08-26,2750.0,2705.0,45.0,2.3000000000000003,2926.4599609375,227.36000000000004,20.34000015258789,False
2019-09-06,2019-09-03,2825.0,2780.0,45.0,2.1999999999999997,2978.7099609375,217.35999999999999,20.959999084472656,False
2019-09-13,2019-09-09,2880.0,2835.0,45.0,0.44999999999999996,3007.389892578125,42.35999999999999,15.260000228881836,False
2019-09-20,2019-09-16,2910.0,2865.0,45.0,1.0999999999999999,2992.070068359375,107.35999999999999,14.890000343322754,False
2019-09-27,2019-09-23,2895.0,2855.0,40.0,0.8999999999999999,2961.7900390625,87.35999999999999,15.350000381469728,False
2019-10-04,2019-09-30,2865.0,2825.0,40.0,0.95,2952.010009765625,92.36,17.229999542236328,False
2019-10-11,2019-10-07,2850.0,2805.0,45.0,2.7,2970.27001953125,267.36,18.270000457763672,False
2019-10-18,2019-10-14,2870.0,2825.0,45.0,1.05,2986.199951171875,102.36,15.65999984741211,False
2019-10-25,2019-10-21,2890.0,2845.0,45.0,0.25000000000000006,3022.550048828125,22.360000000000007,14.239999771118164,False
2019-11-01,2019-10-28,2925.0,2885.0,40.0,0.15000000000000002,3066.909912109375,12.360000000000001,13.010000228881836,False
2019-11-08,2019-11-04,2975.0,2935.0,40.0,0.15000000000000002,3093.080078125,12.360000000000001,12.68000030517578,False
2019-11-15,2019-11-11,3005.0,2965.0,40.0,0.45000000000000007,3120.4599609375,42.36000000000001,13.149999618530272,False
2019-11-22,2019-11-18,3035.0,2995.0,40.0,0.8,3110.2900390625,77.36,12.390000343322754,False
2019-11-29,2019-11-25,3025.0,2990.0,35.0,0.04999999999999999,3140.97998046875,2.359999999999999,12.510000228881836,False
2019-12-06,2019-12-02,3060.0,3025.0,35.0,1.4,3145.91,137.36,12.69,False
2019-12-13,2019-12-09,3065.0,3025.0,40.0,1.15,3168.8,112.35999999999999,14.25,False
2019-12-20,2019-12-16,3085.0,3050.0,35.0,0.25,3221.22,22.36,12.47,False
2019-12-27,2019-12-23,3140.0,3105.0,35.0,0.2,3240.02,17.36,12.81,False
2020-01-03,2019-12-30,3165.0,3130.0,35.0,1.65,3234.85,162.36,13.74,False
2020-01-10,2020-01-06,3160.0,3125.0,35.0,2.3,3265.35,227.35999999999999,15.45,True
2020-01-17,2020-01-13,3190.0,3155.0,35.0,0.7,3329.62,67.36,12.84,False
2020-01-24,2020-01-21,3255.0,3220.0,35.0,0.7499999999999999,3295.47,72.35999999999999,13.23,False
2020-01-31,2020-01-27,3220.0,3185.0,35.0,6.600000000000001,3225.52,657.3600000000001,17.42,True
2020-02-07,2020-02-03,3150.0,3115.0,35.0,1.4499999999999997,3327.71,142.35999999999999,18.64,False
2020-02-14,2020-02-10,3245.0,3205.0,40.0,1.7999999999999998,3380.16,177.35999999999999,15.88,False
2020-02-21,2020-02-18,3295.0,3260.0,35.0,1.0,3337.75,97.36,14.98,False
2020-02-28,2020-02-24,3255.0,3220.0,35.0,11.800000000000004,2954.22,-2322.6399999999994,22.25,True
2020-03-06,2020-03-02,2835.0,2780.0,55.0,4.800000000000001,2972.37,477.36000000000007,38.54,False
2020-03-20,2020-03-16,2545.0,2470.0,75.0,27.400000000000006,2304.92,-4762.639999999999,57.83,True
2020-04-03,2020-03-30,2325.0,2225.0,100.0,9.4,2488.65,937.36,66.3,False
2020-04-10,2020-04-06,2270.0,2170.0,100.0,0.75,2789.82,72.36,44.17,False
2020-04-17,2020-04-13,2555.0,2455.0,100.0,6.3999999999999995,2874.56,637.36,44.6,False
2020-04-24,2020-04-20,2645.0,2540.0,105.0,5.3,2836.74,527.36,40.68,False
2020-05-01,2020-04-27,2605.0,2505.0,100.0,0.5,2830.71,47.36,36.29,False
2020-05-08,2020-05-04,2605.0,2505.0,100.0,2.6999999999999997,2929.8,267.36,39.13,False
2020-05-15,2020-05-11,2710.0,2610.0,100.0,1.5499999999999998,2863.7,152.35999999999999,28.46,False
2020-05-22,2020-05-18,2640.0,2545.0,95.0,0.30000000000000004,2955.45,27.360000000000003,30.71,False
2020-05-29,2020-05-26,2740.0,2645.0,95.0,0.04999999999999999,3044.31,2.359999999999999,27.72,False
2020-06-05,2020-06-01,2835.0,2740.0,95.0,1.45,3193.93,142.36,28.94,False
2020-06-12,2020-06-08,2985.0,2890.0,95.0,0.6000000000000001,3041.31,57.36000000000001,25.56,False
2020-06-19,2020-06-15,2825.0,2725.0,100.0,7.2,3097.74,717.36,44.09,True
2020-06-26,2020-06-22,2880.0,2780.0,100.0,2.1999999999999997,3009.05,217.35999999999999,35.22,False
2020-07-03,2020-06-29,2790.0,2695.0,95.0,1.35,3130.01,132.36,35.05,False
2020-07-10,2020-07-06,2915.0,2820.0,95.0,0.3999999999999999,3185.04,37.35999999999999,27.76,False
2020-07-17,2020-07-13,2980.0,2885.0,95.0,0.85,3224.73,82.36,27.85,False
2020-07-24,2020-07-20,3025.0,2935.0,90.0,0.8999999999999999,3215.63,87.35999999999999,26.94,False
2020-07-31,2020-07-27,3020.0,2935.0,85.0,0.6000000000000001,3271.12,57.36000000000001,26.6,False
2020-08-07,2020-08-03,3085.0,3000.0,85.0,0.7,3351.28,67.36,25.75,False
2020-08-14,2020-08-10,3170.0,3090.0,80.0,0.6499999999999999,3372.85,62.359999999999985,22.88,False
2020-08-21,2020-08-17,3200.0,3125.0,75.0,0.44999999999999996,3397.16,42.35999999999999,22.52,False
2020-08-28,2020-08-24,3230.0,3160.0,70.0,0.44999999999999996,3508.01,42.35999999999999,22.87,False
2020-09-04,2020-08-31,3345.0,3275.0,70.0,1.2000000000000002,3426.96,117.36000000000001,23.91,False
2020-09-11,2020-09-08,3255.0,3180.0,75.0,7.700000000000001,3340.97,767.3600000000001,30.61,True
2020-09-18,2020-09-14,3170.0,3095.0,75.0,1.1,3319.47,107.36000000000001,25.86,False
2020-09-25,2020-09-21,3150.0,3075.0,75.0,6.1,3298.46,607.36,28.04,True
2020-10-02,2020-09-28,3130.0,3055.0,75.0,1.15,3348.42,112.35999999999999,27.15,False
2020-10-09,2020-10-05,3185.0,3110.0,75.0,1.0999999999999999,3477.14,107.35999999999999,29.52,False
2020-10-16,2020-10-12,3310.0,3240.0,70.0,0.5,3483.81,47.36,25.65,False
2020-10-23,2020-10-19,3320.0,3250.0,70.0,1.2000000000000002,3465.39,117.36000000000001,27.36,False
2020-10-30,2020-10-26,3305.0,3235.0,70.0,3.2500000000000004,3269.96,-3181.6399999999962,29.38,False
2020-11-06,2020-11-02,3100.0,3025.0,75.0,2.6000000000000014,3509.44,257.3600000000001,38.57,False
2020-11-13,2020-11-09,3330.0,3250.0,80.0,0.55,3585.15,52.36000000000001,24.8,False
2020-11-20,2020-11-16,3405.0,3330.0,75.0,0.9000000000000001,3557.54,87.36000000000001,23.66,False
2020-11-27,2020-11-23,3385.0,3310.0,75.0,0.24999999999999994,3638.35,22.359999999999992,23.66,False
2020-12-04,2020-11-30,3470.0,3395.0,75.0,1.65,3699.12,162.36,22.64,False
2020-12-11,2020-12-07,3535.0,3460.0,75.0,0.8999999999999999,3663.46,87.35999999999999,22.04,False
2020-12-18,2020-12-14,3505.0,3430.0,75.0,0.6499999999999999,3709.41,62.359999999999985,22.67,False
2020-12-25,2020-12-21,3555.0,3485.0,70.0,4.6000000000000005,3703.06,457.36000000000007,24.25,False
2021-01-01,2020-12-28,3550.0,3485.0,65.0,0.30000000000000004,3756.07,27.360000000000003,22.11,False
2021-01-08,2021-01-04,3610.0,3545.0,65.0,3.3999999999999995,3824.68,337.35999999999996,23.04,False
2021-01-15,2021-01-11,3675.0,3610.0,65.0,3.0999999999999996,3768.25,307.35999999999996,23.31,False
2021-01-22,2021-01-19,3620.0,3555.0,65.0,1.25,3841.47,122.36,23.03,False
2021-01-29,2021-01-25,3700.0,3635.0,65.0,1.7000000000000002,3714.24,167.36000000000004,22.31,False
2021-02-05,2021-02-01,3565.0,3500.0,65.0,4.6000000000000005,3886.83,457.36000000000007,31.45,False
2021-02-12,2021-02-08,3730.0,3665.0,65.0,0.7500000000000001,3934.83,72.36000000000001,21.89,False
2021-02-19,2021-02-16,3785.0,3720.0,65.0,0.7000000000000002,3906.71,67.36000000000001,21.13,False
2021-02-26,2021-02-22,3765.0,3700.0,65.0,3.45,3811.15,342.36,24.46,False
2021-03-05,2021-03-01,3665.0,3600.0,65.0,1.5499999999999998,3841.94,152.35999999999999,25.2,False
2021-03-12,2021-03-08,3690.0,3625.0,65.0,4.7,3943.34,467.36,27.61,False
2021-03-19,2021-03-15,3790.0,3720.0,70.0,1.9,3913.1,187.36,21.84,False
2021-03-26,2021-03-22,3760.0,3695.0,65.0,1.2999999999999998,3974.54,127.35999999999997,21.91,False
2021-04-02,2021-03-29,3825.0,3755.0,70.0,2.0999999999999996,4019.87,207.35999999999999,20.4,False
2021-04-09,2021-04-05,3875.0,3805.0,70.0,0.4,4128.8,37.36,18.16,False
2021-04-16,2021-04-12,3980.0,3915.0,65.0,0.8500000000000001,4185.47,82.36000000000001,17.43,False
2021-04-23,2021-04-19,4045.0,3980.0,65.0,1.0499999999999998,4180.17,102.35999999999999,17.04,False
2021-04-30,2021-04-26,4040.0,3980.0,60.0,0.95,4181.17,92.36,17.94,False
2021-05-07,2021-05-03,4050.0,3990.0,60.0,0.55,4232.6,52.36000000000001,18.65,False
2021-05-14,2021-05-10,4100.0,4040.0,60.0,1.5,4173.85,147.36,17.34,False
2021-05-21,2021-05-17,4035.0,3970.0,65.0,4.1,4155.86,407.35999999999996,19.89,False
2021-05-28,2021-05-24,4015.0,3950.0,65.0,1.15,4204.11,112.35999999999999,20.5,False
2021-06-04,2021-06-01,4070.0,4005.0,65.0,0.5,4229.89,47.36,17.24,False
2021-06-11,2021-06-07,4095.0,4040.0,55.0,0.6499999999999999,4247.44,62.359999999999985,17.34,False
2021-06-18,2021-06-14,4120.0,4065.0,55.0,1.2000000000000002,4166.45,117.36000000000001,16.04,False
2021-06-25,2021-06-21,4040.0,3985.0,55.0,1.7999999999999998,4280.7,177.35999999999999,21.74,False
2021-07-02,2021-06-28,4155.0,4095.0,60.0,0.6500000000000001,4352.34,62.360000000000014,16.07,False
2021-07-09,2021-07-06,4225.0,4170.0,55.0,0.45000000000000007,4369.55,42.36000000000001,15.77,False
2021-07-16,2021-07-12,4245.0,4190.0,55.0,1.3000000000000003,4327.16,127.36000000000003,16.85,False
2021-07-23,2021-07-19,4205.0,4150.0,55.0,10.0,4411.79,997.36,19.61,True
2021-07-30,2021-07-26,4285.0,4225.0,60.0,1.6,4395.26,157.36,18.67,False
2021-08-06,2021-08-02,4270.0,4215.0,55.0,1.05,4436.52,102.36,18.16,False
2021-08-13,2021-08-09,4315.0,4260.0,55.0,1.1500000000000001,4468.0,112.36000000000001,17.12,False
2021-08-20,2021-08-16,4350.0,4300.0,50.0,2.0000000000000004,4441.67,197.36000000000007,17.05,False
2021-08-27,2021-08-23,4325.0,4270.0,55.0,0.8499999999999999,4509.37,82.35999999999999,18.83,False
2021-09-03,2021-08-30,4395.0,4340.0,55.0,0.8,4535.43,77.36,16.77,False
2021-09-10,2021-09-07,4425.0,4375.0,50.0,1.25,4458.58,122.36,16.94,False
2021-09-17,2021-09-13,4350.0,4300.0,50.0,2.3,4432.99,227.35999999999999,19.64,False
2021-09-24,2021-09-20,4325.0,4275.0,50.0,9.7,4455.48,967.3599999999999,24.25,True
2021-10-01,2021-09-27,4340.0,4290.0,50.0,2.6,4357.04,257.36,17.78,False
2021-10-08,2021-10-04,4235.0,4180.0,55.0,5.799999999999999,4391.34,577.3599999999999,22.9,False
2021-10-15,2021-10-11,4265.0,4210.0,55.0,2.25,4471.37,222.36,19.93,False
2021-10-22,2021-10-18,4340.0,4285.0,55.0,1.8499999999999999,4544.9,182.36,17.29,False
2021-10-29,2021-10-25,4415.0,4355.0,60.0,0.9499999999999997,4605.38,92.35999999999997,16.14,False
2021-11-12,2021-11-08,4570.0,4510.0,60.0,1.0,4682.85,97.36,17.23,False
2021-11-19,2021-11-15,4555.0,4500.0,55.0,0.75,4697.96,72.36,17.03,False
2021-11-26,2021-11-22,4575.0,4520.0,55.0,0.20000000000000007,4594.62,17.360000000000007,18.2,False
2021-12-03,2021-11-29,4465.0,4410.0,55.0,2.5999999999999996,4538.43,257.35999999999996,25.31,False
2021-12-10,2021-12-06,4405.0,4345.0,60.0,5.5,4712.02,547.36,28.99,False
2021-12-17,2021-12-13,4570.0,4510.0,60.0,4.0,4620.64,397.36,19.29,False
2021-12-24,2021-12-20,4480.0,4415.0,65.0,9.400000000000002,4725.79,937.3600000000002,25.89,True
2021-12-31,2021-12-27,4575.0,4510.0,65.0,0.8499999999999999,4766.18,82.35999999999999,19.37,False
2022-01-07,2022-01-03,4620.0,4555.0,65.0,1.1,4677.03,107.36000000000001,17.6,False
2022-01-14,2022-01-10,4525.0,4460.0,65.0,8.899999999999999,4662.85,887.3599999999999,19.58,False
2022-01-21,2022-01-18,4510.0,4440.0,70.0,8.600000000000001,4397.94,-6142.64,21.18,True
2022-01-28,2022-01-24,4230.0,4155.0,75.0,18.5,4431.85,1847.36,28.2,True
2022-02-04,2022-01-31,4255.0,4180.0,75.0,5.8,4500.53,577.36,28.36,False
2022-02-11,2022-02-07,4320.0,4245.0,75.0,2.8000000000000003,4418.64,277.36,24.09,False
2022-02-18,2022-02-14,4235.0,4155.0,80.0,6.6,4348.87,657.36,29.17,False
2022-03-04,2022-02-28,4190.0,4105.0,85.0,9.0,4328.87,897.36,32.44,False
2022-03-11,2022-03-07,4135.0,4050.0,85.0,10.899999999999999,4204.31,1087.3599999999997,35.88,False
2022-03-18,2022-03-14,4010.0,3925.0,85.0,5.4,4463.12,537.36,31.03,False
2022-03-25,2022-03-21,4255.0,4165.0,90.0,3.2,4543.06,317.36,25.14,False
2022-04-01,2022-03-28,4340.0,4250.0,90.0,1.1999999999999997,4545.86,117.35999999999997,22.14,False
2022-04-08,2022-04-04,4345.0,4255.0,90.0,0.30000000000000004,4488.28,27.360000000000003,20.75,False
2022-04-15,2022-04-11,4290.0,4200.0,90.0,1.8499999999999999,4392.59,182.36,23.09,False
2022-04-22,2022-04-18,4200.0,4115.0,85.0,2.0999999999999996,4271.78,207.35999999999999,24.52,False
2022-04-29,2022-04-25,4070.0,3980.0,90.0,9.100000000000001,4131.93,907.3600000000001,30.04,False
2022-05-06,2022-05-02,3930.0,3840.0,90.0,2.8000000000000007,4123.34,277.36000000000007,33.35,False
2022-05-13,2022-05-09,3915.0,3820.0,95.0,11.7,4023.89,1167.36,31.9,True
2022-05-20,2022-05-16,3805.0,3710.0,95.0,6.1,3901.36,607.36,30.01,False
2022-05-27,2022-05-23,3675.0,3570.0,105.0,2.9499999999999997,4158.24,292.36,28.98,False
2022-06-03,2022-05-31,3920.0,3815.0,105.0,2.4999999999999996,4108.54,247.35999999999996,27.47,False
2022-06-10,2022-06-06,3880.0,3780.0,100.0,0.8999999999999999,3900.86,87.35999999999999,25.37,False
2022-06-17,2022-06-13,3665.0,3560.0,105.0,14.200000000000001,3674.84,1417.36,31.37,True
2022-06-24,2022-06-21,3430.0,3325.0,105.0,0.6,3911.74,57.36,30.63,False
2022-07-01,2022-06-27,3665.0,3555.0,110.0,2.05,3825.33,202.35999999999999,28.3,False
2022-07-08,2022-07-05,3580.0,3470.0,110.0,2.9999999999999996,3899.38,297.35999999999996,27.37,False
2022-07-15,2022-07-11,3655.0,3545.0,110.0,2.5,3863.16,247.36,26.42,False
2022-07-22,2022-07-18,3620.0,3510.0,110.0,0.25000000000000006,3961.63,22.360000000000007,24.83,False
2022-07-29,2022-07-25,3720.0,3610.0,110.0,1.05,4130.29,102.36,24.33,False
2022-08-05,2022-08-01,3885.0,3775.0,110.0,0.75,4145.19,72.36,22.41,False
2022-08-12,2022-08-08,3910.0,3805.0,105.0,0.39999999999999997,4280.15,37.36,21.74,False
2022-08-19,2022-08-15,4045.0,3940.0,105.0,0.5499999999999999,4228.48,52.35999999999999,20.74,False
2022-08-26,2022-08-22,4000.0,3900.0,100.0,2.4,4057.66,237.36,22.41,False
2022-09-02,2022-08-29,3830.0,3730.0,100.0,3.1000000000000005,3924.26,307.36000000000007,26.86,False
2022-09-09,2022-09-06,3700.0,3600.0,100.0,1.15,4067.36,112.35999999999999,25.46,False
2022-09-16,2022-09-12,3845.0,3745.0,100.0,0.85,3873.33,82.36,23.58,False
2022-09-30,2022-09-26,3455.0,3345.0,110.0,2.9000000000000004,3585.62,287.36000000000007,31.74,False
2022-10-21,2022-10-17,3340.0,3235.0,105.0,0.5,3752.75,47.36,32.27,False
2022-10-28,2022-10-24,3515.0,3405.0,110.0,1.25,3901.06,122.36,30.65,False
2022-11-04,2022-10-31,3665.0,3560.0,105.0,3.75,3770.55,372.36,26.91,False
2022-11-11,2022-11-07,3530.0,3425.0,105.0,1.6500000000000001,3992.93,162.36,25.67,False
2022-11-18,2022-11-14,3750.0,3640.0,110.0,0.9,3965.34,87.36,23.99,False
2022-11-25,2022-11-21,3725.0,3620.0,105.0,0.15000000000000002,4026.12,12.360000000000001,24.05,False
2022-12-02,2022-11-28,3795.0,3695.0,100.0,1.15,4071.7,112.35999999999999,22.09,False
2022-12-09,2022-12-05,3845.0,3745.0,100.0,0.45,3934.38,42.36,20.3,False
2022-12-16,2022-12-12,3710.0,3610.0,100.0,2.6000000000000005,3852.36,257.36000000000007,24.4,False
2022-12-30,2022-12-27,3615.0,3515.0,100.0,0.6499999999999999,3839.5,62.359999999999985,21.67,False
2023-01-06,2023-01-03,3620.0,3525.0,95.0,0.5,3895.08,47.36,23.09,False
2023-01-13,2023-01-09,3685.0,3590.0,95.0,0.7999999999999999,3999.09,77.36,21.75,False
2023-01-20,2023-01-17,3790.0,3700.0,90.0,0.35,3972.61,32.36,19.89,False
2023-01-27,2023-01-23,3770.0,3675.0,95.0,0.35,4070.56,32.36,20.21,False
2023-02-03,2023-01-30,3865.0,3775.0,90.0,2.1,4136.48,207.36,19.76,False
2023-02-10,2023-02-06,3930.0,3840.0,90.0,0.95,4090.46,92.36,19.23,False
2023-02-17,2023-02-13,3890.0,3800.0,90.0,1.85,4079.09,182.36,21.66,False
2023-02-24,2023-02-21,3885.0,3795.0,90.0,2.15,3970.04,212.36,21.8,False
2023-03-03,2023-02-27,3775.0,3690.0,85.0,0.10000000000000003,4045.64,7.360000000000003,21.99,False
2023-03-10,2023-03-06,3855.0,3770.0,85.0,0.55,3861.59,52.36000000000001,19.05,False
2023-03-17,2023-03-13,3665.0,3575.0,90.0,5.5,3916.64,547.36,24.05,False
2023-03-24,2023-03-20,3720.0,3630.0,90.0,3.45,3970.99,342.36,27.77,False
2023-03-31,2023-03-27,3775.0,3690.0,85.0,1.0,4109.31,97.36,22.05,False
2023-04-07,2023-04-03,3915.0,3830.0,85.0,0.15000000000000002,4105.02,12.360000000000001,19.79,False
2023-04-14,2023-04-10,3920.0,3835.0,85.0,1.8499999999999999,4137.64,182.36,19.39,False
2023-04-21,2023-04-17,3955.0,3875.0,80.0,0.4,4133.52,37.36,17.58,False
2023-04-28,2023-04-24,3960.0,3885.0,75.0,0.45,4169.48,42.36,18.22,False
2023-05-05,2023-05-01,4000.0,3920.0,80.0,0.9,4136.25,87.36,16.41,False
2023-05-12,2023-05-08,3965.0,3890.0,75.0,1.0999999999999999,4124.08,107.35999999999999,17.73,False
2023-05-19,2023-05-15,3960.0,3885.0,75.0,1.0499999999999998,4191.98,102.35999999999999,17.44,False
2023-05-26,2023-05-22,4030.0,3960.0,70.0,0.7,4205.45,67.36,17.45,False
2023-06-02,2023-05-30,4045.0,3975.0,70.0,0.65,4282.37,62.36,17.56,False
2023-06-09,2023-06-05,4125.0,4055.0,70.0,0.35,4298.86,32.36,15.28,False
2023-06-16,2023-06-12,4145.0,4080.0,65.0,0.55,4409.59,52.36000000000001,14.44,False
2023-06-23,2023-06-20,4255.0,4185.0,70.0,0.29999999999999993,4348.33,27.359999999999992,14.36,False
2023-06-30,2023-06-26,4200.0,4130.0,70.0,0.35,4450.38,32.36,14.43,False
2023-07-07,2023-07-03,4300.0,4230.0,70.0,0.25,4398.95,22.36,13.85,False
2023-07-14,2023-07-10,4250.0,4185.0,65.0,0.5999999999999999,4505.42,57.359999999999985,16.08,False
2023-07-21,2023-07-17,4355.0,4290.0,65.0,0.15000000000000002,4536.34,12.360000000000001,13.78,False
2023-07-28,2023-07-24,4390.0,4330.0,60.0,0.5,4582.23,47.36,14.29,False
2023-08-04,2023-07-31,4440.0,4380.0,60.0,0.55,4478.03,52.36000000000001,13.98,False
2023-08-11,2023-08-07,4335.0,4275.0,60.0,0.8999999999999999,4464.05,87.35999999999999,16.9,False
2023-08-18,2023-08-14,4325.0,4265.0,60.0,1.4000000000000001,4369.71,137.36,15.88,False
2023-08-25,2023-08-21,4225.0,4165.0,60.0,0.8499999999999999,4405.71,82.35999999999999,18.03,False
2023-09-01,2023-08-28,4265.0,4200.0,65.0,0.4999999999999999,4515.77,47.359999999999985,16.24,False
2023-09-08,2023-09-05,4375.0,4310.0,65.0,0.3999999999999999,4457.49,37.35999999999999,14.15,False
2023-09-15,2023-09-11,4315.0,4255.0,60.0,0.5499999999999999,4450.32,52.35999999999999,14.17,False
2023-09-22,2023-09-18,4315.0,4255.0,60.0,0.9500000000000002,4320.06,92.36000000000001,14.4,False
2023-09-29,2023-09-25,4180.0,4120.0,60.0,2.5,4288.05,247.36,17.25,False
2023-10-06,2023-10-02,4150.0,4090.0,60.0,2.15,4308.5,212.36,17.31,False
2023-10-13,2023-10-09,4170.0,4110.0,60.0,2.4000000000000004,4327.78,237.36000000000004,19.54,False
2023-10-20,2023-10-16,4190.0,4130.0,60.0,1.2,4224.16,117.36,19.1,False
2023-10-27,2023-10-23,4080.0,4020.0,60.0,2.7,4117.37,267.36,21.83,False
2023-11-10,2023-11-06,4200.0,4130.0,70.0,0.65,4415.24,62.36,15.39,False
2023-11-17,2023-11-13,4260.0,4195.0,65.0,0.8499999999999999,4514.02,82.35999999999999,15.16,False
2023-11-24,2023-11-20,4360.0,4290.0,70.0,0.09999999999999998,4559.34,7.359999999999998,14.26,False
2023-12-01,2023-11-27,4410.0,4345.0,65.0,0.2,4594.63,17.36,13.14,False
2023-12-08,2023-12-04,4450.0,4390.0,60.0,1.0999999999999999,4604.37,107.35999999999999,13.28,True
2023-12-15,2023-12-11,4465.0,4405.0,60.0,0.7999999999999999,4719.19,77.36,13.05,False
2023-12-22,2023-12-18,4580.0,4515.0,65.0,0.20000000000000007,4754.63,17.360000000000007,12.62,False
2023-12-29,2023-12-26,4615.0,4555.0,60.0,0.25,4769.83,22.36,13.77,False
2024-01-05,2024-01-02,4640.0,4580.0,60.0,1.2000000000000002,4697.24,117.36000000000001,13.22,False
2024-01-12,2024-01-08,4565.0,4510.0,55.0,0.55,4783.83,52.36000000000001,14.0,False
2024-01-19,2024-01-16,4655.0,4595.0,60.0,1.0499999999999998,4839.81,102.35999999999999,14.12,False
2024-01-26,2024-01-22,4710.0,4650.0,60.0,0.45000000000000007,4890.97,42.36000000000001,13.77,False
2024-02-02,2024-01-29,4760.0,4705.0,55.0,1.4,4958.61,137.36,13.98,False
2024-02-09,2024-02-05,4830.0,4770.0,60.0,1.1,5026.61,107.36000000000001,14.37,False
2024-02-16,2024-02-12,4895.0,4835.0,60.0,0.8,5005.57,77.36,13.48,False
2024-02-23,2024-02-20,4870.0,4815.0,55.0,2.15,5088.8,212.36,15.09,False
2024-03-01,2024-02-26,4950.0,4890.0,60.0,0.7999999999999998,5137.08,77.35999999999999,14.17,False
2024-03-08,2024-03-04,5000.0,4940.0,60.0,0.8999999999999999,5123.69,87.35999999999999,13.49,False
2024-03-15,2024-03-11,4985.0,4925.0,60.0,3.8,5117.09,377.36,15.51,False
2024-03-22,2024-03-18,4980.0,4920.0,60.0,1.0,5234.18,97.36,14.75,False
2024-03-29,2024-03-25,5095.0,5035.0,60.0,0.4,5254.35,37.36,13.67,False
2024-04-05,2024-04-01,5120.0,5060.0,60.0,0.5999999999999999,5204.34,57.359999999999985,13.61,False
2024-04-12,2024-04-08,5070.0,5010.0,60.0,2.85,5123.41,282.36,16.24,False
2024-04-19,2024-04-15,4990.0,4925.0,65.0,1.2000000000000002,4967.23,-2159.6400000000435,16.94,False
2024-04-26,2024-04-22,4820.0,4760.0,60.0,1.6,5099.96,157.36,18.59,False
2024-05-03,2024-04-29,4950.0,4885.0,65.0,2.0,5127.79,197.36,15.37,False
2024-05-10,2024-05-06,4980.0,4915.0,65.0,0.4,5222.68,37.36,13.98,False
2024-05-17,2024-05-13,5075.0,5010.0,65.0,1.0499999999999998,5303.27,102.35999999999999,13.26,False
2024-05-24,2024-05-20,5155.0,5090.0,65.0,0.35000000000000003,5304.72,32.36,12.27,False
2024-05-31,2024-05-28,5160.0,5095.0,65.0,0.5000000000000001,5277.51,47.360000000000014,12.51,False
2024-06-07,2024-06-03,5135.0,5070.0,65.0,0.8500000000000001,5346.99,82.36000000000001,13.08,False
2024-06-14,2024-06-10,5200.0,5135.0,65.0,1.95,5431.6,192.36,13.09,False
2024-06-21,2024-06-17,5285.0,5220.0,65.0,0.8499999999999999,5464.62,82.35999999999999,13.07,False
2024-06-28,2024-06-24,5320.0,5255.0,65.0,0.5499999999999999,5460.48,52.35999999999999,13.85,False
2024-07-05,2024-07-01,5320.0,5255.0,65.0,0.3999999999999999,5567.19,37.35999999999999,12.98,False
2024-07-12,2024-07-08,5425.0,5365.0,60.0,0.55,5615.35,52.36000000000001,12.91,False
2024-07-19,2024-07-15,5475.0,5415.0,60.0,0.40000000000000013,5505.0,37.360000000000014,12.78,False
2024-07-26,2024-07-22,5360.0,5295.0,65.0,0.75,5459.1,72.36,16.79,False
2024-08-02,2024-07-29,5305.0,5240.0,65.0,2.7,5346.56,267.36,16.59,False
2024-08-16,2024-08-12,5170.0,5095.0,75.0,6.0,5554.25,597.36,20.79,False
2024-08-23,2024-08-19,5370.0,5290.0,80.0,0.85,5634.61,82.36,15.94,False
2024-08-30,2024-08-26,5455.0,5380.0,75.0,1.0499999999999998,5648.4,102.35999999999999,16.27,False
2024-09-06,2024-09-03,5475.0,5400.0,75.0,3.4,5408.42,-6320.639999999993,15.76,False
2024-09-13,2024-09-09,5225.0,5145.0,80.0,1.85,5626.02,182.36,21.32,False
2024-09-20,2024-09-16,5435.0,5355.0,80.0,2.3,5702.55,227.35999999999999,17.16,False
2024-09-27,2024-09-23,5515.0,5430.0,85.0,0.8499999999999999,5738.17,82.35999999999999,16.71,False
2024-10-04,2024-09-30,5560.0,5480.0,80.0,3.3000000000000003,5751.07,327.36,17.01,False
2024-10-11,2024-10-07,5575.0,5500.0,75.0,4.2,5815.03,417.36,20.76,False
2024-10-18,2024-10-14,5640.0,5565.0,75.0,0.8,5864.67,77.36,20.86,False
2024-10-25,2024-10-21,5695.0,5620.0,75.0,0.95,5808.12,92.36,18.78,False
2024-11-01,2024-10-28,5640.0,5570.0,70.0,1.75,5728.8,172.36,19.11,False
2024-11-08,2024-11-04,5560.0,5490.0,70.0,3.5999999999999996,5995.54,357.35999999999996,22.5,False
2024-11-15,2024-11-11,5815.0,5730.0,85.0,1.1,5870.62,107.36000000000001,15.33,False
2024-11-22,2024-11-18,5685.0,5605.0,80.0,1.85,5969.34,182.36,16.6,False
2024-11-29,2024-11-25,5790.0,5705.0,85.0,0.29999999999999993,6032.38,27.359999999999992,15.23,False
2024-12-06,2024-12-02,5855.0,5780.0,75.0,0.6000000000000001,6090.27,57.36000000000001,14.08,False
2024-12-13,2024-12-09,5920.0,5845.0,75.0,0.5000000000000001,6051.09,47.360000000000014,13.36,False
2024-12-20,2024-12-16,5890.0,5815.0,75.0,0.8,5930.85,77.36,14.37,False
2024-12-27,2024-12-23,5760.0,5680.0,80.0,0.3999999999999999,5970.84,37.35999999999999,18.09,False
2025-01-03,2024-12-30,5795.0,5720.0,75.0,10.100000000000001,5942.47,1007.3600000000001,17.21,True
2025-01-10,2025-01-06,5770.0,5690.0,80.0,0.6000000000000001,5827.04,57.36000000000001,16.77,False
2025-01-17,2025-01-13,5645.0,5565.0,80.0,6.0,5996.66,597.36,21.18,True
2025-01-24,2025-01-21,5810.0,5725.0,85.0,0.5999999999999999,6101.24,57.359999999999985,16.29,False
2025-01-31,2025-01-27,5915.0,5830.0,85.0,10.899999999999999,6040.53,1087.3599999999997,18.83,True
2025-02-07,2025-02-03,5855.0,5770.0,85.0,8.2,6025.99,817.3599999999999,20.36,True
2025-02-14,2025-02-10,5835.0,5750.0,85.0,1.2999999999999998,6114.63,127.35999999999997,16.58,False
2025-02-21,2025-02-18,5925.0,5845.0,80.0,0.7999999999999998,6013.13,77.35999999999999,15.57,False
2025-02-28,2025-02-24,5825.0,5745.0,80.0,4.300000000000001,5954.5,427.36000000000007,18.08,False
2025-03-07,2025-03-03,5765.0,5680.0,85.0,1.9000000000000004,5770.2,187.36000000000004,19.83,False
2025-03-14,2025-03-10,5565.0,5475.0,90.0,17.6,5638.94,1757.3600000000001,24.7,True
2025-03-21,2025-03-17,5425.0,5330.0,95.0,3.6500000000000004,5667.56,362.36000000000007,22.89,False
2025-03-28,2025-03-24,5460.0,5365.0,95.0,0.7,5580.94,67.36,19.13,False
2025-04-04,2025-03-31,5370.0,5275.0,95.0,12.000000000000002,5074.08,-8302.64,24.11,True
2025-04-11,2025-04-07,4820.0,4710.0,110.0,27.200000000000003,5363.36,2717.3600000000006,60.13,True
2025-04-18,2025-04-14,5070.0,4940.0,130.0,5.0,5282.7,497.36,34.76,False
2025-04-25,2025-04-21,4990.0,4860.0,130.0,12.100000000000001,5525.21,1207.3600000000001,32.75,False
2025-05-02,2025-04-28,5215.0,5080.0,135.0,3.5,5686.67,347.36,25.75,False
2025-05-09,2025-05-05,5375.0,5240.0,135.0,2.9999999999999996,5659.91,297.35999999999996,24.25,False
2025-05-16,2025-05-12,5360.0,5225.0,135.0,0.19999999999999996,5958.38,17.359999999999996,19.84,False
2025-05-23,2025-05-19,5650.0,5515.0,135.0,1.0499999999999998,5802.82,102.35999999999999,19.84,False
2025-05-30,2025-05-27,5500.0,5365.0,135.0,0.35,5911.69,32.36,20.63,False
2025-06-06,2025-06-02,5620.0,5490.0,130.0,1.2000000000000002,6000.36,117.36000000000001,19.81,False
2025-06-13,2025-06-09,5715.0,5590.0,125.0,0.44999999999999996,5976.97,42.35999999999999,17.69,False
2025-06-20,2025-06-16,5705.0,5580.0,125.0,0.55,5967.84,52.36000000000001,19.78,False
2025-06-27,2025-06-23,5705.0,5590.0,115.0,1.0499999999999998,6173.07,102.35999999999999,21.15,False
2025-07-04,2025-06-30,5910.0,5790.0,120.0,0.29999999999999993,6279.35,27.359999999999992,17.19,False
2025-07-11,2025-07-07,6025.0,5910.0,115.0,1.4000000000000001,6259.75,137.36,17.83,False
2025-07-18,2025-07-14,6015.0,5905.0,110.0,0.85,6296.79,82.36,17.73,False
2025-07-25,2025-07-21,6060.0,5950.0,110.0,0.35000000000000003,6388.64,32.36,16.87,False
2025-08-01,2025-07-28,6155.0,6055.0,100.0,1.0499999999999998,6238.01,102.35999999999999,15.15,False
2025-08-08,2025-08-04,6005.0,5900.0,105.0,0.8,6389.45,77.36,19.56,False
2025-08-15,2025-08-11,6160.0,6055.0,105.0,1.4,6449.8,137.36,15.81,False
2025-08-22,2025-08-18,6225.0,6125.0,100.0,1.0500000000000003,6466.91,102.36000000000003,15.73,False
2025-08-29,2025-08-25,6245.0,6150.0,95.0,0.9000000000000001,6460.26,87.36000000000001,15.05,False
2025-09-05,2025-09-02,6250.0,6155.0,95.0,1.6000000000000005,6481.5,157.36000000000007,16.65,True
2025-09-12,2025-09-08,6270.0,6175.0,95.0,0.95,6584.29,92.36,15.58,False
2025-09-19,2025-09-15,6375.0,6285.0,90.0,1.15,6664.36,112.35999999999999,15.14,False
2025-09-26,2025-09-22,6460.0,6370.0,90.0,0.9500000000000002,6643.7,92.36000000000001,16.14,False
2025-10-03,2025-09-29,6445.0,6355.0,90.0,0.8999999999999999,6715.79,87.35999999999999,15.84,False
2025-10-10,2025-10-06,6520.0,6435.0,85.0,1.6,6552.51,157.36,16.74,False
2025-10-17,2025-10-13,6350.0,6265.0,85.0,1.6,6664.01,157.36,19.45,False
2025-10-24,2025-10-20,6465.0,6375.0,90.0,2.5999999999999996,6791.69,257.35999999999996,20.53,False
2025-10-31,2025-10-27,6590.0,6500.0,90.0,1.4500000000000002,6840.2,142.36000000000004,15.73,False
2025-11-07,2025-11-03,6645.0,6555.0,90.0,3.0,6728.8,297.36,18.06,False
2025-11-14,2025-11-10,6525.0,6430.0,95.0,1.0499999999999998,6734.11,102.35999999999999,18.58,False
2025-11-21,2025-11-17,6525.0,6430.0,95.0,5.5,6602.99,547.36,19.58,False
2025-11-28,2025-11-24,6385.0,6290.0,95.0,3.1000000000000005,6849.09,307.36000000000007,22.69,False
2025-12-05,2025-12-01,6625.0,6525.0,100.0,2.5000000000000004,6870.4,247.36000000000007,18.05,False
2025-12-12,2025-12-08,6655.0,6560.0,95.0,2.6500000000000004,6827.41,262.36000000000007,16.15,False
2025-12-19,2025-12-15,6620.0,6525.0,95.0,2.65,6834.5,262.36,16.51,False
2025-12-26,2025-12-22,6625.0,6535.0,90.0,0.29999999999999993,6929.94,27.359999999999992,15.16,False
2026-01-02,2025-12-29,6730.0,6640.0,90.0,1.05,6858.47,102.36,14.69,False
2026-01-09,2026-01-05,6660.0,6575.0,85.0,0.5999999999999999,6966.28,57.359999999999985,15.14,False
2026-01-16,2026-01-12,6775.0,6685.0,90.0,2.0999999999999996,6940.01,207.35999999999999,16.06,False
2026-01-23,2026-01-20,6750.0,6665.0,85.0,10.600000000000001,6915.61,1057.3600000000001,19.94,True
2026-01-30,2026-01-26,6725.0,6645.0,80.0,2.6,6939.03,257.36,16.9,False
2026-02-06,2026-02-02,6750.0,6670.0,80.0,0.40000000000000036,6932.3,37.360000000000035,19.95,False
2026-02-13,2026-02-09,6740.0,6655.0,85.0,5.4,6836.17,537.36,17.95,False
2026-02-20,2026-02-17,6640.0,6555.0,85.0,9.999999999999998,6909.51,997.3599999999998,21.74,False
2026-02-27,2026-02-23,6715.0,6630.0,85.0,8.0,6878.88,797.36,20.49,False
2026-03-06,2026-03-02,6685.0,6600.0,85.0,7.300000000000001,6740.02,727.3600000000001,24.66,True
2026-03-13,2026-03-09,6545.0,6455.0,90.0,18.1,6632.19,1807.3600000000001,35.12,True
2026-03-20,2026-03-16,6430.0,6340.0,90.0,4.199999999999999,6506.48,417.35999999999996,25.88,False
2026-03-27,2026-03-23,6295.0,6200.0,95.0,3.1000000000000005,6368.85,307.36000000000007,30.04,False
2026-04-03,2026-03-30,6145.0,6045.0,100.0,6.300000000000001,6582.69,627.3600000000001,30.79,False
2026-04-10,2026-04-06,6350.0,6245.0,105.0,5.1,6816.89,507.35999999999996,24.93,False
2026-04-17,2026-04-13,6575.0,6465.0,110.0,3.2,7126.06,317.36,21.17,False
2026-04-24,2026-04-20,6870.0,6755.0,115.0,3.2,7165.08,317.36,19.58,False
2026-05-01,2026-04-27,6915.0,6805.0,110.0,3.6500000000000004,7230.12,362.36000000000007,19.21,False
2026-05-08,2026-05-04,6985.0,6875.0,110.0,2.3,7398.93,227.35999999999999,17.38,False
2026-05-15,2026-05-11,7150.0,7040.0,110.0,1.8999999999999995,7408.5,187.35999999999996,18.21,False
2026-05-22,2026-05-18,7160.0,7050.0,110.0,2.7,7473.47,267.36,19.25,False
2026-05-29,2026-05-26,7230.0,7120.0,110.0,0.7,7580.06,67.36,16.92,False
2026-06-05,2026-06-01,7340.0,7235.0,105.0,1.9500000000000002,7383.74,192.36000000000004,15.88,False
2026-06-12,2026-06-08,7140.0,7030.0,110.0,3.4000000000000004,7431.46,337.36000000000007,20.29,False
2026-06-19,2026-06-15,7185.0,7075.0,110.0,0.7499999999999998,7500.58,72.35999999999997,16.78,False
2026-06-26,2026-06-22,7255.0,7145.0,110.0,1.55,7354.02,152.36,17.48,False
2026-07-03,2026-06-29,7105.0,6995.0,110.0,1.65,7483.24,162.36,18.6,False
2026-07-10,2026-07-06,7235.0,7125.0,110.0,0.5,7575.39,47.36,16.4,False
2026-07-17,2026-07-13,7330.0,7220.0,110.0,1.7999999999999998,7457.69,177.35999999999999,16.32,False
2026-07-24,2026-07-20,7220.0,7110.0,110.0,2.6500000000000004,7411.98,262.36000000000007,18.9,False
2026-07-31,2026-07-27,7175.0,7070.0,105.0,4.200000000000001,7489.72,417.3600000000001,17.62,False
2026-08-07,2026-08-03,7255.0,7150.0,105.0,1.0,7757.64,97.36,16.03,False
