week_end,entry,struct,implied,med52,p75,short_k,wing_k,credit,pnl
2012-06-08,2012-06-04,t10,0.11200000000000003,,,2375.0,2325.0,1.0,97.36
2012-06-22,2012-06-18,t10,0.05,,,2475.0,2425.0,1.1999999999999997,117.35999999999997
2012-06-22,2012-06-18,t1236,0.05,,,2450.0,2400.0,0.4500000000000002,42.360000000000014
2012-06-29,2012-06-25,t10,0.11800000000000005,,,2500.0,2450.0,3.6999999999999997,367.36
2012-06-29,2012-06-25,t1236,0.11800000000000005,,,2475.0,2425.0,0.40000000000000036,37.360000000000035
2012-07-13,2012-07-09,t10,0.041999999999999996,,,2525.0,2475.0,0.9999999999999999,97.35999999999999
2012-07-27,2012-07-23,t10,0.2260000000000001,,,2525.0,2475.0,8.100000000000001,807.3600000000001
2012-07-27,2012-07-23,t1236,0.2260000000000001,,,2500.0,2450.0,4.699999999999999,467.35999999999996
2012-08-03,2012-07-30,t10,0.031999999999999994,,,2550.0,2500.0,0.8,77.36
2012-08-03,2012-07-30,t1236,0.031999999999999994,,,2525.0,2475.0,0.19999999999999996,17.359999999999996
2012-08-24,2012-08-20,t10,0.027999999999999997,,,2700.0,2650.0,0.6,57.36
2012-08-31,2012-08-27,t10,0.027000000000000003,,,2700.0,2650.0,0.6500000000000001,62.360000000000014
2012-08-31,2012-08-27,t1236,0.027000000000000003,,,2675.0,2625.0,0.050000000000000044,2.3600000000000043
2012-09-14,2012-09-10,t10,0.044999999999999984,,,2750.0,2700.0,1.15,112.35999999999999
2012-09-14,2012-09-10,t1236,0.044999999999999984,,,2725.0,2675.0,0.4,37.36
2012-09-28,2012-09-24,t10,0.03199999999999999,,,2775.0,2725.0,0.7999999999999998,77.35999999999999
2012-09-28,2012-09-24,t1236,0.03199999999999999,,,2775.0,2725.0,0.7999999999999998,77.35999999999999
2012-10-12,2012-10-08,t10,0.041999999999999996,,,2725.0,2675.0,1.15,-373.6507421875
2012-10-12,2012-10-08,t1236,0.041999999999999996,,,2725.0,2675.0,1.15,-373.6507421875
2012-10-26,2012-10-22,t10,0.068,,,2600.0,2550.0,2.2499999999999996,222.35999999999996
2012-10-26,2012-10-22,t1236,0.068,,,2575.0,2525.0,1.15,112.35999999999999
2012-11-02,2012-10-31,t10,0.019999999999999997,,,2575.0,2525.0,0.15000000000000002,12.360000000000001
2012-11-02,2012-10-31,t1236,0.019999999999999997,,,2575.0,2525.0,0.15000000000000002,12.360000000000001
2012-11-30,2012-11-26,t10,0.04800000000000001,,,2550.0,2500.0,0.95,92.36
2012-11-30,2012-11-26,t1236,0.04800000000000001,,,2525.0,2475.0,0.3,27.36
2012-12-07,2012-12-03,t10,0.07400000000000001,,,2600.0,2550.0,0.6000000000000001,57.36000000000001
2012-12-14,2012-12-10,t10,0.024000000000000004,,,2550.0,2500.0,0.6000000000000001,57.36000000000001
2012-12-28,2012-12-24,t10,0.04400000000000002,,,2575.0,2525.0,0.6499999999999999,62.359999999999985
2013-01-04,2012-12-31,t10,0.08,,,2525.0,2475.0,1.8999999999999995,187.35999999999996
2013-01-04,2012-12-31,t1236,0.08,,,2500.0,2450.0,0.6499999999999999,62.359999999999985
2013-01-11,2013-01-07,t10,0.021999999999999992,,,2625.0,2575.0,0.04999999999999993,2.3599999999999928
2013-01-11,2013-01-07,t1236,0.021999999999999992,,,2625.0,2575.0,0.04999999999999993,2.3599999999999928
2013-01-25,2013-01-22,t10,0.023999999999999994,,,2650.0,2600.0,0.3999999999999999,37.35999999999999
2013-01-25,2013-01-22,t1236,0.023999999999999994,,,2650.0,2600.0,0.3999999999999999,37.35999999999999
2013-02-08,2013-02-04,t10,0.023999999999999994,0.041999999999999996,0.063,2675.0,2650.0,0.15000000000000002,12.360000000000001
2013-02-08,2013-02-04,t1236,0.023999999999999994,0.041999999999999996,0.063,2675.0,2625.0,0.4,37.36
2013-02-22,2013-02-19,t10,0.015,0.039999999999999994,0.06050000000000001,2700.0,2650.0,0.44999999999999996,42.35999999999999
2013-02-22,2013-02-19,t1236,0.015,0.039999999999999994,0.06050000000000001,2675.0,2625.0,0.15000000000000002,12.360000000000001
2013-03-01,2013-02-25,t10,0.028000000000000004,0.03799999999999999,0.05800000000000001,2675.0,2625.0,0.65,62.36
2013-03-08,2013-03-04,t10,0.05899999999999998,0.03499999999999999,0.05600000000000001,2675.0,2625.0,1.7499999999999998,172.35999999999999
2013-03-08,2013-03-04,t1236,0.05899999999999998,0.03499999999999999,0.05600000000000001,2650.0,2625.0,0.30000000000000004,27.360000000000003
2013-03-22,2013-03-18,t10,0.06,0.03799999999999999,0.058499999999999996,2725.0,2675.0,1.5000000000000002,147.36000000000004
2013-03-22,2013-03-18,t1236,0.06,0.03799999999999999,0.058499999999999996,2700.0,2675.0,0.10000000000000009,7.360000000000008
2013-03-29,2013-03-25,t1236,0.014000000000000004,0.039999999999999994,0.05924999999999998,2725.0,2675.0,0.35,32.36
2013-04-05,2013-04-01,t10,0.02,0.03799999999999999,0.05899999999999998,2750.0,2700.0,0.15000000000000013,12.360000000000014
2013-04-12,2013-04-08,t10,0.04800000000000001,0.03499999999999999,0.05874999999999999,2700.0,2650.0,1.1500000000000001,112.36000000000001
2013-05-03,2013-04-29,t10,0.076,0.038,0.05825,2775.0,2725.0,0.9000000000000001,87.36000000000001
2013-05-03,2013-04-29,t1236,0.076,0.038,0.05825,2750.0,2700.0,0.5000000000000001,47.360000000000014
2013-05-10,2013-05-06,t10,0.03499999999999999,0.038000000000000006,0.05899999999999998,2875.0,2825.0,0.55,52.36000000000001
2013-05-24,2013-05-20,t10,0.028000000000000008,0.038,0.05874999999999999,2950.0,2900.0,0.6000000000000001,57.36000000000001
2013-05-24,2013-05-20,t1236,0.028000000000000008,0.038,0.05874999999999999,2950.0,2900.0,0.6000000000000001,57.36000000000001
2013-06-14,2013-06-10,t10,0.05199999999999999,0.03499999999999999,0.05800000000000001,2925.0,2875.0,1.1500000000000001,112.36000000000001
2013-06-14,2013-06-10,t1236,0.05199999999999999,0.03499999999999999,0.05800000000000001,2900.0,2850.0,0.3999999999999999,37.35999999999999
2013-07-12,2013-07-08,t10,0.02999999999999998,0.03499999999999999,0.055,2885.0,2825.0,0.09999999999999998,7.359999999999998
2013-07-26,2013-07-22,t10,0.055999999999999994,0.03349999999999999,0.05349999999999999,2975.0,2925.0,0.55,52.36000000000001
2013-08-02,2013-07-29,t10,0.046,0.03499999999999999,0.055999999999999994,3000.0,2950.0,0.5999999999999999,57.359999999999985
2013-08-09,2013-08-05,t10,0.045,0.03649999999999999,0.05499999999999999,3075.0,3025.0,0.55,52.36000000000001
2013-08-23,2013-08-19,t10,0.034,0.03799999999999999,0.05399999999999999,3000.0,2950.0,0.6500000000000001,62.360000000000014
2013-08-30,2013-08-26,t10,0.049999999999999954,0.03649999999999999,0.05299999999999999,3050.0,3000.0,0.4999999999999999,47.359999999999985
2013-09-27,2013-09-23,t10,0.04500000000000002,0.036000000000000004,0.051,3150.0,3100.0,0.44999999999999996,42.35999999999999
2013-10-04,2013-09-30,t10,0.16000000000000014,0.036000000000000004,0.049999999999999975,3155.0,3110.0,3.8,377.36
2013-10-04,2013-09-30,t1236,0.16000000000000014,0.036000000000000004,0.049999999999999975,3140.0,3100.0,2.2,217.36000000000004
2013-10-11,2013-10-07,t10,0.13000000000000006,0.036000000000000004,0.050999999999999976,3170.0,3125.0,1.0,97.36
2013-11-01,2013-10-28,t10,0.060000000000000143,0.036000000000000004,0.050999999999999976,3300.0,3250.0,0.6000000000000001,57.36000000000001
2013-11-08,2013-11-04,t10,0.04699999999999999,0.036000000000000004,0.05399999999999999,3300.0,3250.0,0.9000000000000001,87.36000000000001
2013-11-22,2013-11-18,t10,0.04999999999999999,0.036000000000000004,0.050999999999999976,3350.0,3295.0,0.6500000000000001,62.360000000000014
2013-11-29,2013-11-25,t10,0.023,0.03799999999999999,0.05099999999999999,3350.0,3295.0,0.04999999999999982,2.359999999999982
2013-12-06,2013-12-02,t10,0.09000000000000004,0.03799999999999999,0.05099999999999999,3410.0,3360.0,0.8000000000000003,77.36000000000003
2014-01-03,2013-12-30,t10,0.03500000000000005,0.039999999999999945,0.05399999999999999,3495.0,3450.0,0.050000000000000044,2.3600000000000043
2014-01-10,2014-01-06,t10,0.06000000000000001,0.038000000000000006,0.05399999999999999,3450.0,3415.0,0.75,72.36
2014-01-10,2014-01-06,t1236,0.06000000000000001,0.038000000000000006,0.05399999999999999,3440.0,3400.0,0.5,47.36
2014-02-07,2014-02-03,t10,0.1450000000000001,0.04199999999999998,0.05750000000000001,3440.0,3390.0,2.5999999999999996,257.35999999999996
2014-02-07,2014-02-03,t1236,0.1450000000000001,0.04199999999999998,0.05750000000000001,3425.0,3375.0,1.5999999999999996,157.35999999999999
2014-02-14,2014-02-10,t10,0.06500000000000003,0.04199999999999998,0.05750000000000001,3475.0,3425.0,1.0500000000000003,102.36000000000003
2014-03-07,2014-03-03,t10,0.16,0.04199999999999998,0.05750000000000001,3625.0,3560.0,2.9000000000000004,287.36000000000007
2014-03-14,2014-03-10,t10,0.05700000000000001,0.04199999999999998,0.05824999999999998,3625.0,3575.0,0.3999999999999999,37.35999999999999
2014-03-28,2014-03-24,t1236,,0.04199999999999998,0.05849999999999999,3550.0,3500.0,1.5999999999999996,157.35999999999999
2014-04-11,2014-04-07,t10,,0.039999999999999945,0.05700000000000001,3450.0,3400.0,2.6000000000000005,-57.630234374999944
2014-04-11,2014-04-07,t1236,,0.039999999999999945,0.05700000000000001,3425.0,3375.0,1.3999999999999995,137.35999999999996
2014-04-25,2014-04-21,t10,0.08000000000000007,0.03899999999999998,0.0575,3435.0,3375.0,1.7000000000000002,167.36000000000004
2014-04-25,2014-04-21,t1236,0.08000000000000007,0.03899999999999998,0.0575,3410.0,3355.0,0.10000000000000009,7.360000000000008
2014-05-02,2014-04-28,t10,0.11999999999999993,0.03899999999999998,0.0575,3435.0,3375.0,1.8000000000000003,177.36000000000004
2014-05-02,2014-04-28,t1236,0.11999999999999993,0.03899999999999998,0.0575,3410.0,3355.0,0.25,22.36
2014-05-09,2014-05-05,t10,0.0700000000000001,0.04249999999999997,0.05924999999999998,3485.0,3425.0,1.25,122.36
2014-05-23,2014-05-19,t10,0.040000000000000036,0.04500000000000001,0.06,3490.0,3425.0,1.1,107.36000000000001
2014-05-23,2014-05-19,t1236,0.040000000000000036,0.04500000000000001,0.06,3465.0,3400.0,0.6500000000000001,62.360000000000014
2014-06-06,2014-06-02,t10,0.09499999999999993,0.04500000000000001,0.06,3640.0,3580.0,0.30000000000000004,27.360000000000003
2014-06-13,2014-06-09,t10,0.03500000000000001,0.04500000000000002,0.060000000000000046,3700.0,3640.0,0.75,72.36
2014-06-13,2014-06-09,t1236,0.03500000000000001,0.04500000000000002,0.060000000000000046,3675.0,3620.0,0.24999999999999994,22.359999999999992
2014-06-27,2014-06-23,t10,0.039999999999999994,0.04500000000000002,0.060000000000000046,3715.0,3655.0,0.1499999999999999,12.35999999999999
2014-07-04,2014-06-30,t10,0.010000000000000009,0.04500000000000001,0.060000000000000046,3755.0,3705.0,0.09999999999999998,7.359999999999998
2014-07-11,2014-07-07,t1236,,0.04250000000000002,0.060000000000000046,3815.0,3765.0,0.10000000000000009,7.360000000000008
2014-07-25,2014-07-21,t10,0.08999999999999986,0.045,0.06000000000000008,3855.0,3800.0,3.05,302.36
2014-07-25,2014-07-21,t1236,0.08999999999999986,0.045,0.06000000000000008,3835.0,3785.0,1.75,172.36
2014-08-01,2014-07-28,t10,0.1,0.04500000000000002,0.06250000000000008,3880.0,3825.0,2.45,209.35218750000004
2014-08-01,2014-07-28,t1236,0.1,0.04500000000000002,0.06250000000000008,3860.0,3810.0,1.2000000000000002,117.36000000000001
2014-08-08,2014-08-04,t10,0.0700000000000001,0.04500000000000002,0.06750000000000006,3790.0,3725.0,2.2500000000000004,222.36000000000007
2014-08-08,2014-08-04,t1236,0.0700000000000001,0.04500000000000002,0.06750000000000006,3775.0,3725.0,1.35,132.36
2014-08-22,2014-08-18,t1236,,0.04500000000000002,0.0700000000000001,3875.0,3825.0,0.44999999999999996,42.35999999999999
2014-09-05,2014-09-02,t10,0.085,0.04500000000000002,0.06875000000000009,4000.0,3945.0,0.7000000000000001,67.36
2014-09-12,2014-09-08,t10,0.03499999999999996,0.04550000000000001,0.0700000000000001,4005.0,3955.0,0.3999999999999999,37.35999999999999
2014-09-12,2014-09-08,t1236,0.03499999999999996,0.04550000000000001,0.0700000000000001,3990.0,3945.0,0.050000000000000044,2.3600000000000043
2014-09-26,2014-09-22,t10,0.1200000000000001,0.04550000000000001,0.0700000000000001,4015.0,3965.0,2.3,227.35999999999999
2014-09-26,2014-09-22,t1236,0.1200000000000001,0.04550000000000001,0.0700000000000001,4000.0,3950.0,1.4000000000000004,137.36000000000004
2014-10-03,2014-09-29,t10,0.07999999999999971,0.0465,0.07750000000000008,3970.0,3920.0,4.4,437.36000000000007
2014-10-03,2014-09-29,t1236,0.07999999999999971,0.0465,0.07750000000000008,3950.0,3905.0,2.9000000000000004,287.36000000000007
2014-10-10,2014-10-06,t10,0.12999999999999973,0.0465,0.07999999999999999,3940.0,3875.0,2.5999999999999996,-6242.64
2014-10-10,2014-10-06,t1236,0.12999999999999973,0.0465,0.07999999999999999,3920.0,3875.0,1.0,-4402.64
2014-10-24,2014-10-20,t10,0.10999999999999979,0.04699999999999999,0.08250000000000005,3715.0,3650.0,4.6,457.35999999999996
2014-10-24,2014-10-20,t1236,0.10999999999999979,0.04699999999999999,0.08250000000000005,3690.0,3635.0,2.8999999999999995,287.35999999999996
2014-10-31,2014-10-27,t10,0.16000000000000014,0.049999999999999954,0.08749999999999994,3930.0,3865.0,3.7,367.36
2014-10-31,2014-10-27,t1236,0.16000000000000014,0.049999999999999954,0.08749999999999994,3905.0,3845.0,1.6000000000000005,157.36000000000007
2014-11-07,2014-11-03,t10,0.04499999999999993,0.04999999999999999,0.08999999999999994,4045.0,3975.0,1.25,122.36
2014-11-07,2014-11-03,t1236,0.04499999999999993,0.04999999999999999,0.08999999999999994,4020.0,3955.0,0.10000000000000009,7.360000000000008
2014-11-14,2014-11-10,t10,0.02999999999999998,0.049999999999999954,0.08999999999999994,4050.0,3980.0,0.44999999999999996,42.35999999999999
2014-12-05,2014-12-01,t10,0.1,0.049999999999999954,0.08999999999999994,4235.0,4170.0,2.3,227.35999999999999
2014-12-05,2014-12-01,t1236,0.1,0.049999999999999954,0.08999999999999994,4210.0,4150.0,0.39999999999999947,37.35999999999994
2015-01-09,2015-01-05,t10,0.17999999999999972,0.04999999999999999,0.09249999999999999,4125.0,4050.0,7.9,787.36
2015-01-09,2015-01-05,t1236,0.17999999999999972,0.04999999999999999,0.09249999999999999,4100.0,4050.0,3.8000000000000007,377.36000000000007
2015-01-23,2015-01-20,t10,0.15,0.05700000000000001,0.09749999999999998,4025.0,3950.0,3.3,327.36
2015-01-23,2015-01-20,t1236,0.15,0.05700000000000001,0.09749999999999998,4000.0,3940.0,0.8000000000000003,77.36000000000003
2015-01-30,2015-01-26,t10,0.10999999999999979,0.05700000000000001,0.09749999999999998,4160.0,4085.0,4.1000000000000005,-749.622421875
2015-01-30,2015-01-26,t1236,0.10999999999999979,0.05700000000000001,0.09749999999999998,4130.0,4065.0,1.9000000000000004,187.36000000000004
2015-02-06,2015-02-02,t10,0.18000000000000008,0.05700000000000001,0.09749999999999998,4025.0,3950.0,5.799999999999999,577.3599999999999
2015-02-06,2015-02-02,t1236,0.18000000000000008,0.05700000000000001,0.09749999999999998,3990.0,3925.0,1.9000000000000004,187.36000000000004
2015-02-13,2015-02-09,t10,0.08999999999999994,0.06000000000000001,0.1,4100.0,4020.0,2.9999999999999996,297.35999999999996
2015-02-13,2015-02-09,t1236,0.08999999999999994,0.06000000000000001,0.1,4070.0,4000.0,0.9500000000000002,92.36000000000001
2015-03-13,2015-03-09,t10,0.04999999999999982,0.06000000000000001,0.1,4280.0,4205.0,0.8999999999999995,87.35999999999994
2015-03-27,2015-03-23,t10,0.050000000000000044,0.06000000000000001,0.1,4335.0,4260.0,0.45000000000000007,-171.65367187499996
2015-04-10,2015-04-06,t10,0.06999999999999992,0.06000000000000001,0.1,4190.0,4110.0,1.6,157.36
2015-04-10,2015-04-06,t1236,0.06999999999999992,0.06000000000000001,0.1,4160.0,4090.0,0.6500000000000001,62.360000000000014
2015-04-24,2015-04-20,t10,-0.04500000000000002,0.06499999999999999,0.1,4225.0,4150.0,0.15000000000000002,12.360000000000001
2015-05-01,2015-04-27,t10,-0.019999999999999973,0.06499999999999999,0.1,4405.0,4325.0,0.3999999999999999,37.35999999999999
2015-05-08,2015-05-04,t10,0.017500000000000005,0.06499999999999999,0.1,4350.0,4260.0,0.20000000000000007,17.360000000000007
2015-05-22,2015-05-18,t10,0.05249999999999999,0.06499999999999999,0.1,4360.0,4275.0,0.7,67.36
2015-05-29,2015-05-26,t10,0.075,0.061,0.1,4400.0,4320.0,1.7500000000000002,172.36000000000004
2015-05-29,2015-05-26,t1236,0.075,0.061,0.1,4370.0,4300.0,0.25,22.36
2015-06-05,2015-06-01,t10,0.1299999999999999,0.061,0.09624999999999995,4380.0,4300.0,1.5999999999999996,157.35999999999999
2015-06-05,2015-06-01,t1236,0.1299999999999999,0.061,0.09624999999999995,4350.0,4280.0,0.5500000000000003,52.36000000000003
2015-06-12,2015-06-08,t10,0.075,0.061,0.1,4350.0,4275.0,1.75,172.36
2015-07-03,2015-06-29,t10,0.1549999999999999,0.061,0.09624999999999995,4360.0,4290.0,4.3999999999999995,437.35999999999996
2015-07-03,2015-06-29,t1236,0.1549999999999999,0.061,0.09624999999999995,4330.0,4260.0,2.4999999999999996,247.35999999999996
2015-07-10,2015-07-06,t10,0.09000000000000022,0.06749999999999995,0.1,4310.0,4240.0,2.4000000000000004,237.36000000000004
2015-07-10,2015-07-06,t1236,0.09000000000000022,0.06749999999999995,0.1,4280.0,4220.0,1.35,132.36
2015-07-24,2015-07-20,t10,0.05,0.06999999999999992,0.1,4535.0,4455.0,0.3500000000000001,32.36000000000001
2015-07-31,2015-07-27,t10,0.10999999999999979,0.06999999999999992,0.1,4430.0,4350.0,3.3,327.36
2015-07-31,2015-07-27,t1236,0.10999999999999979,0.06999999999999992,0.1,4400.0,4325.0,1.7999999999999998,177.35999999999999
2015-08-14,2015-08-10,t10,0.007499999999999995,0.06749999999999995,0.1,4390.0,4310.0,0.10000000000000009,7.360000000000008
2015-09-04,2015-08-31,t10,0.13999999999999985,0.05874999999999999,0.1,4150.0,4040.0,9.899999999999999,987.3599999999999
2015-09-04,2015-08-31,t1236,0.13999999999999985,0.05874999999999999,0.1,4110.0,4010.0,6.299999999999999,627.3599999999999
2015-09-25,2015-09-21,t10,0.0375,0.06749999999999995,0.10749999999999985,4150.0,4040.0,1.5000000000000002,147.36000000000004
2015-09-25,2015-09-21,t1236,0.0375,0.06749999999999995,0.10749999999999985,4110.0,4010.0,0.5999999999999999,57.359999999999985
2015-10-02,2015-09-28,t10,0.2049999999999997,0.05874999999999999,0.10749999999999985,4050.0,3940.0,10.2,1017.3599999999999
2015-10-02,2015-09-28,t1236,0.2049999999999997,0.05874999999999999,0.10749999999999985,4010.0,3910.0,5.4,537.36
2015-10-09,2015-10-05,t10,0.03500000000000001,0.06749999999999995,0.10999999999999979,4090.0,3975.0,1.0,97.36
2015-10-09,2015-10-05,t1236,0.03500000000000001,0.06749999999999995,0.10999999999999979,4050.0,3950.0,0.3500000000000001,32.36000000000001
2015-10-23,2015-10-19,t10,0.019999999999999997,0.06749999999999995,0.10999999999999979,4270.0,4160.0,0.9000000000000001,87.36000000000001
2015-10-23,2015-10-19,t1236,0.019999999999999997,0.06749999999999995,0.10999999999999979,4230.0,4140.0,0.29999999999999993,27.359999999999992
2015-10-30,2015-10-26,t10,0.05999999999999996,0.06749999999999995,0.10999999999999979,4450.0,4340.0,2.25,222.36
2015-10-30,2015-10-26,t1236,0.05999999999999996,0.06749999999999995,0.10999999999999979,4410.0,4310.0,0.8500000000000001,82.36000000000001
2015-11-06,2015-11-02,t10,0.030000000000000072,0.06499999999999999,0.10999999999999979,4480.0,4380.0,0.55,52.36000000000001
2015-11-06,2015-11-02,t1236,0.030000000000000072,0.06499999999999999,0.10999999999999979,4440.0,4350.0,0.09999999999999987,7.359999999999985
2015-11-13,2015-11-09,t10,0.05249999999999999,0.05999999999999996,0.10999999999999979,4550.0,4450.0,1.7000000000000002,-4618.626328125
2015-11-13,2015-11-09,t1236,0.05249999999999999,0.05999999999999996,0.10999999999999979,4510.0,4420.0,0.5,-738.626328125
2015-11-27,2015-11-23,t10,0.025,0.05249999999999999,0.10999999999999979,4520.0,4410.0,0.1499999999999999,12.35999999999999
2015-12-04,2015-11-30,t10,0.05,0.05249999999999999,0.10999999999999979,4520.0,4420.0,1.7,167.36
2015-12-04,2015-11-30,t1236,0.05,0.05249999999999999,0.10999999999999979,4480.0,4390.0,0.6499999999999999,62.359999999999985
2015-12-11,2015-12-07,t10,0.04249999999999998,0.05125000000000002,0.10999999999999979,4550.0,4450.0,1.4,-1106.634140625
2015-12-11,2015-12-07,t1236,0.04249999999999998,0.05125000000000002,0.10999999999999979,4520.0,4425.0,0.6499999999999999,62.359999999999985
2015-12-25,2015-12-21,t10,0.02999999999999998,0.05125000000000002,0.10999999999999979,4350.0,4250.0,1.0,97.36
2015-12-25,2015-12-21,t1236,0.02999999999999998,0.05125000000000002,0.10999999999999979,4310.0,4220.0,0.20000000000000007,17.360000000000007
2016-01-01,2015-12-28,t10,0.03499999999999999,0.050000000000000024,0.10999999999999979,4460.0,4360.0,1.15,112.35999999999999
2016-01-01,2015-12-28,t1236,0.03499999999999999,0.050000000000000024,0.10999999999999979,4420.0,4330.0,0.4,37.36
2016-01-08,2016-01-04,t1236,,0.050000000000000024,0.10999999999999979,4400.0,4310.0,12.799999999999999,-7722.64
2016-01-22,2016-01-19,t10,0.07000000000000002,0.05,0.1049999999999999,3960.0,3850.0,2.9000000000000004,287.36000000000007
2016-01-22,2016-01-19,t1236,0.07000000000000002,0.05,0.1049999999999999,3920.0,3820.0,1.3499999999999996,132.35999999999999
2016-01-29,2016-01-25,t10,0.11000000000000014,0.05,0.1049999999999999,4075.0,3960.0,7.300000000000001,727.3600000000001
2016-01-29,2016-01-25,t1236,0.11000000000000014,0.05,0.1049999999999999,4030.0,3930.0,4.0,397.36
2016-02-05,2016-02-01,t10,0.09500000000000001,0.05,0.1049999999999999,4090.0,3980.0,5.050000000000001,-6050.6429296875
2016-02-05,2016-02-01,t1236,0.09500000000000001,0.05,0.1049999999999999,4050.0,3950.0,2.5,-2305.6429296875
2016-02-12,2016-02-08,t10,0.2799999999999997,0.05,0.0975,3830.0,3710.0,13.299999999999999,1327.36
2016-02-12,2016-02-08,t1236,0.2799999999999997,0.05,0.0975,3790.0,3680.0,9.0,897.36
2016-03-04,2016-02-29,t10,0.05500000000000003,0.05,0.0975,4050.0,3930.0,1.5499999999999998,152.35999999999999
2016-03-04,2016-02-29,t1236,0.05500000000000003,0.05,0.0975,4000.0,3900.0,0.29999999999999993,27.359999999999992
2016-03-11,2016-03-07,t10,0.07000000000000002,0.050000000000000044,0.0975,4140.0,4025.0,3.5500000000000003,352.36
2016-03-11,2016-03-07,t1236,0.07000000000000002,0.050000000000000044,0.0975,4100.0,3990.0,1.7000000000000002,167.36000000000004
2016-04-01,2016-03-28,t10,0.027500000000000035,0.050000000000000044,0.09250000000000011,4240.0,4130.0,0.9500000000000001,92.36
2016-04-01,2016-03-28,t1236,0.027500000000000035,0.050000000000000044,0.09250000000000011,4200.0,4100.0,0.3500000000000001,32.36000000000001
2016-04-22,2016-04-18,t10,0.040000000000000036,0.050000000000000044,0.09250000000000011,4380.0,4280.0,1.3499999999999999,132.36
2016-04-22,2016-04-18,t1236,0.040000000000000036,0.050000000000000044,0.09250000000000011,4350.0,4260.0,0.6499999999999999,62.359999999999985
2016-04-29,2016-04-25,t10,0.07000000000000002,0.050000000000000044,0.09250000000000011,4320.0,4220.0,2.7,267.36
2016-04-29,2016-04-25,t1236,0.07000000000000002,0.050000000000000044,0.09250000000000011,4280.0,4190.0,1.0999999999999999,107.35999999999999
2016-05-06,2016-05-02,t10,0.04499999999999993,0.050000000000000044,0.09000000000000008,4180.0,4075.0,1.75,172.36
2016-05-13,2016-05-09,t10,0.020000000000000018,0.05,0.08249999999999996,4175.0,4080.0,0.25,22.36
2016-05-27,2016-05-23,t10,0.0125,0.05,0.075,4210.0,4125.0,0.15000000000000002,12.360000000000001
2016-06-10,2016-06-06,t10,0.0125,0.04499999999999993,0.07000000000000002,4370.0,4275.0,0.15000000000000002,12.360000000000001
2016-06-24,2016-06-20,t10,0.039999999999999945,0.04499999999999993,0.07000000000000002,4240.0,4150.0,1.7999999999999998,177.35999999999999
2016-06-24,2016-06-20,t1236,0.039999999999999945,0.04499999999999993,0.07000000000000002,4210.0,4130.0,0.9500000000000002,92.36000000000001
2016-07-01,2016-06-27,t10,0.23000000000000043,0.04499999999999993,0.07000000000000002,4150.0,4060.0,14.2,1417.36
2016-07-01,2016-06-27,t1236,0.23000000000000043,0.04499999999999993,0.07000000000000002,4110.0,4040.0,8.1,807.36
2016-07-08,2016-07-05,t10,0.04249999999999998,0.04499999999999993,0.07250000000000001,4290.0,4200.0,1.65,162.36
2016-07-08,2016-07-05,t1236,0.04249999999999998,0.04499999999999993,0.07250000000000001,4250.0,4170.0,0.29999999999999993,27.359999999999992
2016-07-22,2016-07-18,t10,0.027500000000000014,0.042499999999999996,0.07250000000000001,4450.0,4360.0,0.050000000000000044,2.3600000000000043
2016-07-29,2016-07-25,t10,0.06999999999999992,0.04249999999999998,0.07250000000000001,4525.0,4440.0,2.9,287.36
2016-07-29,2016-07-25,t1236,0.06999999999999992,0.04249999999999998,0.07250000000000001,4490.0,4420.0,1.4,137.36
2016-08-05,2016-08-01,t1236,0.007499999999999995,0.04249999999999998,0.07250000000000001,4560.0,4490.0,0.050000000000000044,2.3600000000000043
2016-08-12,2016-08-08,t10,0.019999999999999973,0.04249999999999998,0.07250000000000001,4660.0,4575.0,0.55,52.36000000000001
2016-08-12,2016-08-08,t1236,0.019999999999999973,0.04249999999999998,0.07250000000000001,4625.0,4550.0,0.2500000000000001,22.36000000000001
2016-08-26,2016-08-22,t10,0.04500000000000002,0.04249999999999998,0.07250000000000001,4680.0,4610.0,1.0499999999999998,102.35999999999999
2016-08-26,2016-08-22,t1236,0.04500000000000002,0.04249999999999998,0.07250000000000001,4650.0,4580.0,0.55,52.36000000000001
2016-09-02,2016-08-29,t10,0.039999999999999994,0.042499999999999996,0.07250000000000001,4660.0,4590.0,1.25,122.36
2016-09-02,2016-08-29,t1236,0.039999999999999994,0.042499999999999996,0.07250000000000001,4630.0,4570.0,0.5999999999999999,57.359999999999985
2016-09-23,2016-09-19,t10,0.04750000000000001,0.04249999999999998,0.07250000000000001,4690.0,4620.0,0.4500000000000002,42.360000000000014
2016-10-07,2016-10-03,t10,0.08499999999999996,0.04249999999999998,0.07000000000000002,4760.0,4680.0,2.6,257.36
2016-10-07,2016-10-03,t1236,0.08499999999999996,0.04249999999999998,0.07000000000000002,4730.0,4660.0,1.2000000000000002,117.36000000000001
2016-10-14,2016-10-10,t10,0.012499999999999989,0.042499999999999996,0.07749999999999999,4750.0,4680.0,0.35,32.36
2016-10-14,2016-10-10,t1236,0.012499999999999989,0.042499999999999996,0.07749999999999999,4725.0,4660.0,0.09999999999999998,7.359999999999998
2016-10-28,2016-10-24,t10,0.02999999999999998,0.04249999999999998,0.07000000000000002,4740.0,4670.0,0.9500000000000002,92.36000000000001
2016-10-28,2016-10-24,t1236,0.02999999999999998,0.04249999999999998,0.07000000000000002,4710.0,4650.0,0.44999999999999996,42.35999999999999
2016-11-04,2016-10-31,t10,0.09000000000000004,0.04249999999999998,0.07000000000000002,4690.0,4620.0,3.7,-2586.64390625
2016-11-04,2016-10-31,t1236,0.09000000000000004,0.04249999999999998,0.07000000000000002,4670.0,4600.0,2.6,-696.64390625
2016-11-11,2016-11-07,t10,0.08499999999999996,0.04249999999999998,0.07000000000000002,4540.0,4470.0,3.6999999999999993,367.35999999999996
2016-11-11,2016-11-07,t1236,0.08499999999999996,0.04249999999999998,0.07000000000000002,4510.0,4450.0,2.1999999999999993,217.35999999999996
2016-11-25,2016-11-21,t10,0.010000000000000009,0.04249999999999998,0.07000000000000002,4680.0,4600.0,0.04999999999999999,2.359999999999999
2016-12-02,2016-11-28,t10,0.04499999999999997,0.04249999999999998,0.07000000000000002,4750.0,4670.0,1.4,-925.62828125
2016-12-02,2016-11-28,t1236,0.04499999999999997,0.04249999999999998,0.07000000000000002,4720.0,4650.0,0.5999999999999999,57.359999999999985
2017-01-13,2017-01-09,t10,0.03499999999999996,0.040000000000000036,0.06999999999999998,4880.0,4800.0,0.30000000000000004,27.360000000000003
2017-01-27,2017-01-23,t10,0.057500000000000016,0.039999999999999994,0.06499999999999995,4950.0,4875.0,0.7000000000000002,67.36000000000001
2017-02-03,2017-01-30,t10,0.1450000000000001,0.040000000000000036,0.06499999999999995,5050.0,4975.0,4.5,447.36
2017-02-03,2017-01-30,t1236,0.1450000000000001,0.040000000000000036,0.06499999999999995,5020.0,4960.0,1.2999999999999998,127.35999999999997
2017-03-31,2017-03-27,t10,0.16999999999999993,0.04249999999999998,0.07000000000000002,5260.0,5200.0,2.8999999999999995,287.35999999999996
2017-03-31,2017-03-27,t1236,0.16999999999999993,0.04249999999999998,0.07000000000000002,5240.0,5180.0,1.5,147.36
2017-07-14,2017-07-10,t10,0.11999999999999993,0.040000000000000015,0.06999999999999995,5530.0,5450.0,2.9000000000000004,287.36000000000007
2017-07-14,2017-07-10,t1236,0.11999999999999993,0.040000000000000015,0.06999999999999995,5500.0,5430.0,1.5499999999999998,152.35999999999999
2017-08-04,2017-07-31,t10,0.15999999999999998,0.04249999999999999,0.08499999999999996,5780.0,5700.0,0.5,47.36
2017-08-11,2017-08-07,t10,0.02999999999999998,0.042499999999999996,0.08499999999999999,5775.0,5690.0,0.10000000000000009,7.360000000000008
2017-08-25,2017-08-21,t10,0.11500000000000003,0.04249999999999999,0.08499999999999999,5660.0,5575.0,3.0999999999999996,307.35999999999996
2017-08-25,2017-08-21,t1236,0.11500000000000003,0.04249999999999999,0.08499999999999999,5625.0,5550.0,1.7000000000000002,167.36000000000004
2017-09-01,2017-08-28,t10,0.01499999999999999,0.04249999999999999,0.08500000000000005,5690.0,5610.0,0.10000000000000009,7.360000000000008
2017-09-29,2017-09-25,t10,0.12000000000000002,0.042499999999999996,0.08500000000000005,5800.0,5720.0,3.0000000000000004,297.36000000000007
2017-09-29,2017-09-25,t1236,0.12000000000000002,0.042499999999999996,0.08500000000000005,5770.0,5700.0,0.2999999999999998,27.35999999999998
2017-10-27,2017-10-23,t10,0.05499999999999998,0.0425,0.08500000000000005,5990.0,5910.0,0.3999999999999999,37.35999999999999
2017-11-03,2017-10-30,t10,0.06999999999999992,0.04374999999999998,0.08500000000000005,6085.0,6000.0,1.4000000000000004,137.36000000000004
2017-12-08,2017-12-04,t10,0.09000000000000022,0.045,0.08500000000000005,6210.0,6130.0,1.8000000000000007,177.36000000000007
2017-12-08,2017-12-04,t1236,0.09000000000000022,0.045,0.08500000000000005,6180.0,6110.0,0.20000000000000018,17.360000000000017
2018-01-26,2018-01-22,t10,0.08500000000000014,0.04374999999999998,0.08500000000000005,6700.0,6620.0,1.1000000000000005,107.36000000000006
2018-01-26,2018-01-22,t1236,0.08500000000000014,0.04374999999999998,0.08500000000000005,6670.0,6600.0,0.10000000000000009,7.360000000000008
2018-02-02,2018-01-29,t10,0.2299999999999997,0.04374999999999998,0.08500000000000008,6890.0,6800.0,9.799999999999999,-8022.64
2018-02-02,2018-01-29,t1236,0.2299999999999997,0.04374999999999998,0.08500000000000008,6850.0,6780.0,4.1,-6592.640000000001
2018-02-09,2018-02-05,t10,0.15500000000000008,0.045,0.08625000000000012,6610.0,6525.0,6.899999999999999,-7812.639999999999
2018-02-09,2018-02-05,t1236,0.15500000000000008,0.045,0.08625000000000012,6580.0,6500.0,5.199999999999999,-7482.64
2018-02-23,2018-02-20,t10,0.1,0.04500000000000002,0.09000000000000008,6570.0,6450.0,2.0,197.36
2018-03-02,2018-02-26,t10,-0.014999999999999947,0.04500000000000002,0.09250000000000015,6700.0,6580.0,0.7000000000000002,67.36000000000001
2018-03-09,2018-03-05,t10,0.0,0.045,0.09250000000000015,6600.0,6475.0,5.0,497.36
2018-03-23,2018-03-19,t10,0.1450000000000003,0.045,0.09250000000000015,6810.0,6675.0,8.399999999999999,-12662.64
2018-03-23,2018-03-19,t1236,0.1450000000000003,0.045,0.09250000000000015,6750.0,6640.0,1.700000000000001,-10832.64
2018-03-30,2018-03-26,t10,0.1,0.04500000000000002,0.09999999999999996,6270.0,6125.0,1.0,97.36
2018-04-06,2018-04-02,t10,0.12000000000000029,0.04625,0.1,6330.0,6180.0,18.0,1797.36
2018-04-06,2018-04-02,t1236,0.12000000000000029,0.04625,0.1,6275.0,6140.0,8.7,867.3599999999999
2018-04-13,2018-04-09,t10,0.054999999999999896,0.05124999999999998,0.1025,6180.0,6030.0,3.8999999999999995,387.35999999999996
2018-04-13,2018-04-09,t1236,0.054999999999999896,0.05124999999999998,0.1025,6120.0,5990.0,0.6000000000000005,57.360000000000056
2018-04-27,2018-04-23,t10,0.1,0.05499999999999994,0.1025,6420.0,6250.0,5.6,557.36
2018-04-27,2018-04-23,t1236,0.1,0.05499999999999994,0.1025,6360.0,6225.0,1.5,147.36
2018-05-04,2018-04-30,t10,0.1,0.05624999999999998,0.1025,6400.0,6250.0,1.0,97.36
2018-05-11,2018-05-07,t10,0.06499999999999995,0.057499999999999996,0.1025,6510.0,6350.0,0.7999999999999998,77.35999999999999
2018-05-11,2018-05-07,t1236,0.06499999999999995,0.057499999999999996,0.1025,6450.0,6325.0,0.050000000000000044,2.3600000000000043
2018-06-22,2018-06-18,t10,0.1549999999999999,0.05624999999999998,0.1,7040.0,6900.0,3.5,347.36
2018-06-22,2018-06-18,t1236,0.1549999999999999,0.05624999999999998,0.1,6980.0,6860.0,0.2999999999999998,27.35999999999998
2018-06-29,2018-06-25,t10,0.2,0.05624999999999998,0.1025,6980.0,6850.0,13.2,1317.36
2018-06-29,2018-06-25,t1236,0.2,0.05624999999999998,0.1025,6930.0,6810.0,8.0,797.36
2018-07-06,2018-07-02,t10,0.10999999999999996,0.06124999999999996,0.11124999999999997,6820.0,6675.0,5.199999999999999,517.3599999999999
2018-07-06,2018-07-02,t1236,0.10999999999999996,0.06124999999999996,0.11124999999999997,6775.0,6650.0,2.0,197.36
2018-07-13,2018-07-09,t10,0.05999999999999996,0.06499999999999997,0.11124999999999997,6990.0,6850.0,1.6000000000000005,157.36000000000007
2018-07-13,2018-07-09,t1236,0.05999999999999996,0.06499999999999997,0.11124999999999997,6930.0,6810.0,0.10000000000000009,7.360000000000008
2018-07-27,2018-07-23,t10,0.1,0.06249999999999996,0.10999999999999996,7140.0,7010.0,4.6,457.35999999999996
2018-07-27,2018-07-23,t1236,0.1,0.06249999999999996,0.10999999999999996,7090.0,6970.0,1.4000000000000004,137.36000000000004
2018-08-03,2018-07-30,t10,0.15,0.06249999999999996,0.1025,7080.0,6950.0,11.000000000000002,1097.3600000000001
2018-08-03,2018-07-30,t1236,0.15,0.06249999999999996,0.1025,7030.0,6910.0,5.800000000000001,577.3600000000001
2018-08-10,2018-08-06,t10,0.039999999999999855,0.06499999999999997,0.11124999999999997,7180.0,7040.0,0.2999999999999998,27.35999999999998
2018-08-24,2018-08-20,t10,0.06999999999999992,0.06499999999999997,0.11124999999999997,7170.0,7050.0,2.7,267.36
2018-08-24,2018-08-20,t1236,0.06999999999999992,0.06499999999999997,0.11124999999999997,7125.0,7000.0,0.5999999999999996,57.359999999999964
2018-09-07,2018-09-04,t10,0.07999999999999989,0.06749999999999995,0.11124999999999997,7450.0,7330.0,2.8,-1696.6634375
2018-09-07,2018-09-04,t1236,0.07999999999999989,0.06749999999999995,0.11124999999999997,7400.0,7290.0,0.20000000000000018,17.360000000000017
2018-09-14,2018-09-10,t10,0.12000000000000029,0.06999999999999992,0.11124999999999997,7225.0,7100.0,4.9,487.36000000000007
2018-09-14,2018-09-10,t1236,0.12000000000000029,0.06999999999999992,0.11124999999999997,7175.0,7060.0,2.3999999999999995,237.35999999999996
2018-09-28,2018-09-24,t10,0.10999999999999979,0.0749999999999999,0.11500000000000003,7330.0,7200.0,7.5,747.36
2018-09-28,2018-09-24,t1236,0.10999999999999979,0.0749999999999999,0.11500000000000003,7280.0,7170.0,3.3,327.36
2018-10-12,2018-10-08,t10,0.13999999999999915,0.0749999999999999,0.11124999999999997,7180.0,7050.0,8.999999999999998,-1381.6439062500003
2018-10-12,2018-10-08,t1236,0.13999999999999915,0.0749999999999999,0.11124999999999997,7130.0,7020.0,5.1,507.35999999999996
2018-10-26,2018-10-22,t10,0.1700000000000003,0.08249999999999995,0.11500000000000003,6870.0,6725.0,16.8,-82.64976562499993
2018-10-26,2018-10-22,t1236,0.1700000000000003,0.08249999999999995,0.11500000000000003,6810.0,6675.0,11.400000000000002,1137.3600000000001
2018-11-02,2018-10-29,t1236,0.13000000000000006,0.08249999999999995,0.11625,6540.0,6400.0,8.4,837.36
2018-11-09,2018-11-05,t10,0.19499999999999956,0.08249999999999995,0.11625000000000003,6690.0,6525.0,21.699999999999996,2167.3599999999997
2018-11-09,2018-11-05,t1236,0.19499999999999956,0.08249999999999995,0.11625000000000003,6630.0,6480.0,15.3,1527.36
2018-11-30,2018-11-26,t10,0.03200000000000003,0.07999999999999989,0.11750000000000002,6225.0,6050.0,0.39999999999999947,37.35999999999994
2018-12-14,2018-12-10,t10,,0.06999999999999992,0.11750000000000002,6300.0,6100.0,15.4,1537.36
2018-12-14,2018-12-10,t1236,,0.06999999999999992,0.11750000000000002,6225.0,6050.0,8.899999999999999,887.3599999999999
2018-12-28,2018-12-24,t10,0.17799999999999983,0.0749999999999999,0.11875000000000002,5700.0,5500.0,18.299999999999997,1827.3599999999997
2018-12-28,2018-12-24,t1236,0.17799999999999983,0.0749999999999999,0.11875000000000002,5625.0,5400.0,13.7,1367.36
2019-01-04,2018-12-31,t10,0.0700000000000001,0.08249999999999995,0.12000000000000022,5940.0,5725.0,6.6,657.36
2019-01-04,2018-12-31,t1236,0.0700000000000001,0.08249999999999995,0.12000000000000022,5850.0,5650.0,2.8999999999999995,287.35999999999996
2019-01-11,2019-01-07,t10,0.08999999999999986,0.075,0.12000000000000022,6075.0,5860.0,5.4,537.36
2019-01-11,2019-01-07,t1236,0.08999999999999986,0.075,0.12000000000000022,5990.0,5800.0,2.0,197.36
2019-01-25,2019-01-22,t10,0.04500000000000002,0.075,0.11875000000000022,6450.0,6240.0,2.2,217.36000000000004
2019-01-25,2019-01-22,t1236,0.04500000000000002,0.075,0.11875000000000022,6370.0,6190.0,0.3500000000000001,32.36000000000001
2019-02-01,2019-01-28,t10,0.15,0.075,0.11875000000000022,6460.0,6250.0,15.899999999999999,1587.3599999999997
2019-02-01,2019-01-28,t1236,0.15,0.075,0.11875000000000022,6375.0,6200.0,7.500000000000001,747.3600000000001
2019-02-22,2019-02-19,t10,0.017500000000000026,0.08250000000000002,0.12000000000000029,6750.0,6560.0,0.30000000000000004,27.360000000000003
2019-03-01,2019-02-25,t10,0.015000000000000036,0.08250000000000002,0.12000000000000029,6800.0,6625.0,1.0499999999999998,102.35999999999999
2019-03-08,2019-03-04,t10,0.013000000000000006,0.08250000000000002,0.12000000000000029,6875.0,6700.0,0.40000000000000013,37.360000000000014
2019-03-08,2019-03-04,t1236,0.013000000000000006,0.08250000000000002,0.12000000000000029,6800.0,6650.0,0.20000000000000007,17.360000000000007
2019-03-22,2019-03-18,t10,0.020000000000000018,0.08250000000000002,0.12000000000000029,7025.0,6850.0,0.5499999999999998,52.359999999999985
2019-04-05,2019-04-01,t10,0.020000000000000018,0.08250000000000002,0.12000000000000029,7110.0,6940.0,0.7,67.36
2019-04-12,2019-04-08,t10,0.02999999999999998,0.075,0.12000000000000029,7310.0,7150.0,1.9,187.36
2019-04-12,2019-04-08,t1236,0.02999999999999998,0.075,0.12000000000000029,7250.0,7110.0,0.7,67.36
2019-04-19,2019-04-15,t10,0.01499999999999999,0.075,0.12000000000000029,7375.0,7220.0,0.5,47.36
2019-04-19,2019-04-15,t1236,0.01499999999999999,0.075,0.12000000000000029,7320.0,7175.0,0.050000000000000044,2.3600000000000043
2019-04-26,2019-04-22,t10,0.04500000000000011,0.075,0.12000000000000029,7450.0,7300.0,2.8000000000000003,277.36
2019-04-26,2019-04-22,t1236,0.04500000000000011,0.075,0.12000000000000029,7390.0,7250.0,1.2000000000000002,117.36000000000001
2019-05-03,2019-04-29,t10,0.06500000000000003,0.075,0.12000000000000029,7590.0,7440.0,4.3999999999999995,437.35999999999996
2019-05-03,2019-04-29,t1236,0.06500000000000003,0.075,0.12000000000000029,7530.0,7400.0,2.1499999999999995,212.35999999999996
2019-05-10,2019-05-06,t10,0.18500000000000014,0.07,0.12000000000000029,7610.0,7460.0,16.0,-749.661484375
2019-05-10,2019-05-06,t1236,0.18500000000000014,0.07,0.12000000000000029,7550.0,7425.0,9.0,897.36
2019-05-24,2019-05-20,t10,0.21499999999999986,0.07,0.12000000000000029,7250.0,7090.0,23.299999999999997,2327.3599999999997
2019-05-24,2019-05-20,t1236,0.21499999999999986,0.07,0.12000000000000029,7190.0,7050.0,14.799999999999999,1477.36
2019-05-31,2019-05-28,t10,0.04500000000000011,0.07,0.12000000000000029,7050.0,6900.0,1.8000000000000003,177.36000000000004
2019-06-07,2019-06-03,t10,0.21000000000000085,0.06749999999999998,0.12000000000000029,6875.0,6720.0,18.700000000000003,1867.3600000000001
2019-06-07,2019-06-03,t1236,0.21000000000000085,0.06749999999999998,0.12000000000000029,6820.0,6675.0,12.1,1207.36
2019-06-14,2019-06-10,t10,0.02999999999999998,0.07,0.1275000000000001,7150.0,6975.0,0.7999999999999998,77.35999999999999
2019-06-28,2019-06-24,t10,0.05499999999999998,0.07,0.1275000000000001,7460.0,7300.0,4.1,407.35999999999996
2019-06-28,2019-06-24,t1236,0.05499999999999998,0.07,0.1275000000000001,7400.0,7250.0,2.15,212.36
2019-07-05,2019-07-01,t10,0.0125,0.06749999999999998,0.12000000000000029,7410.0,7250.0,0.5,47.36
2019-07-05,2019-07-01,t1236,0.0125,0.06749999999999998,0.12000000000000029,7350.0,7210.0,0.10000000000000009,7.360000000000008
2019-07-12,2019-07-08,t10,0.10500000000000007,0.06499999999999999,0.12000000000000029,7590.0,7430.0,7.199999999999999,717.3599999999999
2019-07-12,2019-07-08,t1236,0.10500000000000007,0.06499999999999999,0.12000000000000029,7530.0,7390.0,3.2,317.36
2019-07-26,2019-07-22,t10,0.05,0.06499999999999999,0.1175000000000002,7590.0,7440.0,2.8,277.36
2019-07-26,2019-07-22,t1236,0.05,0.06499999999999999,0.1175000000000002,7540.0,7400.0,1.3999999999999995,137.35999999999996
2019-08-02,2019-07-29,t10,0.13000000000000042,0.06499999999999999,0.1175000000000002,7780.0,7630.0,11.500000000000002,-7572.65953125
2019-08-02,2019-07-29,t1236,0.13000000000000042,0.06499999999999999,0.1175000000000002,7720.0,7590.0,6.1000000000000005,-2112.65953125
2019-08-23,2019-08-19,t10,0.039999999999999855,0.06499999999999995,0.13000000000000006,7340.0,7175.0,3.05,302.36
2019-08-23,2019-08-19,t1236,0.039999999999999855,0.06499999999999995,0.13000000000000006,7280.0,7125.0,1.75,172.36
2019-08-30,2019-08-26,t10,,0.05999999999999996,0.13000000000000006,7200.0,7025.0,9.600000000000001,957.3600000000001
2019-09-06,2019-09-03,t10,0.15999999999999942,0.0625,0.13000000000000014,7425.0,7260.0,10.999999999999998,1097.3599999999997
2019-09-06,2019-09-03,t1236,0.15999999999999942,0.0625,0.13000000000000014,7360.0,7210.0,6.2,617.36
2019-09-13,2019-09-09,t10,0.05,0.06749999999999998,0.13250000000000012,7580.0,7420.0,3.4999999999999996,347.35999999999996
2019-09-13,2019-09-09,t1236,0.05,0.06749999999999998,0.13250000000000012,7520.0,7370.0,1.7999999999999998,177.35999999999999
2019-09-27,2019-09-23,t10,0.06999999999999992,0.06749999999999998,0.13250000000000012,7560.0,7400.0,5.499999999999999,547.3599999999999
2019-09-27,2019-09-23,t1236,0.06999999999999992,0.06749999999999998,0.13250000000000012,7500.0,7350.0,3.2,317.36
2019-10-04,2019-09-30,t10,,0.06749999999999998,0.13000000000000014,7425.0,7275.0,5.199999999999999,517.3599999999999
2019-10-11,2019-10-07,t10,0.11999999999999993,0.06500000000000003,0.12500000000000017,7490.0,7325.0,12.0,1197.36
2019-10-11,2019-10-07,t1236,0.11999999999999993,0.06500000000000003,0.12500000000000017,7425.0,7280.0,6.6000000000000005,657.36
2019-10-25,2019-10-21,t10,0.02999999999999998,0.06500000000000003,0.12500000000000017,7610.0,7450.0,2.6500000000000004,262.36000000000007
2019-10-25,2019-10-21,t1236,0.02999999999999998,0.06500000000000003,0.12500000000000017,7550.0,7400.0,1.2,117.36
2019-11-01,2019-10-28,t10,0.030000000000000072,0.06500000000000003,0.12500000000000017,7775.0,7620.0,1.7999999999999998,177.35999999999999
2019-11-01,2019-10-28,t1236,0.030000000000000072,0.06500000000000003,0.12500000000000017,7710.0,7575.0,0.75,72.36
2019-11-08,2019-11-04,t10,0.020000000000000018,0.05499999999999998,0.12500000000000017,7910.0,7760.0,1.4,137.36
2019-11-08,2019-11-04,t1236,0.020000000000000018,0.05499999999999998,0.12500000000000017,7860.0,7720.0,0.7999999999999998,77.35999999999999
2019-11-22,2019-11-18,t10,0.075,0.05,0.1200000000000001,8090.0,7950.0,5.499999999999999,547.3599999999999
2019-11-22,2019-11-18,t1236,0.075,0.05,0.1200000000000001,8030.0,7910.0,2.6499999999999995,262.35999999999996
2019-11-29,2019-11-25,t10,0.014999999999999968,0.05499999999999998,0.1200000000000001,8050.0,7910.0,0.6000000000000001,57.36000000000001
2019-11-29,2019-11-25,t1236,0.014999999999999968,0.05499999999999998,0.1200000000000001,8000.0,7875.0,0.19999999999999996,17.359999999999996
2019-12-13,2019-12-09,t10,0.05999999999999996,0.05499999999999998,0.12500000000000017,8175.0,8040.0,3.6999999999999997,367.36
2019-12-13,2019-12-09,t1236,0.05999999999999996,0.05499999999999998,0.12500000000000017,8125.0,8000.0,2.05,202.35999999999999
2019-12-27,2019-12-23,t10,0.017500000000000026,0.05499999999999998,0.12500000000000017,8460.0,8330.0,0.75,72.36
2020-01-03,2019-12-30,t10,0.125,0.05,0.125,8560.0,8430.0,8.100000000000001,807.3600000000001
2020-01-03,2019-12-30,t1236,0.125,0.05,0.125,8510.0,8400.0,4.300000000000001,427.36000000000007
2020-01-10,2020-01-06,t10,0.11999999999999993,0.05,0.12750000000000003,8580.0,8460.0,7.6000000000000005,757.36
2020-01-10,2020-01-06,t1236,0.11999999999999993,0.05,0.12750000000000003,8540.0,8420.0,5.3999999999999995,537.36
2020-01-24,2020-01-21,t10,0.05499999999999998,0.05499999999999998,0.12750000000000003,8960.0,8825.0,3.65,362.36
2020-01-24,2020-01-21,t1236,0.05499999999999998,0.05499999999999998,0.12750000000000003,8910.0,8790.0,1.75,172.36
2020-01-31,2020-01-27,t10,0.35999999999999943,0.05499999999999998,0.12249999999999997,8930.0,8800.0,30.099999999999994,3007.3599999999997
2020-01-31,2020-01-27,t1236,0.35999999999999943,0.05499999999999998,0.12249999999999997,8880.0,8760.0,22.5,2247.36
2020-02-07,2020-02-03,t10,0.2600000000000001,0.05499999999999998,0.12249999999999997,8775.0,8650.0,5.300000000000001,527.3600000000001
2020-02-07,2020-02-03,t1236,0.2600000000000001,0.05499999999999998,0.12249999999999997,8725.0,8600.0,2.9000000000000004,287.36000000000007
2020-02-14,2020-02-10,t10,0.08500000000000014,0.05499999999999998,0.12249999999999997,9170.0,9025.0,7.900000000000002,787.3600000000002
2020-02-14,2020-02-10,t1236,0.08500000000000014,0.05499999999999998,0.12249999999999997,9110.0,8980.0,5.0,497.36
2020-02-28,2020-02-24,t10,0.4949999999999989,0.05499999999999998,0.11999999999999993,9200.0,9050.0,47.10000000000001,-10292.64
2020-03-06,2020-03-02,t1236,0.20999999999999944,0.05499999999999998,0.12124999999999994,8075.0,7900.0,13.299999999999997,1327.3599999999997
2020-03-27,2020-03-23,t10,0.5419999999999999,0.0625,0.13500000000000031,6525.0,6200.0,28.5,2847.36
2020-03-27,2020-03-23,t1236,0.5419999999999999,0.0625,0.13500000000000031,6400.0,6200.0,3.4000000000000057,337.3600000000006
2020-04-03,2020-03-30,t10,0.14200000000000018,0.06500000000000003,0.15,7075.0,6750.0,30.5,3047.36
2020-04-03,2020-03-30,t1236,0.14200000000000018,0.06500000000000003,0.15,6950.0,6675.0,19.900000000000002,1987.3600000000001
2020-04-10,2020-04-06,t10,0.09500000000000001,0.06500000000000003,0.14200000000000018,7010.0,6700.0,1.25,122.36
2020-04-10,2020-04-06,t1236,0.09500000000000001,0.06500000000000003,0.14200000000000018,6900.0,6600.0,0.25,22.36
2020-04-24,2020-04-20,t10,0.14000000000000057,0.06500000000000003,0.14200000000000018,8280.0,7940.0,24.0,2397.36
2020-04-24,2020-04-20,t1236,0.14000000000000057,0.06500000000000003,0.14200000000000018,8150.0,7850.0,13.799999999999999,1377.36
2020-05-01,2020-04-27,t10,0.05,0.06500000000000003,0.14200000000000018,8240.0,7900.0,7.999999999999999,797.3599999999999
2020-05-01,2020-04-27,t1236,0.05,0.06500000000000003,0.14200000000000018,8110.0,7800.0,3.75,372.36
2020-05-08,2020-05-04,t10,0.09,0.06500000000000003,0.14200000000000018,8175.0,7850.0,0.5999999999999996,57.359999999999964
2020-05-22,2020-05-18,t10,0.040000000000000036,0.06500000000000003,0.14000000000000057,8620.0,8300.0,5.0,497.36
2020-05-22,2020-05-18,t1236,0.040000000000000036,0.06500000000000003,0.14000000000000057,8500.0,8200.0,2.2,217.36000000000004
2020-06-05,2020-06-01,t10,0.07999999999999971,0.06500000000000003,0.14000000000000057,9040.0,8730.0,8.700000000000001,867.3600000000001
2020-06-05,2020-06-01,t1236,0.07999999999999971,0.06500000000000003,0.14000000000000057,8925.0,8650.0,4.0,397.36
2020-06-12,2020-06-08,t10,0.053999999999999986,0.06999999999999992,0.14000000000000057,9325.0,9025.0,7.199999999999999,717.3599999999999
2020-06-12,2020-06-08,t1236,0.053999999999999986,0.06999999999999992,0.14000000000000057,9200.0,8925.0,3.2,317.36
2020-06-26,2020-06-22,t10,0.08800000000000012,0.06999999999999992,0.14000000000000057,9500.0,9175.0,1.3000000000000007,127.36000000000006
2020-06-26,2020-06-22,t1236,0.08800000000000012,0.06999999999999992,0.14000000000000057,9375.0,9075.0,0.20000000000000107,17.360000000000106
2020-07-03,2020-06-29,t10,0.09,0.075,0.14000000000000057,9325.0,9025.0,1.8000000000000007,177.36000000000007
2020-07-24,2020-07-20,t10,0.06399999999999992,0.075,0.14000000000000057,10100.0,9775.0,9.299999999999999,927.3599999999999
2020-07-24,2020-07-20,t1236,0.06399999999999992,0.075,0.14000000000000057,9975.0,9675.0,4.6,457.35999999999996
2020-07-31,2020-07-27,t10,0.055999999999999946,0.075,0.14000000000000057,9925.0,9600.0,8.0,797.36
2020-07-31,2020-07-27,t1236,0.055999999999999946,0.075,0.14000000000000057,9800.0,9500.0,3.8,377.36
2020-08-14,2020-08-10,t10,0.08000000000000007,0.075,0.14000000000000057,10610.0,10275.0,13.1,1307.36
2020-08-14,2020-08-10,t1236,0.08000000000000007,0.075,0.14000000000000057,10490.0,10200.0,5.0,497.36
2020-08-28,2020-08-24,t10,0.040000000000000036,0.07999999999999971,0.14000000000000057,11040.0,10725.0,7.2,717.36
2020-08-28,2020-08-24,t1236,0.040000000000000036,0.07999999999999971,0.14000000000000057,10925.0,10650.0,3.8,377.36
2020-09-04,2020-08-31,t10,0.1,0.075,0.13000000000000042,11480.0,11175.0,13.3,1327.36
2020-09-04,2020-08-31,t1236,0.1,0.075,0.13000000000000042,11360.0,11075.0,7.199999999999999,717.3599999999999
2020-09-11,2020-09-08,t10,,0.075,0.125,11050.0,10700.0,70.7,7067.36
2020-09-11,2020-09-08,t1236,,0.075,0.125,10925.0,10600.0,51.2,5117.36
2020-09-25,2020-09-21,t10,0.1619999999999999,0.07749999999999985,0.1262500000000001,10350.0,9975.0,35.0,3497.36
2020-09-25,2020-09-21,t1236,0.1619999999999999,0.07749999999999985,0.1262500000000001,10200.0,9900.0,18.0,1797.36
2020-10-02,2020-09-28,t10,0.05,0.07749999999999985,0.1262500000000001,10575.0,10200.0,9.999999999999998,997.3599999999998
2020-10-02,2020-09-28,t1236,0.05,0.07749999999999985,0.1262500000000001,10425.0,10100.0,4.9,487.36000000000007
2020-10-23,2020-10-19,t10,0.07,0.07749999999999985,0.1262500000000001,11300.0,10950.0,11.399999999999999,1137.3599999999997
2020-10-23,2020-10-19,t1236,0.07,0.07749999999999985,0.1262500000000001,11150.0,10850.0,4.999999999999999,497.3599999999999
2020-11-06,2020-11-02,t10,0.12,0.075,0.12750000000000022,10500.0,10150.0,13.0,1297.36
2020-11-06,2020-11-02,t1236,0.12,0.075,0.12750000000000022,10350.0,10050.0,1.0,97.36
2020-11-13,2020-11-09,t10,0.07000000000000028,0.07999999999999971,0.12750000000000022,11480.0,11110.0,9.2,917.3599999999999
2020-11-13,2020-11-09,t1236,0.07000000000000028,0.07999999999999971,0.12750000000000022,11340.0,11010.0,3.9000000000000004,387.36000000000007
2020-11-27,2020-11-23,t10,0.01,0.075,0.1225,11325.0,10950.0,1.15,112.35999999999999
2020-11-27,2020-11-23,t1236,0.01,0.075,0.1225,11175.0,10850.0,0.2999999999999998,27.35999999999998
2020-12-04,2020-11-30,t10,0.040000000000000216,0.07250000000000015,0.12125,11675.0,11325.0,6.700000000000001,667.3600000000001
2020-12-04,2020-11-30,t1236,0.040000000000000216,0.07250000000000015,0.12125,11550.0,11225.0,3.5,347.36
2020-12-11,2020-12-07,t10,0.025999999999999943,0.07250000000000015,0.12125,11950.0,11600.0,4.3999999999999995,437.35999999999996
2020-12-11,2020-12-07,t1236,0.025999999999999943,0.07250000000000015,0.12125,11825.0,11500.0,2.0,197.36
2020-12-25,2020-12-21,t10,0.10500000000000007,0.07000000000000028,0.12,12190.0,11850.0,17.4,1737.3599999999997
2020-12-25,2020-12-21,t1236,0.10500000000000007,0.07000000000000028,0.12,12060.0,11750.0,9.2,917.3599999999999
2021-01-01,2020-12-28,t10,0.016000000000000014,0.07000000000000028,0.11999999999999993,12175.0,11850.0,1.7000000000000002,167.36000000000004
2021-01-01,2020-12-28,t1236,0.016000000000000014,0.07000000000000028,0.11999999999999993,12050.0,11750.0,0.5500000000000003,52.36000000000003
2021-01-08,2021-01-04,t10,0.030000000000001137,0.07000000000000028,0.11999999999999993,12380.0,12075.0,20.799999999999997,2077.3599999999997
2021-01-08,2021-01-04,t1236,0.030000000000001137,0.07000000000000028,0.11999999999999993,12250.0,11975.0,13.0,1297.36
2021-01-22,2021-01-19,t10,0.04200000000000003,0.07000000000000028,0.11999999999999993,12300.0,12000.0,5.9,587.36
2021-01-22,2021-01-19,t1236,0.04200000000000003,0.07000000000000028,0.11999999999999993,12175.0,11900.0,2.9000000000000004,287.36000000000007
2021-01-29,2021-01-25,t10,0.040000000000000216,0.07000000000000015,0.11999999999999993,12850.0,12540.0,6.699999999999999,667.3599999999999
2021-01-29,2021-01-25,t1236,0.040000000000000216,0.07000000000000015,0.11999999999999993,12730.0,12450.0,3.8000000000000007,377.36000000000007
2021-02-05,2021-02-01,t10,0.12399999999999978,0.06699999999999996,0.11624999999999996,12400.0,12075.0,10.600000000000001,1057.3600000000001
2021-02-05,2021-02-01,t1236,0.12399999999999978,0.06699999999999996,0.11624999999999996,12275.0,11975.0,2.0999999999999943,207.35999999999945
2021-02-12,2021-02-08,t10,0.020000000000000108,0.07000000000000015,0.11999999999999998,13060.0,12725.0,3.4000000000000004,337.36000000000007
2021-02-12,2021-02-08,t1236,0.020000000000000108,0.07000000000000015,0.11999999999999998,12940.0,12650.0,1.5999999999999996,157.35999999999999
2021-02-26,2021-02-22,t1236,,0.07000000000000015,0.11999999999999998,12950.0,12675.0,15.899999999999999,-2468.59703125
2021-03-12,2021-03-08,t10,0.18600000000000022,0.07,0.12,12100.0,11750.0,44.099999999999994,4407.359999999999
2021-03-12,2021-03-08,t1236,0.18600000000000022,0.07,0.12,11950.0,11650.0,28.400000000000002,2837.36
2021-03-26,2021-03-22,t10,0.056000000000000084,0.07000000000000028,0.12399999999999978,12275.0,11900.0,11.100000000000001,1107.3600000000001
2021-03-26,2021-03-22,t1236,0.056000000000000084,0.07000000000000028,0.12399999999999978,12125.0,11800.0,5.6000000000000005,557.36
2021-04-02,2021-03-29,t10,0.11000000000000014,0.07,0.12,12390.0,12025.0,21.3,2127.36
2021-04-02,2021-03-29,t1236,0.11000000000000014,0.07,0.12,12250.0,11925.0,10.999999999999998,1097.3599999999997
2021-04-23,2021-04-19,t10,0.05,0.07000000000000028,0.12,13480.0,13125.0,7.499999999999999,747.3599999999999
2021-04-23,2021-04-19,t1236,0.05,0.07000000000000028,0.12,13350.0,13050.0,3.9,387.36
2021-04-30,2021-04-26,t10,0.06799999999999998,0.07,0.11999999999999993,13400.0,13050.0,12.200000000000001,1217.36
2021-04-30,2021-04-26,t1236,0.06799999999999998,0.07,0.11999999999999993,13275.0,12975.0,6.3999999999999995,637.36
2021-05-14,2021-05-10,t10,0.14000000000000057,0.06899999999999999,0.1125000000000001,13190.0,12870.0,24.7,2467.36
2021-05-14,2021-05-10,t1236,0.14000000000000057,0.06899999999999999,0.1125000000000001,13070.0,12775.0,14.3,1427.36
2021-05-28,2021-05-24,t10,0.030000000000000072,0.06899999999999999,0.1125000000000001,12870.0,12525.0,5.199999999999999,517.3599999999999
2021-05-28,2021-05-24,t1236,0.030000000000000072,0.06899999999999999,0.1125000000000001,12740.0,12450.0,2.7,267.36
2021-06-11,2021-06-07,t10,0.040000000000000036,0.06,0.10625000000000008,13260.0,12925.0,5.7,567.36
2021-06-11,2021-06-07,t1236,0.040000000000000036,0.06,0.10625000000000008,13125.0,12850.0,2.5,247.36
2021-06-25,2021-06-21,t10,0.060000000000000143,0.056000000000000015,0.10125000000000002,13560.0,13260.0,10.0,997.36
2021-06-25,2021-06-21,t1236,0.060000000000000143,0.056000000000000015,0.10125000000000002,13440.0,13175.0,5.800000000000001,577.3600000000001
2021-07-02,2021-06-28,t10,0.02499999999999982,0.056000000000000015,0.09625000000000002,13860.0,13560.0,3.5999999999999996,357.35999999999996
2021-07-02,2021-06-28,t1236,0.02499999999999982,0.056000000000000015,0.09625000000000002,13740.0,13475.0,2.2,217.36000000000004
2021-07-23,2021-07-19,t10,0.20999999999999944,0.05199999999999999,0.09,14220.0,13940.0,35.599999999999994,3557.3599999999997
2021-07-23,2021-07-19,t1236,0.20999999999999944,0.05199999999999999,0.09,14110.0,13860.0,21.6,2157.36
2021-07-30,2021-07-26,t10,0.06499999999999986,0.05199999999999999,0.09,14640.0,14340.0,8.600000000000001,857.3600000000001
2021-07-30,2021-07-26,t1236,0.06499999999999986,0.05199999999999999,0.09,14525.0,14260.0,3.8999999999999995,387.35999999999996
2021-08-13,2021-08-09,t10,0.020000000000000108,0.05,0.08200000000000009,14650.0,14370.0,4.2,417.36
2021-08-13,2021-08-09,t1236,0.020000000000000108,0.05,0.08200000000000009,14540.0,14290.0,1.5999999999999996,157.35999999999999
2021-08-27,2021-08-23,t10,0.040000000000000036,0.05,0.08200000000000009,14660.0,14390.0,4.4,437.36000000000007
2021-08-27,2021-08-23,t1236,0.040000000000000036,0.05,0.08200000000000009,14560.0,14320.0,2.5,247.36
2021-09-03,2021-08-30,t10,0.020000000000000108,0.047499999999999966,0.0799999999999998,15000.0,14740.0,3.3000000000000007,327.36000000000007
2021-09-03,2021-08-30,t1236,0.020000000000000108,0.047499999999999966,0.0799999999999998,14900.0,14670.0,1.8000000000000007,177.36000000000007
2021-09-10,2021-09-07,t10,0.05,0.047499999999999966,0.0799999999999998,15240.0,14980.0,5.700000000000001,567.3600000000001
2021-09-10,2021-09-07,t1236,0.05,0.047499999999999966,0.0799999999999998,15140.0,14910.0,2.999999999999999,297.3599999999999
2021-09-24,2021-09-20,t10,0.2849999999999994,0.05,0.0799999999999998,14940.0,14700.0,47.89999999999999,4787.359999999999
2021-09-24,2021-09-20,t1236,0.2849999999999994,0.05,0.0799999999999998,14840.0,14625.0,34.3,3427.3599999999997
2021-10-01,2021-09-27,t10,0.2,0.05,0.08200000000000009,14925.0,14670.0,31.199999999999996,-10195.628281250001
2021-10-01,2021-09-27,t1236,0.2,0.05,0.08200000000000009,14825.0,14600.0,19.5,-1365.62828125
2021-10-08,2021-10-04,t10,0.2649999999999991,0.05,0.08850000000000009,14360.0,14090.0,31.10000000000001,3107.360000000001
2021-10-08,2021-10-04,t1236,0.2649999999999991,0.05,0.08850000000000009,14260.0,14020.0,15.200000000000003,1517.3600000000001
2021-10-22,2021-10-18,t10,0.06499999999999986,0.05,0.0925,14700.0,14420.0,10.4,1037.36
2021-10-22,2021-10-18,t1236,0.06499999999999986,0.05,0.0925,14590.0,14340.0,5.700000000000001,567.3600000000001
2021-10-29,2021-10-25,t10,0.05,0.05,0.08500000000000005,14910.0,14630.0,6.1000000000000005,607.36
2021-10-29,2021-10-25,t1236,0.05,0.05,0.08500000000000005,14800.0,14550.0,2.8,277.36
2021-11-05,2021-11-01,t10,0.10499999999999972,0.05,0.08500000000000005,15400.0,15120.0,14.500000000000002,1447.3600000000001
2021-11-05,2021-11-01,t1236,0.10499999999999972,0.05,0.08500000000000005,15290.0,15040.0,7.6,757.36
2021-11-12,2021-11-08,t10,0.08000000000000043,0.05,0.10124999999999994,15890.0,15600.0,12.9,1287.36
2021-11-12,2021-11-08,t1236,0.08000000000000043,0.05,0.10124999999999994,15780.0,15520.0,7.500000000000002,747.3600000000002
2021-11-26,2021-11-22,t10,0.025,0.05,0.10124999999999994,16100.0,15800.0,2.6000000000000005,-7184.632187500001
2021-11-26,2021-11-22,t1236,0.025,0.05,0.10124999999999994,15990.0,15725.0,1.2000000000000002,117.36000000000001
2021-12-03,2021-11-29,t10,0.11000000000000085,0.05,0.10124999999999994,15530.0,15225.0,8.200000000000001,817.3600000000001
2021-12-03,2021-11-29,t1236,0.11000000000000085,0.05,0.10124999999999994,15410.0,15150.0,3.9999999999999982,397.35999999999984
2021-12-10,2021-12-06,t10,0.1700000000000003,0.05,0.1049999999999998,15190.0,14850.0,43.4,4337.36
2021-12-10,2021-12-06,t1236,0.1700000000000003,0.05,0.1049999999999998,15060.0,14775.0,28.700000000000003,2867.3600000000006
2021-12-24,2021-12-20,t10,0.18999999999999773,0.05,0.10625000000000008,15240.0,14900.0,41.099999999999994,4107.359999999999
2021-12-24,2021-12-20,t1236,0.18999999999999773,0.05,0.10625000000000008,15110.0,14800.0,27.599999999999998,2757.36
2021-12-31,2021-12-27,t10,0.039999999999999855,0.05,0.11000000000000032,15730.0,15370.0,4.6000000000000005,457.36000000000007
2021-12-31,2021-12-27,t1236,0.039999999999999855,0.05,0.11000000000000032,15590.0,15270.0,2.2,217.36000000000004
2022-01-07,2022-01-03,t10,0.05,0.05,0.11000000000000014,15760.0,15410.0,8.5,-15933.59703125
2022-01-07,2022-01-03,t1236,0.05,0.05,0.11000000000000014,15630.0,15320.0,4.1,-3373.59703125
2022-01-14,2022-01-10,t10,0.2750000000000014,0.05,0.10500000000000007,15000.0,14625.0,68.4,6837.360000000001
2022-01-14,2022-01-10,t1236,0.2750000000000014,0.05,0.10500000000000007,14860.0,14550.0,43.599999999999994,4357.359999999999
2022-02-04,2022-01-31,t10,0.09500000000000028,0.05,0.11000000000000032,13790.0,13375.0,22.200000000000003,2217.3600000000006
2022-02-04,2022-01-31,t1236,0.09500000000000028,0.05,0.11000000000000032,13625.0,13250.0,13.7,1367.36
2022-02-11,2022-02-07,t10,0.07999999999999971,0.05,0.11000000000000032,14020.0,13600.0,17.9,1787.3599999999997
2022-02-11,2022-02-07,t1236,0.07999999999999971,0.05,0.11000000000000032,13860.0,13500.0,9.9,987.36
2022-02-25,2022-02-22,t10,0.11000000000000014,0.05,0.11000000000000014,13320.0,12900.0,4.0,397.36
2022-03-04,2022-02-28,t10,0.13500000000000015,0.05,0.11000000000000014,13470.0,13020.0,35.2,3517.3600000000006
2022-03-04,2022-02-28,t1236,0.13500000000000015,0.05,0.11000000000000014,13300.0,12900.0,21.199999999999996,2117.3599999999997
2022-03-11,2022-03-07,t10,0.1799999999999983,0.05,0.11000000000000014,13125.0,12675.0,45.9,4587.36
2022-03-11,2022-03-07,t1236,0.1799999999999983,0.05,0.11000000000000014,12950.0,12550.0,26.5,2647.36
2022-03-25,2022-03-21,t10,0.08999999999999986,0.056000000000000084,0.11000000000000085,13650.0,13180.0,22.099999999999998,2207.36
2022-03-25,2022-03-21,t1236,0.08999999999999986,0.056000000000000084,0.11000000000000085,13475.0,13050.0,12.299999999999999,1227.36
2022-04-01,2022-03-28,t10,0.044999999999999575,0.060000000000000143,0.11000000000000085,14000.0,13530.0,8.200000000000001,817.3600000000001
2022-04-01,2022-03-28,t1236,0.044999999999999575,0.060000000000000143,0.11000000000000085,13820.0,13410.0,3.6999999999999993,367.35999999999996
2022-04-08,2022-04-04,t10,0.019999999999999928,0.060000000000000143,0.11000000000000085,14120.0,13660.0,2.7,267.36
2022-04-08,2022-04-04,t1236,0.019999999999999928,0.060000000000000143,0.11000000000000085,13940.0,13540.0,0.7999999999999998,77.35999999999999
2022-04-15,2022-04-11,t10,0.08599999999999994,0.056000000000000084,0.11000000000000085,13575.0,13125.0,18.099999999999998,1807.3599999999997
2022-04-15,2022-04-11,t1236,0.08599999999999994,0.056000000000000084,0.11000000000000085,13400.0,13000.0,8.4,837.36
2022-04-22,2022-04-18,t10,0.08799999999999997,0.060000000000000143,0.11000000000000085,13175.0,12725.0,19.0,1897.36
2022-04-22,2022-04-18,t1236,0.08799999999999997,0.060000000000000143,0.11000000000000085,13000.0,12600.0,9.4,937.36
2022-04-29,2022-04-25,t1236,,0.06499999999999986,0.11000000000000085,12450.0,12025.0,29.900000000000002,2987.36
2022-05-06,2022-05-02,t10,0.1280000000000001,0.06499999999999986,0.11350000000000057,12125.0,11650.0,21.1,2107.36
2022-05-06,2022-05-02,t1236,0.1280000000000001,0.06499999999999986,0.11350000000000057,11950.0,11525.0,7.300000000000001,727.3600000000001
2022-05-13,2022-05-09,t1236,,0.06649999999999992,0.12499999999999986,11750.0,11325.0,33.2,3317.3600000000006
2022-05-27,2022-05-23,t10,0.08400000000000006,0.06499999999999986,0.11900000000000048,11025.0,10550.0,19.7,1967.36
2022-05-27,2022-05-23,t1236,0.08400000000000006,0.06499999999999986,0.11900000000000048,10850.0,10400.0,10.2,1017.3599999999999
2022-06-10,2022-06-06,t10,0.030000000000000072,0.06649999999999992,0.11450000000000066,11750.0,11250.0,4.8999999999999995,487.35999999999996
2022-06-10,2022-06-06,t1236,0.030000000000000072,0.06649999999999992,0.11450000000000066,11570.0,11125.0,2.05,202.35999999999999
2022-06-24,2022-06-21,t10,0.01599999999999998,0.06649999999999992,0.11450000000000066,10450.0,9950.0,2.4499999999999997,242.35999999999999
2022-06-24,2022-06-21,t1236,0.01599999999999998,0.06649999999999992,0.11450000000000066,10275.0,9825.0,1.0,97.36
2022-07-01,2022-06-27,t10,0.07500000000000036,0.06499999999999986,0.11000000000000032,11300.0,10800.0,13.100000000000001,1307.3600000000001
2022-07-01,2022-06-27,t1236,0.07500000000000036,0.06499999999999986,0.11000000000000032,11100.0,10660.0,4.1,407.35999999999996
2022-07-08,2022-07-05,t10,0.07000000000000028,0.06649999999999992,0.11000000000000032,10770.0,10275.0,10.8,1077.36
2022-07-08,2022-07-05,t1236,0.07000000000000028,0.06649999999999992,0.11000000000000032,10580.0,10125.0,2.5999999999999996,257.35999999999996
2022-07-22,2022-07-18,t10,0.019999999999999928,0.06649999999999992,0.11000000000000032,11180.0,10700.0,2.8499999999999996,282.35999999999996
2022-07-22,2022-07-18,t1236,0.019999999999999928,0.06649999999999992,0.11000000000000032,10990.0,10550.0,0.7999999999999998,77.35999999999999
2022-07-29,2022-07-25,t10,0.05999999999999979,0.06649999999999992,0.11000000000000032,11590.0,11100.0,13.600000000000001,1357.3600000000001
2022-07-29,2022-07-25,t1236,0.05999999999999979,0.06649999999999992,0.11000000000000032,11400.0,10975.0,5.1,507.35999999999996
2022-08-12,2022-08-08,t10,0.029999999999999895,0.06499999999999986,0.11000000000000032,12420.0,11930.0,5.15,512.36
2022-08-12,2022-08-08,t1236,0.029999999999999895,0.06499999999999986,0.11000000000000032,12230.0,11800.0,1.5,147.36
2022-08-26,2022-08-22,t10,0.10599999999999994,0.06499999999999986,0.11000000000000014,12475.0,12025.0,21.299999999999997,2127.3599999999997
2022-08-26,2022-08-22,t1236,0.10599999999999994,0.06499999999999986,0.11000000000000014,12300.0,11875.0,9.5,947.36
2022-09-02,2022-08-29,t10,,0.06499999999999986,0.10599999999999994,11850.0,11400.0,19.7,1967.36
2022-09-02,2022-08-29,t1236,,0.06499999999999986,0.10599999999999994,11675.0,11275.0,10.1,1007.36
2022-09-23,2022-09-19,t10,0.09399999999999992,0.06499999999999986,0.10699999999999998,11100.0,10625.0,19.7,1967.36
2022-09-23,2022-09-19,t1236,0.09399999999999992,0.06499999999999986,0.10699999999999998,10925.0,10500.0,9.1,907.36
2022-09-30,2022-09-26,t10,0.053999999999999916,0.06750000000000007,0.10699999999999998,10550.0,10075.0,11.399999999999999,1137.3599999999997
2022-09-30,2022-09-26,t1236,0.053999999999999916,0.06750000000000007,0.10699999999999998,10375.0,9900.0,5.4,537.36
2022-10-07,2022-10-03,t10,0.04799999999999997,0.06750000000000007,0.10699999999999998,10225.0,9750.0,9.4,937.36
2022-10-07,2022-10-03,t1236,0.04799999999999997,0.06750000000000007,0.10699999999999998,10050.0,9625.0,3.8999999999999995,387.35999999999996
2022-10-14,2022-10-10,t1236,,0.06750000000000007,0.10699999999999998,10125.0,9700.0,11.100000000000001,1107.3600000000001
2022-10-28,2022-10-24,t10,0.075,0.07000000000000028,0.10800000000000004,10570.0,10110.0,13.5,1347.36
2022-10-28,2022-10-24,t1236,0.075,0.07000000000000028,0.10800000000000004,10390.0,9975.0,4.6,457.35999999999996
2022-11-04,2022-10-31,t10,0.1450000000000003,0.07000000000000028,0.10549999999999983,10820.0,10370.0,28.700000000000003,2867.3600000000006
2022-11-04,2022-10-31,t1236,0.1450000000000003,0.07000000000000028,0.10549999999999983,10650.0,10250.0,13.000000000000002,1297.3600000000001
2022-11-11,2022-11-07,t10,0.07399999999999991,0.075,0.10800000000000004,10125.0,9650.0,12.799999999999999,1277.36
2022-11-11,2022-11-07,t1236,0.07399999999999991,0.075,0.10800000000000004,9950.0,9525.0,4.050000000000001,402.36000000000007
2022-11-25,2022-11-21,t10,0.020000000000000018,0.075,0.10800000000000004,10930.0,10470.0,1.3000000000000003,127.36000000000003
2022-12-02,2022-11-28,t10,0.025,0.075,0.10800000000000004,11040.0,10600.0,7.9,787.36
2022-12-02,2022-11-28,t1236,0.025,0.075,0.10800000000000004,10870.0,10475.0,2.65,262.36
2022-12-23,2022-12-19,t10,0.027999999999999973,0.075,0.10800000000000004,10525.0,10075.0,3.5000000000000004,347.36000000000007
2022-12-23,2022-12-19,t1236,0.027999999999999973,0.075,0.10800000000000004,10350.0,9950.0,0.5000000000000002,47.36000000000002
2022-12-30,2022-12-27,t10,0.04,0.075,0.10800000000000004,10275.0,9850.0,5.1,507.35999999999996
2022-12-30,2022-12-27,t1236,0.04,0.075,0.10800000000000004,10100.0,9725.0,1.0500000000000003,102.36000000000003
2023-01-13,2023-01-09,t10,0.020000000000000285,0.07000000000000028,0.1,10380.0,9975.0,2.9000000000000004,287.36000000000007
2023-01-13,2023-01-09,t1236,0.020000000000000285,0.07000000000000028,0.1,10225.0,9875.0,0.7000000000000002,67.36000000000001
2023-01-27,2023-01-23,t10,0.014999999999999947,0.06499999999999986,0.0945000000000001,10990.0,10590.0,1.6,157.36
2023-01-27,2023-01-23,t1236,0.014999999999999947,0.06499999999999986,0.0945000000000001,10840.0,10490.0,0.19999999999999996,17.359999999999996
2023-02-03,2023-01-30,t10,0.14000000000000057,0.05999999999999979,0.0945000000000001,11530.0,11130.0,26.9,2687.36
2023-02-03,2023-01-30,t1236,0.14000000000000057,0.05999999999999979,0.0945000000000001,11380.0,11025.0,12.899999999999999,1287.3599999999997
2023-02-10,2023-02-06,t10,0.08999999999999986,0.07000000000000028,0.1,11910.0,11500.0,12.1,1207.36
2023-02-10,2023-02-06,t1236,0.08999999999999986,0.07000000000000028,0.1,11750.0,11390.0,4.4,437.36000000000007
2023-03-03,2023-02-27,t10,0.010999999999999979,0.06500000000000003,0.0947500000000002,11350.0,10950.0,0.9999999999999998,97.35999999999997
2023-03-24,2023-03-20,t10,0.12999999999999828,0.056999999999999856,0.0929999999999999,11875.0,11475.0,26.900000000000002,2687.36
2023-03-24,2023-03-20,t1236,0.12999999999999828,0.056999999999999856,0.0929999999999999,11720.0,11370.0,13.600000000000001,1357.3600000000001
2023-03-31,2023-03-27,t10,0.060000000000000143,0.056999999999999856,0.0929999999999999,12130.0,11730.0,8.7,867.3599999999999
2023-03-31,2023-03-27,t1236,0.060000000000000143,0.056999999999999856,0.0929999999999999,11980.0,11625.0,4.1,407.35999999999996
2023-04-14,2023-04-10,t10,0.10500000000000007,0.056999999999999856,0.08999999999999986,12440.0,12060.0,17.6,1757.3600000000001
2023-04-14,2023-04-10,t1236,0.10500000000000007,0.056999999999999856,0.08999999999999986,12300.0,11950.0,7.9,787.36
2023-04-28,2023-04-24,t10,0.039999999999999855,0.05999999999999997,0.0929999999999999,12425.0,12075.0,6.700000000000001,667.3600000000001
2023-04-28,2023-04-24,t1236,0.039999999999999855,0.05999999999999997,0.0929999999999999,12275.0,11975.0,2.45,242.36000000000004
2023-05-12,2023-05-08,t10,0.04499999999999993,0.053999999999999916,0.08999999999999986,12700.0,12360.0,5.1000000000000005,507.36000000000007
2023-05-12,2023-05-08,t1236,0.04499999999999993,0.053999999999999916,0.08999999999999986,12570.0,12275.0,1.2999999999999998,127.35999999999997
2023-05-26,2023-05-22,t10,0.02999999999999998,0.05,0.08899999999999991,13270.0,12930.0,4.5,447.36
2023-05-26,2023-05-22,t1236,0.02999999999999998,0.05,0.08899999999999991,13140.0,12840.0,1.8499999999999996,182.35999999999999
2023-06-23,2023-06-20,t10,0.039999999999999855,0.04799999999999997,0.08699999999999995,14530.0,14200.0,5.9,587.36
2023-06-23,2023-06-20,t1236,0.039999999999999855,0.04799999999999997,0.08699999999999995,14410.0,14100.0,2.9999999999999996,297.35999999999996
2023-06-30,2023-06-26,t10,0.03500000000000014,0.04499999999999993,0.08499999999999999,14360.0,14030.0,5.7,567.36
2023-06-30,2023-06-26,t1236,0.03500000000000014,0.04499999999999993,0.08499999999999999,14230.0,13940.0,2.4499999999999997,242.35999999999999
2023-07-14,2023-07-10,t10,0.06999999999999992,0.040000000000000216,0.07950000000000021,14520.0,14200.0,9.3,927.3600000000001
2023-07-14,2023-07-10,t1236,0.06999999999999992,0.040000000000000216,0.07950000000000021,14400.0,14110.0,4.500000000000001,447.3600000000001
2023-07-28,2023-07-24,t10,0.11000000000000014,0.04499999999999993,0.07950000000000021,14890.0,14560.0,16.900000000000002,1687.3600000000001
2023-07-28,2023-07-24,t1236,0.11000000000000014,0.04499999999999993,0.07950000000000021,14760.0,14470.0,8.1,807.36
2023-08-04,2023-07-31,t10,0.06999999999999958,0.04499999999999993,0.07950000000000021,15225.0,14900.0,10.1,1007.36
2023-08-04,2023-07-31,t1236,0.06999999999999958,0.04499999999999993,0.07950000000000021,15100.0,14810.0,4.85,482.35999999999996
2023-08-11,2023-08-07,t10,0.06999999999999958,0.04499999999999993,0.07500000000000018,14750.0,14420.0,12.999999999999998,1297.3599999999997
2023-08-11,2023-08-07,t1236,0.06999999999999958,0.04499999999999993,0.07500000000000018,14620.0,14330.0,6.999999999999999,697.3599999999999
2023-08-25,2023-08-21,t10,0.05,0.04649999999999995,0.0750000000000001,14160.0,13825.0,7.449999999999999,742.3599999999999
2023-08-25,2023-08-21,t1236,0.05,0.04649999999999995,0.0750000000000001,14040.0,13750.0,3.9000000000000004,387.36000000000007
2023-09-01,2023-08-28,t10,0.05,0.04649999999999995,0.07424999999999993,14410.0,14075.0,8.0,797.36
2023-09-01,2023-08-28,t1236,0.05,0.04649999999999995,0.07424999999999993,14280.0,13990.0,3.8000000000000003,377.36
2023-09-22,2023-09-18,t10,0.07000000000000028,0.04499999999999993,0.07000000000000028,14680.0,14350.0,9.5,947.36
2023-09-22,2023-09-18,t1236,0.07000000000000028,0.04499999999999993,0.07000000000000028,14560.0,14275.0,4.700000000000001,467.3600000000001
2023-09-29,2023-09-25,t10,0.08000000000000114,0.04499999999999993,0.07000000000000028,14175.0,13850.0,15.9,1587.36
2023-09-29,2023-09-25,t1236,0.08000000000000114,0.04499999999999993,0.07000000000000028,14050.0,13750.0,9.500000000000002,947.3600000000002
2023-10-06,2023-10-02,t10,0.06999999999999992,0.04799999999999997,0.07399999999999991,14190.0,13875.0,10.400000000000002,1037.3600000000001
2023-10-06,2023-10-02,t1236,0.06999999999999992,0.04799999999999997,0.07399999999999991,14070.0,13775.0,5.700000000000001,567.3600000000001
2023-10-13,2023-10-09,t10,0.10500000000000007,0.04799999999999997,0.07399999999999991,14450.0,14130.0,18.7,1867.36
2023-10-13,2023-10-09,t1236,0.10500000000000007,0.04799999999999997,0.07399999999999991,14330.0,14040.0,10.3,1027.36
2023-10-27,2023-10-23,t10,0.11999999999999886,0.04799999999999997,0.07399999999999991,14030.0,13700.0,22.1,2207.36
2023-10-27,2023-10-23,t1236,0.11999999999999886,0.04799999999999997,0.07399999999999991,13900.0,13600.0,12.500000000000002,1247.3600000000001
2023-11-03,2023-10-30,t10,0.060000000000000143,0.04799999999999997,0.075,13640.0,13300.0,11.100000000000001,1107.3600000000001
2023-11-03,2023-10-30,t1236,0.060000000000000143,0.04799999999999997,0.075,13510.0,13200.0,6.200000000000001,617.3600000000001
2023-11-10,2023-11-06,t10,0.039999999999999855,0.05,0.075,14525.0,14170.0,5.8,577.36
2023-11-10,2023-11-06,t1236,0.039999999999999855,0.05,0.075,14390.0,14075.0,2.9,287.36
2023-11-24,2023-11-20,t10,0.009999999999999964,0.04799999999999997,0.075,15275.0,14930.0,1.6999999999999997,167.35999999999999
2023-11-24,2023-11-20,t1236,0.009999999999999964,0.04799999999999997,0.075,15140.0,14830.0,0.7,67.36
2023-12-22,2023-12-18,t10,0.015000000000000036,0.04799999999999997,0.075,16100.0,15775.0,2.8000000000000003,277.36
2023-12-22,2023-12-18,t1236,0.015000000000000036,0.04799999999999997,0.075,15975.0,15680.0,1.5,147.36
2023-12-29,2023-12-26,t10,0.019999999999999928,0.04799999999999997,0.07474999999999998,16270.0,15950.0,2.5999999999999996,257.35999999999996
2023-12-29,2023-12-26,t1236,0.019999999999999928,0.04799999999999997,0.07474999999999998,16150.0,15870.0,1.15,112.35999999999999
2024-01-05,2024-01-02,t10,0.15,0.04799999999999997,0.07474999999999998,16340.0,16040.0,20.599999999999998,-1344.5931250000003
2024-01-05,2024-01-02,t1236,0.15,0.04799999999999997,0.07474999999999998,16220.0,15950.0,7.6,757.36
2024-01-12,2024-01-08,t10,0.019999999999999928,0.04799999999999997,0.07474999999999998,15810.0,15500.0,2.8499999999999996,282.35999999999996
2024-01-12,2024-01-08,t1236,0.019999999999999928,0.04799999999999997,0.07474999999999998,15690.0,15425.0,1.15,112.35999999999999
2024-01-26,2024-01-22,t10,0.03500000000000014,0.04649999999999995,0.07474999999999998,16790.0,16470.0,4.800000000000001,477.36000000000007
2024-01-26,2024-01-22,t1236,0.03500000000000014,0.04649999999999995,0.07474999999999998,16670.0,16380.0,2.4000000000000004,237.36000000000004
2024-02-02,2024-01-29,t10,0.08999999999999986,0.04250000000000007,0.07474999999999998,16910.0,16600.0,15.099999999999998,1507.3599999999997
2024-02-02,2024-01-29,t1236,0.08999999999999986,0.04250000000000007,0.07474999999999998,16790.0,16510.0,8.1,807.36
2024-02-09,2024-02-05,t10,0.05,0.04499999999999993,0.07750000000000057,17130.0,16810.0,8.399999999999999,837.3599999999999
2024-02-09,2024-02-05,t1236,0.05,0.04499999999999993,0.07750000000000057,17010.0,16725.0,1.8000000000000007,177.36000000000007
2024-02-23,2024-02-20,t10,0.2049999999999997,0.04499999999999993,0.07700000000000053,17170.0,16850.0,37.099999999999994,3707.3599999999997
2024-02-23,2024-02-20,t1236,0.2049999999999997,0.04499999999999993,0.07700000000000053,17050.0,16760.0,22.4,2237.36
2024-03-08,2024-03-04,t10,0.07000000000000028,0.04499999999999993,0.08500000000000049,17770.0,17440.0,11.599999999999998,1157.3599999999997
2024-03-08,2024-03-04,t1236,0.07000000000000028,0.04499999999999993,0.08500000000000049,17640.0,17350.0,5.800000000000001,577.3600000000001
2024-03-22,2024-03-18,t10,0.060000000000000143,0.04799999999999997,0.08500000000000049,17275.0,16950.0,9.2,917.3599999999999
2024-03-22,2024-03-18,t1236,0.060000000000000143,0.04799999999999997,0.08500000000000049,17150.0,16860.0,4.8999999999999995,487.35999999999996
2024-04-05,2024-04-01,t10,0.029999999999999895,0.05,0.08500000000000049,17740.0,17420.0,3.9000000000000004,387.36000000000007
2024-04-05,2024-04-01,t1236,0.029999999999999895,0.05,0.08500000000000049,17610.0,17330.0,1.7000000000000002,167.36000000000004
2024-04-12,2024-04-08,t10,0.09500000000000028,0.05,0.08500000000000049,17590.0,17270.0,18.1,1807.3600000000001
2024-04-12,2024-04-08,t1236,0.09500000000000028,0.05,0.08500000000000049,17470.0,17180.0,10.899999999999999,1087.3599999999997
2024-04-26,2024-04-22,t10,0.08000000000000114,0.05,0.08999999999999986,16480.0,16125.0,15.3,1527.36
2024-04-26,2024-04-22,t1236,0.08000000000000114,0.05,0.08999999999999986,16350.0,16050.0,8.399999999999999,837.3599999999999
2024-05-03,2024-04-29,t10,0.1,0.05,0.08999999999999986,17150.0,16790.0,19.599999999999998,1957.3599999999997
2024-05-03,2024-04-29,t1236,0.1,0.05,0.08999999999999986,17010.0,16700.0,10.5,1047.36
2024-05-10,2024-05-06,t10,0.025000000000000088,0.060000000000000143,0.09250000000000007,17310.0,16960.0,3.9000000000000004,387.36000000000007
2024-05-10,2024-05-06,t1236,0.025000000000000088,0.060000000000000143,0.09250000000000007,17175.0,16860.0,1.5,147.36
2024-05-24,2024-05-20,t10,0.03499999999999996,0.060000000000000143,0.09250000000000007,17990.0,17640.0,5.0,497.36
2024-05-24,2024-05-20,t1236,0.03499999999999996,0.060000000000000143,0.09250000000000007,17860.0,17550.0,2.2,217.36000000000004
2024-06-14,2024-06-10,t10,0.10999999999999943,0.05,0.08250000000000082,18430.0,18080.0,18.5,1847.36
2024-06-14,2024-06-10,t1236,0.10999999999999943,0.05,0.08250000000000082,18300.0,17990.0,9.299999999999999,927.3599999999999
2024-06-28,2024-06-24,t10,0.07000000000000028,0.05,0.09124999999999997,19140.0,18790.0,12.9,1287.36
2024-06-28,2024-06-24,t1236,0.07000000000000028,0.05,0.09124999999999997,19010.0,18700.0,6.3999999999999995,637.36
2024-07-12,2024-07-08,t10,0.06499999999999986,0.05,0.08250000000000082,19810.0,19450.0,9.4,937.36
2024-07-12,2024-07-08,t1236,0.06499999999999986,0.05,0.08250000000000082,19675.0,19360.0,4.700000000000001,467.3600000000001
2024-07-26,2024-07-22,t10,0.04500000000000011,0.05,0.08250000000000082,18910.0,18530.0,9.6,957.36
2024-07-26,2024-07-22,t1236,0.04500000000000011,0.05,0.08250000000000082,18760.0,18425.0,4.8999999999999995,487.35999999999996
2024-08-02,2024-07-29,t10,0.05999999999999943,0.05,0.08250000000000082,18370.0,17960.0,23.0,2297.36
2024-08-02,2024-07-29,t1236,0.05999999999999943,0.05,0.08250000000000082,18210.0,17850.0,13.500000000000002,1347.3600000000001
2024-08-23,2024-08-19,t10,0.05,0.05,0.08000000000000114,18750.0,18280.0,12.1,1207.36
2024-08-23,2024-08-19,t1236,0.05,0.05,0.08000000000000114,18570.0,18150.0,6.199999999999999,617.3599999999999
2024-08-30,2024-08-26,t10,0.11000000000000085,0.05,0.08000000000000114,18980.0,18525.0,24.599999999999998,2457.36
2024-08-30,2024-08-26,t1236,0.11000000000000085,0.05,0.08000000000000114,18810.0,18400.0,13.9,1387.36
2024-09-06,2024-09-03,t10,0.18999999999999986,0.054999999999999716,0.08250000000000082,18850.0,18410.0,21.2,-40751.5853125
2024-09-13,2024-09-09,t10,0.05,0.05999999999999979,0.09124999999999997,17670.0,17200.0,12.3,1227.36
2024-09-13,2024-09-09,t1236,0.05,0.05999999999999979,0.09124999999999997,17500.0,17075.0,6.6,657.36
2024-09-27,2024-09-23,t10,0.04499999999999993,0.05999999999999979,0.09124999999999997,19020.0,18540.0,7.700000000000001,767.3600000000001
2024-09-27,2024-09-23,t1236,0.04499999999999993,0.05999999999999979,0.09124999999999997,18840.0,18410.0,3.55,352.36
2024-10-04,2024-09-30,t10,0.075,0.054999999999999716,0.08250000000000082,19250.0,18790.0,17.700000000000003,1767.3600000000001
2024-10-04,2024-09-30,t1236,0.075,0.054999999999999716,0.08250000000000082,19075.0,18660.0,8.9,887.36
2024-10-11,2024-10-07,t10,0.1,0.05999999999999979,0.08250000000000082,19300.0,18850.0,25.6,2557.36
2024-10-11,2024-10-07,t1236,0.1,0.05999999999999979,0.08250000000000082,19130.0,18725.0,14.4,1437.36
2024-10-25,2024-10-21,t10,0.04499999999999993,0.060000000000000143,0.09124999999999997,19620.0,19190.0,8.6,857.36
2024-10-25,2024-10-21,t1236,0.04499999999999993,0.060000000000000143,0.09124999999999997,19460.0,19070.0,4.0,397.36
2024-11-01,2024-10-28,t10,0.08499999999999978,0.060000000000000143,0.09124999999999997,19660.0,19225.0,19.799999999999997,1977.3599999999997
2024-11-01,2024-10-28,t1236,0.08499999999999978,0.060000000000000143,0.09124999999999997,19490.0,19110.0,10.4,1037.36
2024-11-08,2024-11-04,t10,0.3450000000000003,0.060000000000000143,0.09124999999999997,19340.0,18900.0,46.599999999999994,4657.359999999999
2024-11-08,2024-11-04,t1236,0.3450000000000003,0.060000000000000143,0.09124999999999997,19170.0,18775.0,21.2,2117.36
2024-11-22,2024-11-18,t10,0.07999999999999971,0.060000000000000143,0.09124999999999997,19650.0,19190.0,17.4,1737.3599999999997
2024-11-22,2024-11-18,t1236,0.07999999999999971,0.060000000000000143,0.09124999999999997,19470.0,19060.0,8.299999999999999,827.3599999999999
2024-11-29,2024-11-25,t10,0.019999999999999928,0.060000000000000143,0.09124999999999997,20050.0,19610.0,3.6499999999999995,362.35999999999996
2024-11-29,2024-11-25,t1236,0.019999999999999928,0.060000000000000143,0.09124999999999997,19880.0,19475.0,1.6999999999999997,167.35999999999999
2024-12-13,2024-12-09,t10,0.030000000000000072,0.05999999999999979,0.09124999999999997,20925.0,20490.0,6.799999999999999,677.3599999999999
2024-12-13,2024-12-09,t1236,0.030000000000000072,0.05999999999999979,0.09124999999999997,20760.0,20375.0,3.0,297.36
2025-01-03,2024-12-30,t10,0.225,0.05999999999999979,0.09124999999999997,20750.0,20310.0,57.900000000000006,5787.360000000001
2025-01-03,2024-12-30,t1236,0.225,0.05999999999999979,0.09124999999999997,20580.0,20190.0,28.9,2887.36
2025-01-24,2025-01-21,t10,0.04500000000000011,0.054999999999999716,0.09625000000000021,20690.0,20225.0,9.100000000000001,907.3600000000001
2025-01-24,2025-01-21,t1236,0.04500000000000011,0.054999999999999716,0.09625000000000021,20510.0,20100.0,3.45,342.36
2025-01-31,2025-01-27,t10,0.3599999999999966,0.05,0.09625000000000021,21030.0,20575.0,88.0,8797.36
2025-01-31,2025-01-27,t1236,0.3599999999999966,0.05,0.09625000000000021,20860.0,20450.0,54.00000000000001,5397.360000000001
2025-02-07,2025-02-03,t10,0.18000000000000113,0.05,0.09625000000000021,20730.0,20270.0,39.89999999999999,3987.359999999999
2025-02-07,2025-02-03,t1236,0.18000000000000113,0.05,0.09625000000000021,20550.0,20140.0,11.799999999999997,1177.3599999999997
2025-02-14,2025-02-10,t10,0.05,0.05,0.09625000000000021,20730.0,20270.0,7.6,757.36
2025-02-14,2025-02-10,t1236,0.05,0.05,0.09625000000000021,20560.0,20140.0,3.6999999999999997,367.36
2025-02-28,2025-02-24,t10,0.14499999999999957,0.05,0.09625000000000021,20870.0,20410.0,38.9,3887.36
2025-02-28,2025-02-24,t1236,0.14499999999999957,0.05,0.09625000000000021,20700.0,20290.0,23.599999999999998,2357.36
2025-03-07,2025-03-03,t10,0.15600000000000022,0.05,0.1,20100.0,19625.0,28.0,2797.36
2025-03-07,2025-03-03,t1236,0.15600000000000022,0.05,0.1,19925.0,19475.0,12.0,1197.36
2025-03-28,2025-03-24,t10,0.030000000000000072,0.05999999999999943,0.10499999999999972,18940.0,18425.0,6.199999999999999,617.3599999999999
2025-03-28,2025-03-24,t1236,0.030000000000000072,0.05999999999999943,0.10499999999999972,18740.0,18300.0,2.9000000000000004,287.36000000000007
2025-04-04,2025-03-31,t1236,0.25,0.05,0.1,18250.0,17800.0,53.800000000000004,-39622.64
2025-04-18,2025-04-14,t10,0.05,0.05999999999999979,0.10749999999999957,17625.0,16960.0,19.3,1927.36
2025-04-18,2025-04-14,t1236,0.05,0.05999999999999979,0.10749999999999957,17370.0,16790.0,10.600000000000001,1057.3600000000001
2025-06-13,2025-06-09,t10,0.019999999999999928,0.05,0.09875000000000007,20730.0,20100.0,5.85,582.36
2025-07-04,2025-06-30,t10,0.009999999999999964,0.05,0.1,21580.0,21000.0,1.5499999999999998,152.35999999999999
2025-07-04,2025-06-30,t1236,0.009999999999999964,0.05,0.1,21350.0,20800.0,0.5,47.36
2025-07-11,2025-07-07,t10,0.04499999999999993,0.05,0.1,21940.0,21375.0,12.3,1227.36
2025-07-18,2025-07-14,t10,0.030000000000000072,0.05,0.1,21900.0,21350.0,7.799999999999999,777.3599999999999
2025-07-18,2025-07-14,t1236,0.030000000000000072,0.05,0.1,21690.0,21200.0,3.4,337.36
2025-07-25,2025-07-21,t10,0.020000000000000018,0.04500000000000011,0.08499999999999978,22210.0,21675.0,3.2,317.36
2025-07-25,2025-07-21,t1236,0.020000000000000018,0.04500000000000011,0.08499999999999978,22010.0,21550.0,1.4,137.36
2025-08-01,2025-07-28,t10,0.030000000000000072,0.04500000000000011,0.08499999999999978,22450.0,21950.0,7.700000000000001,767.3600000000001
2025-08-01,2025-07-28,t1236,0.030000000000000072,0.04500000000000011,0.08499999999999978,22260.0,21800.0,4.1,407.35999999999996
2025-08-15,2025-08-11,t10,0.040000000000000216,0.04500000000000011,0.08499999999999978,22780.0,22275.0,9.5,947.36
2025-08-15,2025-08-11,t1236,0.040000000000000216,0.04500000000000011,0.08499999999999978,22590.0,22125.0,5.0,497.36
2025-08-22,2025-08-18,t1236,0.060000000000000143,0.04500000000000011,0.08499999999999978,22720.0,22275.0,7.1,707.36
2025-09-05,2025-09-02,t1236,0.0,0.04500000000000011,0.07999999999999971,22460.0,22025.0,2.0,197.36
2025-09-12,2025-09-08,t10,0.03499999999999996,0.04500000000000011,0.07999999999999971,22870.0,22400.0,5.6,557.36
2025-09-12,2025-09-08,t1236,0.03499999999999996,0.04500000000000011,0.07999999999999971,22690.0,22250.0,2.0999999999999996,207.35999999999999
2025-09-19,2025-09-15,t10,0.04000000000000057,0.04499999999999993,0.07999999999999971,23330.0,22875.0,9.200000000000001,917.3600000000001
2025-09-19,2025-09-15,t1236,0.04000000000000057,0.04499999999999993,0.07999999999999971,23150.0,22725.0,5.5,547.36
2025-09-26,2025-09-22,t10,0.039999999999999855,0.04499999999999993,0.07999999999999971,23875.0,23410.0,9.6,957.36
2025-10-03,2025-09-29,t10,0.039999999999999855,0.04499999999999993,0.07999999999999971,23760.0,23310.0,4.499999999999999,447.3599999999999
2025-10-10,2025-10-06,t1236,0.040000000000000216,0.04499999999999993,0.07999999999999971,23900.0,23500.0,5.6000000000000005,557.36
2025-10-17,2025-10-13,t10,0.030000000000000426,0.04000000000000057,0.07999999999999971,23480.0,23025.0,8.799999999999999,877.3599999999999
2025-10-17,2025-10-13,t1236,0.030000000000000426,0.04000000000000057,0.07999999999999971,23310.0,22900.0,5.5,547.36
2025-10-24,2025-10-20,t10,0.05999999999999943,0.040000000000000216,0.075,24075.0,23620.0,17.8,1777.36
2025-10-24,2025-10-20,t1236,0.05999999999999943,0.040000000000000216,0.075,23900.0,23490.0,11.499999999999998,1147.3599999999997
2025-10-31,2025-10-27,t10,0.04500000000000028,0.040000000000000216,0.060000000000000143,24610.0,24160.0,12.100000000000001,1207.3600000000001
2025-10-31,2025-10-27,t1236,0.04500000000000028,0.040000000000000216,0.060000000000000143,24440.0,24030.0,8.2,817.3599999999999
2025-11-14,2025-11-10,t10,0.030000000000000426,0.040000000000000216,0.060000000000000143,24250.0,23760.0,7.5,747.36
2025-11-14,2025-11-10,t1236,0.030000000000000426,0.040000000000000216,0.060000000000000143,24070.0,23620.0,4.7,467.36
2025-11-21,2025-11-17,t10,0.15999999999999942,0.039999999999999855,0.05999999999999943,24180.0,23670.0,40.1,4007.36
2025-11-21,2025-11-17,t1236,0.15999999999999942,0.039999999999999855,0.05999999999999943,23980.0,23530.0,25.700000000000003,2567.3600000000006
2025-11-28,2025-11-24,t10,0.07000000000000028,0.039999999999999855,0.05999999999999943,23375.0,22840.0,17.2,1717.36
2025-11-28,2025-11-24,t1236,0.07000000000000028,0.039999999999999855,0.05999999999999943,23170.0,22690.0,10.100000000000001,1007.3600000000001
2025-12-12,2025-12-08,t10,0.075,0.039999999999999855,0.05999999999999961,24820.0,24275.0,23.999999999999996,2397.3599999999997
2025-12-12,2025-12-08,t1236,0.075,0.039999999999999855,0.05999999999999961,24610.0,24130.0,13.6,1357.36
2025-12-19,2025-12-15,t10,0.08000000000000114,0.039999999999999855,0.05999999999999961,24330.0,23800.0,24.099999999999998,2407.36
2025-12-19,2025-12-15,t1236,0.08000000000000114,0.039999999999999855,0.05999999999999961,24130.0,23650.0,14.2,1417.36
2025-12-26,2025-12-22,t10,0.014999999999999947,0.039999999999999855,0.05999999999999961,24490.0,23960.0,2.4,237.36
2025-12-26,2025-12-22,t1236,0.014999999999999947,0.039999999999999855,0.05999999999999961,24290.0,23820.0,1.05,102.36
2026-01-02,2025-12-29,t10,0.05999999999999943,0.039999999999999855,0.05999999999999961,24825.0,24320.0,10.100000000000001,1007.3600000000001
2026-01-02,2025-12-29,t1236,0.05999999999999943,0.039999999999999855,0.05999999999999961,24630.0,24180.0,4.3999999999999995,437.35999999999996
2026-01-16,2026-01-12,t10,0.07199999999999988,0.040000000000000036,0.05999999999999961,24975.0,24500.0,20.299999999999997,2027.3599999999997
2026-01-16,2026-01-12,t1236,0.07199999999999988,0.040000000000000036,0.05999999999999961,24800.0,24350.0,12.5,1247.36
2026-01-23,2026-01-20,t10,,0.040000000000000216,0.06250000000000018,24750.0,24275.0,63.0,6297.36
2026-01-30,2026-01-26,t10,0.08,0.040000000000000216,0.05999999999999979,24825.0,24350.0,24.200000000000003,2417.3600000000006
2026-01-30,2026-01-26,t1236,0.08,0.040000000000000216,0.05999999999999979,24650.0,24225.0,15.2,1517.36
2026-02-06,2026-02-02,t1236,,0.040000000000000216,0.06500000000000021,24600.0,24175.0,30.0,2997.36
2026-02-20,2026-02-17,t1236,,0.040000000000000216,0.060000000000000143,23700.0,23250.0,49.800000000000004,4977.36
2026-02-27,2026-02-23,t10,0.17,0.040000000000000036,0.05999999999999961,24200.0,23700.0,57.599999999999994,5757.359999999999
2026-02-27,2026-02-23,t1236,0.17,0.040000000000000036,0.05999999999999961,24000.0,23575.0,37.2,3717.3600000000006
2026-03-06,2026-03-02,t1236,,0.040000000000000036,0.06250000000000018,23950.0,23500.0,25.5,2547.36
2026-03-13,2026-03-09,t10,0.23699999999999988,0.039999999999999855,0.05999999999999979,23850.0,23300.0,99.49999999999999,9947.359999999999
2026-03-13,2026-03-09,t1236,0.23699999999999988,0.039999999999999855,0.05999999999999979,23650.0,23200.0,68.8,6877.36
2026-03-27,2026-03-23,t1236,,0.039999999999999855,0.05999999999999979,22850.0,22400.0,6.499999999999998,647.3599999999998
2026-04-03,2026-03-30,t10,0.10300000000000012,0.040000000000000036,0.05999999999999996,22250.0,21700.0,33.0,3297.36
2026-04-03,2026-03-30,t1236,0.10300000000000012,0.040000000000000036,0.05999999999999996,22050.0,21600.0,18.3,1827.36
2026-04-10,2026-04-06,t10,0.05799999999999997,0.040000000000000036,0.05999999999999996,23150.0,22600.0,6.300000000000001,627.3600000000001
2026-04-17,2026-04-13,t10,0.05299999999999997,0.040000000000000216,0.05999999999999979,24150.0,23600.0,15.499999999999998,1547.3599999999997
2026-04-17,2026-04-13,t1236,0.05299999999999997,0.040000000000000216,0.05999999999999979,23950.0,23450.0,8.4,837.36
2026-04-24,2026-04-20,t10,0.075,0.040000000000000216,0.05999999999999979,25670.0,25050.0,24.8,2477.36
2026-04-24,2026-04-20,t1236,0.075,0.040000000000000216,0.05999999999999979,25440.0,24880.0,14.3,1427.36
2026-05-01,2026-04-27,t10,0.1,0.040000000000000216,0.06250000000000018,26310.0,25690.0,37.900000000000006,3787.3600000000006
2026-05-01,2026-04-27,t1236,0.1,0.040000000000000216,0.06250000000000018,26070.0,25525.0,22.599999999999998,2257.36
2026-05-08,2026-05-04,t10,0.060000000000000143,0.040000000000000216,0.07000000000000028,26720.0,26100.0,19.3,1927.36
2026-05-08,2026-05-04,t1236,0.060000000000000143,0.040000000000000216,0.07000000000000028,26490.0,25950.0,11.2,1117.36
2026-05-15,2026-05-11,t10,0.09000000000000057,0.040000000000000396,0.06750000000000025,28190.0,27550.0,32.0,3197.36
2026-05-15,2026-05-11,t1236,0.09000000000000057,0.040000000000000396,0.06750000000000025,27950.0,27380.0,18.400000000000002,1837.3600000000001
2026-05-22,2026-05-18,t1236,,0.042500000000000246,0.07149999999999998,27850.0,27250.0,23.4,2337.36
2026-05-29,2026-05-26,t10,0.018000000000000006,0.042500000000000246,0.07149999999999998,28450.0,27800.0,5.300000000000001,527.3600000000001
2026-05-29,2026-05-26,t1236,0.018000000000000006,0.042500000000000246,0.07149999999999998,28200.0,27600.0,2.5,247.36
2026-06-05,2026-06-01,t10,0.08600000000000009,0.042500000000000246,0.07149999999999998,29300.0,28650.0,13.600000000000001,-32882.6790625
2026-06-05,2026-06-01,t1236,0.08600000000000009,0.042500000000000246,0.07149999999999998,29050.0,28450.0,0.09999999999999787,-9232.6790625
2026-06-12,2026-06-08,t1236,,0.04500000000000011,0.07424999999999997,27600.0,27000.0,20.7,2067.36
2026-06-19,2026-06-15,t10,0.005000000000000071,0.04500000000000028,0.075,28500.0,27800.0,4.599999999999998,457.3599999999998
2026-06-19,2026-06-15,t1236,0.005000000000000071,0.04500000000000028,0.075,28230.0,27600.0,1.4000000000000004,137.36000000000004
2026-07-03,2026-06-29,t10,0.06750000000000007,0.04499999999999993,0.075,27900.0,27200.0,26.300000000000004,2627.3600000000006
2026-07-03,2026-06-29,t1236,0.06750000000000007,0.04499999999999993,0.075,27700.0,27000.0,19.1,1907.3600000000001
2026-07-10,2026-07-06,t10,0.05799999999999997,0.04500000000000028,0.075,28150.0,27400.0,4.0,397.36
2026-07-24,2026-07-20,t10,0.07,0.055499999999999966,0.075,27400.0,26600.0,34.5,3447.36
2026-07-24,2026-07-20,t1236,0.07,0.055499999999999966,0.075,27100.0,26400.0,20.800000000000004,2077.3600000000006
2026-08-07,2026-08-03,t10,0.015999999999999945,0.05799999999999997,0.075,27050.0,26300.0,2.8999999999999986,287.3599999999999
2026-08-14,2026-08-10,t10,0.03400000000000006,0.05799999999999997,0.075,28475.0,27700.0,11.7,1167.36
2026-08-14,2026-08-10,t1236,0.03400000000000006,0.05799999999999997,0.075,28175.0,27475.0,4.1,407.35999999999996
