week_end,entry,short_k,wing_k,width,credit,settle,pnl,vix,gap_below_trigger,entry_d,px,stopped
2012-06-08,2012-06-04,1235.0,1210.0,25.0,1.4,1325.6600341796875,137.36,26.350000381469727,False,2012-06-04,137.36,False
2012-06-22,2012-06-18,1300.0,1275.0,25.0,1.4,1335.02001953125,137.36,21.76000022888184,False,2012-06-18,137.36,False
2012-07-06,2012-07-02,1320.0,1295.0,25.0,0.3,1354.6800537109375,27.360000000000003,17.6200008392334,False,2012-07-02,27.360000000000003,False
2012-07-13,2012-07-09,1315.0,1285.0,30.0,1.2,1356.780029296875,117.36,18.170000076293945,False,2012-07-09,117.36,False
2012-07-27,2012-07-23,1320.0,1295.0,25.0,3.2,1385.969970703125,317.36,20.40999984741211,False,2012-07-23,317.36,False
2012-08-03,2012-07-30,1345.0,1320.0,25.0,0.9000000000000001,1390.989990234375,87.36000000000001,17.549999237060547,False,2012-07-30,87.36000000000001,False
2012-08-10,2012-08-06,1350.0,1325.0,25.0,0.2,1405.8699951171875,17.36,15.850000381469728,False,2012-08-06,17.36,False
2012-08-24,2012-08-20,1380.0,1355.0,25.0,0.2999999999999999,1411.1300048828125,27.359999999999992,14.109999656677246,False,2012-08-20,27.359999999999992,False
2012-08-31,2012-08-27,1375.0,1350.0,25.0,0.4999999999999999,1406.5799560546875,47.35999999999999,16.149999618530273,False,2012-08-27,47.35999999999999,False
2012-09-07,2012-09-04,1370.0,1345.0,25.0,0.5499999999999999,1437.9200439453125,52.35999999999999,18.64999961853028,False,2012-09-04,52.35999999999999,False
2012-09-14,2012-09-10,1400.0,1380.0,20.0,0.6,1465.77001953125,57.36,14.270000457763672,False,2012-09-10,57.36,False
2012-10-12,2012-10-08,1425.0,1405.0,20.0,0.6000000000000001,1428.5899658203125,57.36000000000001,15.1899995803833,False,2012-10-08,57.36000000000001,False
2012-10-26,2012-10-22,1395.0,1375.0,20.0,0.8999999999999999,1411.93994140625,87.35999999999999,17.440000534057617,False,2012-10-22,87.35999999999999,False
2012-11-02,2012-10-31,1375.0,1355.0,20.0,0.25,1414.199951171875,22.36,17.68000030517578,False,2012-10-31,22.36,False
2012-11-09,2012-11-05,1380.0,1360.0,20.0,1.6999999999999995,1379.8499755859375,152.35755859375,18.32999992370605,False,2012-11-05,-385.28000000000003,True
2012-11-23,2012-11-19,1320.0,1300.0,20.0,0.0499999999999999,1409.1500244140625,2.359999999999999,15.880000114440918,False,2012-11-19,2.359999999999999,False
2012-11-30,2012-11-26,1370.0,1345.0,25.0,0.95,1416.1800537109375,92.36,15.630000114440918,False,2012-11-26,92.36,False
2012-12-07,2012-12-03,1380.0,1355.0,25.0,0.7499999999999999,1418.0699462890625,72.35999999999999,15.8100004196167,False,2012-12-03,72.35999999999999,False
2012-12-14,2012-12-10,1380.0,1360.0,20.0,0.7000000000000001,1413.5799560546875,67.36,16.469999313354492,False,2012-12-10,67.36,False
2012-12-28,2012-12-24,1395.0,1370.0,25.0,1.5,1402.4300537109375,147.36,18.459999084472656,False,2012-12-24,147.36,False
2013-01-04,2012-12-31,1365.0,1345.0,20.0,2.05,1466.469970703125,202.36,22.13999938964844,False,2012-12-31,202.36,False
2013-01-11,2013-01-07,1430.0,1405.0,25.0,0.7,1472.050048828125,67.36,14.529999732971191,False,2013-01-07,67.36,False
2013-01-25,2013-01-22,1450.0,1430.0,20.0,0.2,1502.9599609375,17.36,13.279999732971191,False,2013-01-22,17.36,False
2013-02-01,2013-01-28,1470.0,1445.0,25.0,0.2,1513.1700439453125,17.360000000000007,13.289999961853027,False,2013-01-28,17.360000000000007,False
2013-02-08,2013-02-04,1480.0,1460.0,20.0,0.5,1517.9300537109375,47.36,14.0,False,2013-02-04,47.36,False
2013-02-22,2013-02-19,1490.0,1470.0,20.0,0.0999999999999999,1515.5999755859375,7.359999999999998,12.8100004196167,False,2013-02-19,7.359999999999998,False
2013-03-01,2013-02-25,1485.0,1465.0,20.0,0.5999999999999999,1518.199951171875,57.35999999999999,13.6899995803833,False,2013-02-25,57.35999999999999,False
2013-03-08,2013-03-04,1485.0,1465.0,20.0,1.0499999999999998,1551.1800537109375,102.36,16.15999984741211,False,2013-03-04,102.36,False
2013-03-22,2013-03-18,1530.0,1510.0,20.0,1.4500000000000002,1556.8900146484375,142.36000000000004,13.470000267028809,False,2013-03-18,142.36000000000004,False
2013-04-05,2013-04-01,1540.0,1520.0,20.0,0.6,1553.280029296875,57.36,13.460000038146973,False,2013-04-01,57.36,False
2013-04-12,2013-04-08,1525.0,1505.0,20.0,1.6,1588.8499755859375,157.36,14.039999961853027,False,2013-04-08,157.36,False
2013-04-26,2013-04-22,1520.0,1500.0,20.0,0.8500000000000001,1582.239990234375,82.36000000000001,15.079999923706056,False,2013-04-22,82.36000000000001,False
2013-05-03,2013-04-29,1550.0,1525.0,25.0,0.55,1614.4200439453125,52.36000000000001,13.720000267028809,False,2013-04-29,52.36000000000001,False
2013-05-10,2013-05-06,1580.0,1560.0,20.0,0.55,1633.699951171875,52.36000000000001,13.0600004196167,False,2013-05-06,52.36000000000001,False
2013-05-24,2013-05-20,1635.0,1610.0,25.0,1.2499999999999998,1649.5999755859375,122.35999999999996,13.279999732971191,False,2013-05-20,122.35999999999996,False
2013-05-31,2013-05-28,1615.0,1595.0,20.0,0.15,1630.739990234375,12.36,13.670000076293944,False,2013-05-28,12.36,False
2013-06-14,2013-06-10,1605.0,1585.0,20.0,0.95,1626.72998046875,92.36,15.15999984741211,False,2013-06-10,92.36,False
2013-07-05,2013-07-01,1565.0,1540.0,25.0,0.0499999999999999,1631.8900146484375,2.359999999999999,16.899999618530273,False,2013-07-01,2.359999999999999,False
2013-07-12,2013-07-08,1590.0,1565.0,25.0,0.45,1680.18994140625,42.36000000000001,14.65999984741211,False,2013-07-08,42.36000000000001,False
2013-07-26,2013-07-22,1655.0,1630.0,25.0,0.4999999999999999,1691.6500244140625,47.35999999999999,13.229999542236328,False,2013-07-22,47.35999999999999,False
2013-08-02,2013-07-29,1655.0,1630.0,25.0,0.7500000000000001,1709.6700439453125,72.36000000000001,13.539999961853027,False,2013-07-29,72.36000000000001,False
2013-08-09,2013-08-05,1670.0,1650.0,20.0,0.3,1691.4200439453125,27.36,12.289999961853027,False,2013-08-05,27.36,False
2013-08-23,2013-08-19,1620.0,1595.0,25.0,1.15,1663.5,112.36,14.9399995803833,False,2013-08-19,112.36,False
2013-08-30,2013-08-26,1625.0,1605.0,20.0,0.4499999999999999,1632.969970703125,42.35999999999999,14.369999885559082,False,2013-08-26,-465.28000000000003,True
2013-09-06,2013-09-03,1595.0,1575.0,20.0,0.1,1655.1700439453125,7.360000000000003,16.469999313354492,False,2013-09-03,7.360000000000003,False
2013-09-13,2013-09-09,1620.0,1595.0,25.0,0.7000000000000001,1687.989990234375,67.36,15.859999656677246,False,2013-09-09,67.36,False
2013-09-27,2013-09-23,1675.0,1650.0,25.0,1.3,1691.75,127.36,14.039999961853027,False,2013-09-23,127.36,False
2013-10-04,2013-09-30,1655.0,1635.0,20.0,2.8,1690.5,277.36,17.489999771118164,False,2013-09-30,277.36,False
2013-10-11,2013-10-07,1655.0,1635.0,20.0,2.5,1703.199951171875,247.36,18.76000022888184,False,2013-10-07,-365.2799999999999,True
2013-11-01,2013-10-28,1725.0,1700.0,25.0,0.55,1761.6400146484375,52.36000000000001,13.619999885559082,False,2013-10-28,52.36000000000001,False
2013-11-08,2013-11-04,1725.0,1705.0,20.0,0.4499999999999999,1770.6099853515625,42.35999999999999,13.350000381469728,False,2013-11-04,42.35999999999999,False
2013-11-22,2013-11-18,1765.0,1740.0,25.0,0.75,1804.760009765625,72.36,12.40999984741211,False,2013-11-18,72.36,False
2013-11-29,2013-11-25,1770.0,1750.0,20.0,0.2,1805.81005859375,17.36,12.550000190734863,False,2013-11-25,17.36,False
2013-12-06,2013-12-02,1775.0,1750.0,25.0,1.35,1805.0899658203125,132.36,13.90999984741211,False,2013-12-02,132.36,False
2013-12-13,2013-12-09,1770.0,1750.0,20.0,0.3999999999999999,1775.3199462890625,37.35999999999999,13.970000267028809,False,2013-12-09,37.35999999999999,False
2013-12-27,2013-12-23,1785.0,1760.0,25.0,0.15,1841.4000244140625,12.36,13.369999885559082,False,2013-12-23,12.36,False
2014-01-03,2013-12-30,1805.0,1785.0,20.0,0.3,1831.3699951171875,27.360000000000003,12.869999885559082,False,2013-12-30,27.360000000000003,False
2014-01-10,2014-01-06,1800.0,1775.0,25.0,0.8999999999999999,1842.3699951171875,87.35999999999999,13.40999984741211,False,2014-01-06,87.35999999999999,False
2014-01-24,2014-01-21,1805.0,1785.0,20.0,0.1999999999999999,1790.2900390625,-1453.63609375,12.630000114440918,False,2014-01-21,-220.28,True
2014-01-31,2014-01-27,1755.0,1735.0,20.0,1.4499999999999995,1782.5899658203125,142.36,17.290000915527344,False,2014-01-27,142.36,False
2014-02-07,2014-02-03,1750.0,1725.0,25.0,2.5,1797.02001953125,247.36,18.56999969482422,False,2014-02-03,-645.2799999999999,True
2014-02-14,2014-02-10,1760.0,1740.0,20.0,1.3000000000000005,1838.6300048828125,127.36000000000004,15.630000114440918,False,2014-02-10,127.36000000000004,False
2014-02-28,2014-02-24,1800.0,1780.0,20.0,0.2,1859.449951171875,17.360000000000007,14.829999923706056,False,2014-02-24,17.360000000000007,False
2014-03-14,2014-03-10,1840.0,1820.0,20.0,0.8500000000000001,1841.1300048828125,82.36000000000001,14.760000228881836,False,2014-03-10,-330.2799999999999,True
2014-03-28,2014-03-24,1830.0,1805.0,25.0,1.35,1857.6199951171875,132.36,14.699999809265137,False,2014-03-24,132.36,False
2014-04-04,2014-03-31,1820.0,1795.0,25.0,0.7,1865.0899658203125,67.36,13.880000114440918,False,2014-03-31,67.36,False
2014-04-11,2014-04-07,1830.0,1805.0,25.0,2.0,1815.68994140625,-1233.645859375,14.960000038146973,False,2014-04-07,194.72,True
2014-04-25,2014-04-21,1825.0,1800.0,25.0,0.65,1863.4000244140625,62.36,14.100000381469728,False,2014-04-21,62.36,False
2014-05-02,2014-04-28,1825.0,1800.0,25.0,1.25,1881.1400146484373,122.36,14.270000457763672,False,2014-04-28,122.36,False
2014-05-09,2014-05-05,1840.0,1820.0,20.0,0.75,1878.47998046875,72.36,13.949999809265137,False,2014-05-05,72.36,False
2014-05-23,2014-05-19,1840.0,1815.0,25.0,0.7000000000000001,1900.530029296875,67.36,13.170000076293944,False,2014-05-19,67.36,False
2014-06-13,2014-06-09,1915.0,1890.0,25.0,0.45,1936.1600341796875,42.36000000000001,11.229999542236328,False,2014-06-09,42.36000000000001,False
2014-07-04,2014-06-30,1925.0,1905.0,20.0,0.3999999999999999,1985.43994140625,37.35999999999999,11.75,False,2014-06-30,37.35999999999999,False
2014-07-11,2014-07-07,1950.0,1930.0,20.0,0.65,1967.5699462890625,62.36,11.149999618530272,False,2014-07-07,62.36,False
2014-07-25,2014-07-21,1945.0,1925.0,20.0,1.25,1978.3399658203125,122.36,12.850000381469728,False,2014-07-21,122.36,False
2014-08-01,2014-07-28,1945.0,1925.0,20.0,1.4,1925.1500244140625,-1847.6375585937503,12.93000030517578,False,2014-07-28,-475.2800000000001,True
2014-08-08,2014-08-04,1890.0,1865.0,25.0,1.85,1931.5899658203125,182.36,16.639999389648438,False,2014-08-04,182.36,False
2014-08-22,2014-08-18,1920.0,1895.0,25.0,0.5499999999999999,1988.4000244140625,52.35999999999999,12.850000381469728,False,2014-08-18,52.35999999999999,False
2014-08-29,2014-08-25,1950.0,1930.0,20.0,0.1499999999999999,2003.3699951171875,12.359999999999996,11.579999923706056,False,2014-08-25,12.359999999999996,False
2014-09-05,2014-09-02,1970.0,1945.0,25.0,0.55,2007.7099609375,52.36000000000001,12.31999969482422,False,2014-09-02,52.36000000000001,False
2014-09-12,2014-09-08,1975.0,1955.0,20.0,0.7500000000000001,1985.5400390625,72.36000000000001,12.640000343322754,False,2014-09-08,72.36000000000001,False
2014-09-26,2014-09-22,1975.0,1955.0,20.0,0.9499999999999996,1982.8499755859373,92.35999999999996,13.140000343322754,False,2014-09-22,-330.28000000000003,True
2014-10-03,2014-09-29,1950.0,1925.0,25.0,3.5,1967.9000244140625,347.36,16.959999084472656,False,2014-09-29,-445.28000000000003,True
2014-10-10,2014-10-06,1930.0,1910.0,20.0,0.85,1906.1300048828125,-1917.64,14.460000038146973,False,2014-10-06,-550.28,True
2014-10-24,2014-10-20,1845.0,1820.0,25.0,2.6,1964.5799560546875,257.36,22.11000061035156,False,2014-10-20,257.36,False
2014-10-31,2014-10-27,1920.0,1890.0,30.0,2.05,2018.050048828125,202.36,17.239999771118164,False,2014-10-27,202.36,False
2014-11-07,2014-11-03,1970.0,1940.0,30.0,0.3,2031.9200439453125,27.360000000000003,14.40999984741211,False,2014-11-03,27.360000000000003,False
2014-11-14,2014-11-10,1985.0,1955.0,30.0,0.5499999999999999,2039.8199462890625,52.35999999999999,13.15999984741211,False,2014-11-10,52.35999999999999,False
2014-11-28,2014-11-24,2020.0,1995.0,25.0,0.1,2067.56005859375,7.360000000000003,12.920000076293944,False,2014-11-24,7.360000000000003,False
2014-12-05,2014-12-01,2025.0,2000.0,25.0,1.0,2075.3701171875,97.36,14.15999984741211,False,2014-12-01,97.36,False
2014-12-12,2014-12-08,2035.0,2010.0,25.0,0.65,2002.3299560546875,-2437.64,13.050000190734863,False,2014-12-08,-680.28,True
2014-12-26,2014-12-22,2025.0,1995.0,30.0,0.4999999999999999,2088.77001953125,47.35999999999999,16.31999969482422,False,2014-12-22,47.35999999999999,False
2015-01-02,2014-12-29,2045.0,2015.0,30.0,0.6000000000000001,2058.199951171875,57.36000000000001,16.040000915527344,False,2014-12-29,57.36000000000001,False
2015-01-09,2015-01-05,2015.0,1985.0,30.0,5.199999999999999,2044.81005859375,517.3599999999999,19.190000534057617,False,2015-01-05,-565.2800000000001,True
2015-01-23,2015-01-20,1970.0,1940.0,30.0,3.6,2051.820068359375,357.36,20.06999969482422,False,2015-01-20,357.36,False
2015-01-30,2015-01-26,2000.0,1970.0,30.0,2.0,1994.989990234375,-303.6409765625,16.959999084472656,False,2015-01-26,-705.28,True
2015-02-06,2015-02-02,1945.0,1910.0,35.0,0.2000000000000001,2055.469970703125,17.360000000000017,20.88999938964844,False,2015-02-02,17.360000000000017,False
2015-02-13,2015-02-09,2000.0,1970.0,30.0,1.95,2096.989990234375,192.36,19.15999984741211,False,2015-02-09,192.36,False
2015-02-27,2015-02-23,2060.0,2025.0,35.0,0.9000000000000001,2104.5,87.36000000000001,15.050000190734863,False,2015-02-23,87.36000000000001,False
2015-03-13,2015-03-09,2020.0,1990.0,30.0,1.0,2053.39990234375,97.36,15.720000267028809,False,2015-03-09,97.36,False
2015-03-27,2015-03-23,2060.0,2025.0,35.0,0.4,2061.02001953125,37.36,13.520000457763672,False,2015-03-23,-1505.28,True
2015-04-03,2015-03-30,2010.0,1980.0,30.0,0.15,2066.9599609375,12.36,14.760000228881836,False,2015-03-30,12.36,False
2015-04-10,2015-04-06,2015.0,1985.0,30.0,1.2000000000000002,2102.06005859375,117.36,15.75,False,2015-04-06,117.36,False
2015-04-24,2015-04-20,2030.0,2000.0,30.0,0.2,2117.68994140625,17.360000000000007,13.670000076293944,False,2015-04-20,17.360000000000007,False
2015-05-01,2015-04-27,2070.0,2040.0,30.0,0.4,2108.2900390625,37.36,12.34000015258789,False,2015-04-27,37.36,False
2015-05-08,2015-05-04,2060.0,2030.0,30.0,0.1499999999999999,2116.10009765625,12.35999999999999,13.119999885559082,False,2015-05-04,12.35999999999999,False
2015-05-22,2015-05-18,2075.0,2045.0,30.0,0.8,2126.06005859375,77.36,13.079999923706056,False,2015-05-18,77.36,False
2015-05-29,2015-05-26,2080.0,2050.0,30.0,1.2999999999999998,2107.389892578125,127.35999999999996,13.449999809265137,False,2015-05-26,127.35999999999996,False
2015-06-05,2015-06-01,2065.0,2035.0,30.0,1.4,2092.830078125,137.36,13.920000076293944,False,2015-06-01,137.36,False
2015-06-12,2015-06-08,2050.0,2020.0,30.0,2.5,2094.110107421875,247.36,14.84000015258789,False,2015-06-08,247.36,False
2015-07-03,2015-06-29,2060.0,2030.0,30.0,4.1000000000000005,2076.780029296875,407.36000000000007,16.700000762939453,False,2015-06-29,-615.2799999999999,True
2015-07-10,2015-07-06,2035.0,2005.0,30.0,2.2,2076.6201171875,217.36000000000004,18.64999961853028,False,2015-07-06,217.36000000000004,False
2015-07-24,2015-07-20,2080.0,2055.0,25.0,0.3999999999999999,2079.64990234375,2.350234374999991,12.25,False,2015-07-20,-105.28,True
2015-07-31,2015-07-27,2035.0,2005.0,30.0,2.7,2103.840087890625,267.36,15.600000381469728,False,2015-07-27,267.36,False
2015-08-07,2015-08-03,2060.0,2030.0,30.0,0.9,2077.570068359375,87.36,12.850000381469728,False,2015-08-03,87.36,False
2015-08-14,2015-08-10,2030.0,2005.0,25.0,0.2,2091.5400390625,17.36,12.729999542236328,False,2015-08-10,17.36,False
2015-08-28,2015-08-24,1920.0,1885.0,35.0,1.0,1988.8699951171875,97.36,28.030000686645508,False,2015-08-24,-2145.28,True
2015-09-04,2015-08-31,1930.0,1895.0,35.0,5.700000000000001,1921.219970703125,-310.6429296874999,27.030000686645508,False,2015-08-31,-935.2799999999999,True
2015-09-11,2015-09-08,1860.0,1825.0,35.0,0.7000000000000001,1961.050048828125,67.36,25.049999237060547,False,2015-09-08,67.36,False
2015-09-25,2015-09-21,1895.0,1860.0,35.0,0.8500000000000001,1931.3399658203125,82.36000000000001,21.96999931335449,False,2015-09-21,82.36000000000001,False
2015-10-02,2015-09-28,1870.0,1830.0,40.0,5.299999999999999,1951.3599853515625,527.3599999999999,25.020000457763672,False,2015-09-28,527.3599999999999,False
2015-10-09,2015-10-05,1890.0,1850.0,40.0,0.6,2014.8900146484373,57.36,20.309999465942383,False,2015-10-05,57.36,False
2015-10-23,2015-10-19,1970.0,1935.0,35.0,0.35,2075.14990234375,32.36,15.68000030517578,False,2015-10-19,32.36,False
2015-10-30,2015-10-26,2015.0,1975.0,40.0,1.05,2079.360107421875,102.36,14.760000228881836,False,2015-10-26,102.36,False
2015-11-06,2015-11-02,2020.0,1980.0,40.0,0.65,2099.199951171875,62.36,15.40999984741211,False,2015-11-02,62.36,False
2015-11-13,2015-11-09,2040.0,2005.0,35.0,1.7,2023.0400390625,-1528.63609375,15.34000015258789,False,2015-11-09,-430.27999999999986,True
2015-11-27,2015-11-23,2030.0,1990.0,40.0,0.4,2090.110107421875,37.36,16.149999618530273,False,2015-11-23,37.36,False
2015-12-04,2015-11-30,2030.0,1995.0,35.0,1.2500000000000002,2091.68994140625,122.36000000000004,15.550000190734863,False,2015-11-30,122.36000000000004,False
2015-12-11,2015-12-07,2035.0,1995.0,40.0,1.95,2012.3699951171875,-2070.64048828125,15.649999618530272,False,2015-12-07,-1005.28,True
2015-12-25,2015-12-21,1945.0,1905.0,40.0,0.7500000000000001,2060.989990234375,72.36000000000001,19.63999938964844,False,2015-12-21,72.36000000000001,False
2016-01-01,2015-12-28,2000.0,1960.0,40.0,1.25,2043.93994140625,122.36,17.649999618530273,False,2015-12-28,122.36,False
2016-01-08,2016-01-04,1985.0,1945.0,40.0,7.9,1922.030029296875,-3212.64,22.479999542236328,False,2016-01-04,-755.28,True
2016-01-22,2016-01-19,1815.0,1770.0,45.0,2.2,1906.9000244140625,217.36000000000004,25.39999961853028,False,2016-01-19,-1325.28,True
2016-01-29,2016-01-25,1840.0,1795.0,45.0,3.6,1940.239990234375,357.36,23.299999237060547,False,2016-01-25,357.36,False
2016-02-05,2016-02-01,1870.0,1830.0,40.0,2.4,1880.050048828125,237.36,21.31999969482422,False,2016-02-01,-935.2799999999999,True
2016-02-12,2016-02-08,1810.0,1770.0,40.0,7.299999999999999,1864.780029296875,727.3599999999999,25.88999938964844,False,2016-02-08,-400.2800000000001,True
2016-02-26,2016-02-22,1850.0,1805.0,45.0,0.3,1948.050048828125,27.36,20.13999938964844,False,2016-02-22,27.36,False
2016-03-04,2016-02-29,1880.0,1835.0,45.0,1.5499999999999998,1999.989990234375,152.36,20.489999771118164,False,2016-02-29,152.36,False
2016-03-11,2016-03-07,1930.0,1885.0,45.0,1.45,2022.18994140625,142.36,17.979999542236328,False,2016-03-07,142.36,False
2016-03-25,2016-03-21,1980.0,1940.0,40.0,0.0999999999999999,2035.93994140625,7.359999999999998,14.56999969482422,False,2016-03-21,7.359999999999998,False
2016-04-01,2016-03-28,1970.0,1930.0,40.0,0.3,2072.780029296875,27.36,15.649999618530272,False,2016-03-28,27.36,False
2016-04-08,2016-04-04,2010.0,1970.0,40.0,0.3,2047.5999755859373,27.36,13.880000114440918,False,2016-04-04,27.36,False
2016-04-22,2016-04-18,2020.0,1980.0,40.0,0.4,2091.580078125,37.36,14.869999885559082,False,2016-04-18,37.36,False
2016-04-29,2016-04-25,2030.0,1995.0,35.0,0.7,2065.300048828125,67.36,14.06999969482422,False,2016-04-25,67.36,False
2016-05-06,2016-05-02,2005.0,1970.0,35.0,0.6499999999999999,2057.139892578125,62.35999999999999,16.329999923706055,False,2016-05-02,62.35999999999999,False
2016-05-13,2016-05-09,2000.0,1965.0,35.0,0.5,2046.6099853515625,47.36,15.199999809265137,False,2016-05-09,47.36,False
2016-05-27,2016-05-23,1995.0,1960.0,35.0,0.5,2099.06005859375,47.36,16.329999923706055,False,2016-05-23,47.36,False
2016-06-03,2016-05-31,2045.0,2010.0,35.0,0.15,2099.1298828125,12.36,13.9399995803833,False,2016-05-31,12.36,False
2016-06-10,2016-06-06,2045.0,2015.0,30.0,0.1,2096.070068359375,7.360000000000003,13.84000015258789,False,2016-06-06,7.360000000000003,False
2016-06-24,2016-06-20,2020.0,1990.0,30.0,1.35,2037.4100341796875,132.36,17.420000076293945,False,2016-06-20,132.36,False
2016-07-01,2016-06-27,1985.0,1950.0,35.0,7.700000000000001,2102.949951171875,767.3600000000001,24.3799991607666,False,2016-06-27,767.3600000000001,False
2016-07-08,2016-07-05,2045.0,2010.0,35.0,1.35,2129.89990234375,132.36,16.049999237060547,False,2016-07-05,132.36,False
2016-07-22,2016-07-18,2105.0,2070.0,35.0,0.2,2175.030029296875,17.360000000000007,12.75,False,2016-07-18,17.360000000000007,False
2016-07-29,2016-07-25,2120.0,2090.0,30.0,0.8,2173.60009765625,77.36,12.640000343322754,False,2016-07-25,77.36,False
2016-08-05,2016-08-01,2125.0,2090.0,35.0,0.0999999999999999,2182.8701171875,7.359999999999998,11.890000343322754,False,2016-08-01,7.359999999999998,False
2016-08-12,2016-08-08,2135.0,2100.0,35.0,0.4,2184.050048828125,37.36,11.65999984741211,False,2016-08-08,37.36,False
2016-08-26,2016-08-22,2140.0,2110.0,30.0,1.25,2169.0400390625,122.36,12.529999732971191,False,2016-08-22,122.36,False
2016-09-02,2016-08-29,2125.0,2095.0,30.0,0.95,2179.97998046875,92.36,14.09000015258789,False,2016-08-29,92.36,False
2016-09-23,2016-09-19,2095.0,2065.0,30.0,1.15,2164.68994140625,112.36,15.140000343322754,False,2016-09-19,112.36,False
2016-09-30,2016-09-26,2120.0,2090.0,30.0,3.5,2168.27001953125,347.36,13.260000228881836,False,2016-09-26,347.36,False
2016-10-07,2016-10-03,2125.0,2095.0,30.0,2.1,2153.739990234375,207.36,13.75,False,2016-10-03,207.36,False
2016-10-14,2016-10-10,2110.0,2085.0,25.0,0.2,2132.97998046875,17.360000000000007,14.1899995803833,False,2016-10-10,17.360000000000007,False
2016-10-28,2016-10-24,2100.0,2075.0,25.0,0.35,2126.409912109375,32.36,13.1899995803833,False,2016-10-24,32.36,False
2016-11-04,2016-10-31,2085.0,2060.0,25.0,2.0,2085.179931640625,197.36,16.309999465942383,False,2016-10-31,-200.27999999999997,True
2016-11-11,2016-11-07,2045.0,2015.0,30.0,3.3,2164.449951171875,327.36,19.780000686645508,False,2016-11-07,327.36,False
2016-11-25,2016-11-21,2135.0,2110.0,25.0,0.0499999999999999,2213.35009765625,2.359999999999999,13.270000457763672,False,2016-11-21,2.359999999999999,False
2016-12-02,2016-11-28,2170.0,2140.0,30.0,0.95,2191.949951171875,92.36,13.399999618530272,False,2016-11-28,92.36,False
2016-12-23,2016-12-19,2215.0,2185.0,30.0,0.3999999999999999,2263.7900390625,37.36,12.5,False,2016-12-19,37.36,False
2016-12-30,2016-12-27,2220.0,2195.0,25.0,0.05,2238.830078125,2.3600000000000043,12.260000228881836,False,2016-12-27,2.3600000000000043,False
2017-01-06,2017-01-03,2195.0,2170.0,25.0,0.15,2276.97998046875,12.36,14.06999969482422,False,2017-01-03,12.36,False
2017-01-13,2017-01-09,2235.0,2210.0,25.0,0.65,2274.639892578125,62.36,11.710000038146973,False,2017-01-09,62.36,False
2017-01-27,2017-01-23,2230.0,2210.0,20.0,0.6,2294.68994140625,57.36,12.300000190734863,False,2017-01-23,57.36,False
2017-02-03,2017-01-30,2255.0,2230.0,25.0,2.0,2297.419921875,197.36,11.100000381469728,False,2017-01-30,197.36,False
2017-02-10,2017-02-06,2260.0,2235.0,25.0,0.6000000000000001,2316.10009765625,57.36000000000001,11.369999885559082,False,2017-02-06,57.36000000000001,False
2017-02-24,2017-02-21,2315.0,2290.0,25.0,0.0999999999999999,2367.340087890625,7.359999999999998,12.050000190734863,False,2017-02-21,7.359999999999998,False
2017-03-03,2017-02-27,2330.0,2310.0,20.0,0.6000000000000001,2383.1201171875,57.36000000000001,11.779999732971191,False,2017-02-27,57.36000000000001,False
2017-03-10,2017-03-06,2345.0,2325.0,20.0,0.8,2372.60009765625,77.36,11.59000015258789,False,2017-03-06,77.36,False
2017-03-24,2017-03-20,2340.0,2320.0,20.0,0.6000000000000001,2343.97998046875,57.36000000000001,11.710000038146973,False,2017-03-20,-505.28,True
2017-04-07,2017-04-03,2325.0,2300.0,25.0,0.7,2355.5400390625,67.36,12.59000015258789,False,2017-04-03,67.36,False
2017-04-14,2017-04-10,2320.0,2295.0,25.0,0.2,2328.949951171875,17.360000000000007,13.239999771118164,False,2017-04-10,17.360000000000007,False
2017-04-28,2017-04-24,2310.0,2290.0,20.0,0.05,2384.199951171875,2.3600000000000043,11.5600004196167,False,2017-04-24,2.3600000000000043,False
2017-05-12,2017-05-08,2365.0,2340.0,25.0,0.7500000000000001,2390.89990234375,72.36000000000001,10.529999732971191,False,2017-05-08,72.36000000000001,False
2017-05-19,2017-05-15,2355.0,2335.0,20.0,0.2999999999999999,2381.72998046875,27.359999999999992,10.539999961853027,False,2017-05-15,-475.28,True
2017-05-26,2017-05-22,2345.0,2320.0,25.0,0.4499999999999999,2415.820068359375,42.35999999999999,12.289999961853027,False,2017-05-22,42.35999999999999,False
2017-06-02,2017-05-30,2380.0,2355.0,25.0,0.5000000000000001,2439.070068359375,47.360000000000014,10.609999656677246,False,2017-05-30,47.360000000000014,False
2017-06-09,2017-06-05,2400.0,2380.0,20.0,0.5,2431.77001953125,47.36,10.079999923706056,False,2017-06-05,47.36,False
2017-06-16,2017-06-12,2395.0,2375.0,20.0,1.9,2433.14990234375,187.36,11.1899995803833,False,2017-06-12,187.36,False
2017-06-23,2017-06-19,2400.0,2375.0,25.0,0.1999999999999999,2438.300048828125,17.359999999999996,10.56999969482422,False,2017-06-19,17.359999999999996,False
2017-06-30,2017-06-26,2405.0,2380.0,25.0,0.35,2423.409912109375,32.36,10.130000114440918,False,2017-06-26,-680.28,True
2017-07-07,2017-07-03,2390.0,2365.0,25.0,0.2999999999999999,2425.179931640625,27.359999999999992,11.06999969482422,False,2017-07-03,27.359999999999992,False
2017-07-14,2017-07-10,2390.0,2370.0,20.0,1.0499999999999998,2459.27001953125,102.36,11.260000228881836,False,2017-07-10,102.36,False
2017-07-21,2017-07-17,2425.0,2400.0,25.0,0.55,2472.5400390625,52.36000000000001,9.770000457763672,False,2017-07-17,52.36000000000001,False
2017-07-28,2017-07-24,2435.0,2415.0,20.0,0.5,2472.10009765625,47.36,9.9399995803833,False,2017-07-24,47.36,False
2017-08-04,2017-07-31,2435.0,2415.0,20.0,0.3499999999999998,2476.830078125,32.359999999999985,10.529999732971191,False,2017-07-31,32.359999999999985,False
2017-08-11,2017-08-07,2445.0,2425.0,20.0,0.5999999999999999,2441.320068359375,-310.63316406250004,10.1899995803833,False,2017-08-07,-455.28,True
2017-08-18,2017-08-14,2405.0,2385.0,20.0,0.5999999999999999,2425.550048828125,57.35999999999999,14.050000190734863,False,2017-08-14,57.35999999999999,False
2017-08-25,2017-08-21,2390.0,2365.0,25.0,2.5,2443.050048828125,247.36,14.59000015258789,False,2017-08-21,247.36,False
2017-09-01,2017-08-28,2405.0,2385.0,20.0,0.8499999999999999,2476.550048828125,82.35999999999999,12.09000015258789,False,2017-08-28,82.35999999999999,False
2017-09-08,2017-09-05,2440.0,2415.0,25.0,0.8,2461.429931640625,77.36,11.75,False,2017-09-05,77.36,False
2017-09-15,2017-09-11,2425.0,2400.0,25.0,0.25,2500.22998046875,22.36,11.380000114440918,False,2017-09-11,22.36,False
2017-09-22,2017-09-18,2465.0,2440.0,25.0,0.35,2502.219970703125,32.36,10.18000030517578,False,2017-09-18,32.36,False
2017-09-29,2017-09-25,2465.0,2445.0,20.0,0.6000000000000001,2519.360107421875,57.36000000000001,10.079999923706056,False,2017-09-25,57.36000000000001,False
2017-10-06,2017-10-02,2485.0,2465.0,20.0,0.3999999999999999,2549.330078125,37.35999999999999,9.59000015258789,False,2017-10-02,37.35999999999999,False
2017-10-13,2017-10-09,2515.0,2495.0,20.0,0.5,2553.169921875,47.36,9.920000076293944,False,2017-10-09,47.36,False
2017-10-20,2017-10-16,2520.0,2500.0,20.0,0.2999999999999999,2575.2099609375,27.359999999999992,9.949999809265137,False,2017-10-16,27.359999999999992,False
2017-10-27,2017-10-23,2540.0,2520.0,20.0,0.4,2581.070068359375,37.36,10.25,False,2017-10-23,37.36,False
2017-11-03,2017-10-30,2550.0,2525.0,25.0,1.45,2587.840087890625,142.36,10.279999732971191,False,2017-10-30,142.36,False
2017-11-10,2017-11-06,2555.0,2535.0,20.0,0.5499999999999999,2582.300048828125,52.35999999999999,9.630000114440918,False,2017-11-06,52.35999999999999,False
2017-11-17,2017-11-13,2550.0,2530.0,20.0,1.65,2578.85009765625,162.36,11.43000030517578,False,2017-11-13,162.36,False
2017-11-24,2017-11-20,2545.0,2525.0,20.0,0.35,2602.419921875,32.36,11.960000038146973,False,2017-11-20,32.36,False
2017-12-01,2017-11-27,2570.0,2550.0,20.0,0.6499999999999999,2642.219970703125,62.35999999999999,10.06999969482422,False,2017-11-27,62.35999999999999,False
2017-12-08,2017-12-04,2610.0,2585.0,25.0,0.75,2651.5,72.36,11.050000190734863,False,2017-12-04,72.36,False
2017-12-15,2017-12-11,2615.0,2595.0,20.0,0.45,2675.81005859375,42.36000000000001,9.739999771118164,False,2017-12-11,42.36000000000001,False
2017-12-22,2017-12-18,2640.0,2620.0,20.0,0.15,2683.340087890625,12.36,9.460000038146973,False,2017-12-18,12.36,False
2017-12-29,2017-12-26,2650.0,2630.0,20.0,0.3999999999999999,2673.610107421875,37.36,10.1899995803833,False,2017-12-26,37.36,False
2018-01-05,2018-01-02,2640.0,2620.0,20.0,0.3,2743.14990234375,27.360000000000003,10.949999809265137,False,2018-01-02,27.360000000000003,False
2018-01-12,2018-01-08,2710.0,2685.0,25.0,0.7000000000000001,2786.239990234375,67.36,9.609999656677246,False,2018-01-08,67.36,False
2018-01-19,2018-01-16,2750.0,2730.0,20.0,0.25,2810.300048828125,22.36,10.420000076293944,False,2018-01-16,22.36,False
2018-01-26,2018-01-22,2775.0,2750.0,25.0,1.25,2872.8701171875,122.36,11.59000015258789,False,2018-01-22,122.36,False
2018-02-02,2018-01-29,2835.0,2810.0,25.0,2.4,2762.1298828125,-2262.64,11.710000038146973,False,2018-01-29,-775.2800000000001,True
2018-02-16,2018-02-12,2565.0,2525.0,40.0,4.5,2732.219970703125,447.36,27.25,False,2018-02-12,447.36,False
2018-02-23,2018-02-20,2670.0,2630.0,40.0,3.2,2747.300048828125,317.36,20.530000686645508,False,2018-02-20,317.36,False
2018-03-02,2018-02-26,2685.0,2650.0,35.0,1.0499999999999998,2691.25,102.36,16.530000686645508,False,2018-02-26,-950.2799999999999,True
2018-03-16,2018-03-12,2715.0,2675.0,40.0,0.9,2752.010009765625,87.36,15.279999732971191,False,2018-03-12,87.36,False
2018-03-23,2018-03-19,2680.0,2640.0,40.0,2.4,2588.260009765625,-3762.64,16.6299991607666,False,2018-03-19,-795.28,True
2018-03-30,2018-03-26,2510.0,2465.0,45.0,1.15,2640.8701171875,112.36,23.40999984741211,False,2018-03-26,112.36,False
2018-04-06,2018-04-02,2565.0,2515.0,50.0,5.4,2604.469970703125,537.36,21.06999969482422,False,2018-04-02,-1495.28,True
2018-04-13,2018-04-09,2525.0,2475.0,50.0,2.35,2656.300048828125,232.36,21.270000457763672,False,2018-04-09,232.36,False
2018-04-20,2018-04-16,2575.0,2525.0,50.0,1.1,2670.139892578125,107.36,17.59000015258789,False,2018-04-16,107.36,False
2018-04-27,2018-04-23,2590.0,2545.0,45.0,1.4,2669.909912109375,137.36,17.290000915527344,False,2018-04-23,137.36,False
2018-05-04,2018-04-30,2590.0,2545.0,45.0,0.8,2663.419921875,77.36,15.3100004196167,False,2018-04-30,77.36,False
2018-05-11,2018-05-07,2585.0,2535.0,50.0,0.75,2727.719970703125,72.36,15.050000190734863,False,2018-05-07,72.36,False
2018-05-18,2018-05-14,2650.0,2600.0,50.0,0.2999999999999999,2712.969970703125,27.359999999999992,13.09000015258789,False,2018-05-14,27.359999999999992,False
2018-05-25,2018-05-21,2635.0,2590.0,45.0,0.2,2721.330078125,17.36,12.989999771118164,False,2018-05-21,17.36,False
2018-06-01,2018-05-29,2650.0,2605.0,45.0,1.55,2734.6201171875,152.36,14.390000343322754,False,2018-05-29,152.36,False
2018-06-08,2018-06-04,2665.0,2620.0,45.0,0.5,2779.030029296875,47.36,13.90999984741211,False,2018-06-04,47.36,False
2018-06-15,2018-06-11,2710.0,2665.0,45.0,0.9,2779.659912109375,87.36,12.520000457763672,False,2018-06-11,87.36,False
2018-06-22,2018-06-18,2710.0,2670.0,40.0,1.6,2754.8798828125,157.36,12.789999961853027,False,2018-06-18,157.36,False
2018-06-29,2018-06-25,2690.0,2650.0,40.0,3.7,2718.3701171875,367.36,15.06999969482422,False,2018-06-25,367.36,False
2018-07-06,2018-07-02,2655.0,2615.0,40.0,2.75,2759.820068359375,272.36,17.700000762939453,False,2018-07-02,272.36,False
2018-07-13,2018-07-09,2695.0,2655.0,40.0,0.4499999999999999,2801.31005859375,42.35999999999999,13.020000457763672,False,2018-07-09,42.35999999999999,False
2018-07-20,2018-07-16,2740.0,2700.0,40.0,0.8499999999999999,2801.830078125,82.35999999999999,12.770000457763672,False,2018-07-16,82.35999999999999,False
2018-07-27,2018-07-23,2740.0,2705.0,35.0,0.7,2818.820068359375,67.36,13.470000267028809,False,2018-07-23,67.36,False
2018-08-03,2018-07-30,2760.0,2720.0,40.0,1.6,2840.35009765625,157.36,13.630000114440918,False,2018-07-30,157.36,False
2018-08-10,2018-08-06,2780.0,2745.0,35.0,0.6500000000000001,2833.280029296875,62.360000000000014,11.90999984741211,False,2018-08-06,62.360000000000014,False
2018-08-17,2018-08-13,2775.0,2740.0,35.0,0.9500000000000002,2850.1298828125,92.36,14.5,False,2018-08-13,92.36,False
2018-08-24,2018-08-20,2795.0,2755.0,40.0,1.1,2874.68994140625,107.36,12.56999969482422,False,2018-08-20,107.36,False
2018-08-31,2018-08-27,2820.0,2785.0,35.0,0.4499999999999999,2901.52001953125,42.35999999999999,12.369999885559082,False,2018-08-27,42.35999999999999,False
2018-09-07,2018-09-04,2845.0,2815.0,30.0,0.9500000000000002,2871.679931640625,92.36,13.130000114440918,False,2018-09-04,92.36,False
2018-09-14,2018-09-10,2820.0,2785.0,35.0,0.95,2904.97998046875,92.36,15.09000015258789,False,2018-09-10,92.36,False
2018-09-21,2018-09-17,2855.0,2820.0,35.0,1.1,2929.669921875,107.36,12.720000267028809,False,2018-09-17,107.36,False
2018-09-28,2018-09-24,2875.0,2845.0,30.0,1.6,2913.97998046875,157.36,12.460000038146973,False,2018-09-24,157.36,False
2018-10-05,2018-10-01,2865.0,2830.0,35.0,0.4499999999999999,2885.570068359375,42.35999999999999,11.989999771118164,False,2018-10-01,42.35999999999999,False
2018-10-12,2018-10-08,2835.0,2800.0,35.0,3.0000000000000004,2767.1298828125,-3202.64,16.049999237060547,False,2018-10-08,-815.2800000000001,True
2018-10-19,2018-10-15,2705.0,2670.0,35.0,5.300000000000001,2767.780029296875,527.3600000000001,21.96999931335449,False,2018-10-15,527.3600000000001,False
2018-10-26,2018-10-22,2705.0,2670.0,35.0,4.4,2658.68994140625,-3062.64,19.3799991607666,False,2018-10-22,-705.2800000000002,True
2018-11-02,2018-10-29,2590.0,2550.0,40.0,2.8,2723.06005859375,277.36,24.479999542236328,False,2018-10-29,277.36,False
2018-11-09,2018-11-05,2650.0,2605.0,45.0,4.6000000000000005,2781.010009765625,457.36000000000007,20.57999992370605,False,2018-11-05,457.36000000000007,False
2018-11-16,2018-11-12,2705.0,2660.0,45.0,4.3,2736.27001953125,427.36,17.260000228881836,False,2018-11-12,-925.2799999999999,True
2018-11-23,2018-11-19,2660.0,2610.0,50.0,2.8000000000000003,2632.56005859375,-2466.634140625,18.780000686645508,False,2018-11-19,-1825.28,True
2018-11-30,2018-11-26,2550.0,2505.0,45.0,0.95,2760.169921875,92.36,20.780000686645508,False,2018-11-26,92.36,False
2018-12-07,2018-12-03,2675.0,2625.0,50.0,1.15,2633.080078125,-4079.6321875,16.040000915527344,False,2018-12-03,109.71999999999998,True
2018-12-14,2018-12-10,2545.0,2485.0,60.0,7.4,2599.949951171875,737.36,23.950000762939453,False,2018-12-10,737.36,False
2018-12-21,2018-12-17,2510.0,2450.0,60.0,5.9,2416.6201171875,-5412.64,22.36000061035156,False,2018-12-17,-1295.28,True
2018-12-28,2018-12-24,2320.0,2255.0,65.0,10.4,2485.739990234375,1037.3599999999997,29.290000915527344,False,2018-12-24,1037.3599999999997,False
2019-01-04,2018-12-31,2380.0,2320.0,60.0,3.1500000000000004,2531.93994140625,312.36000000000007,27.59000015258789,False,2018-12-31,312.36000000000007,False
2019-01-11,2019-01-07,2430.0,2365.0,65.0,2.45,2596.260009765625,242.36000000000004,22.059999465942383,False,2019-01-07,242.36000000000004,False
2019-01-18,2019-01-14,2495.0,2435.0,60.0,2.15,2670.7099609375,212.36,19.84000015258789,False,2019-01-14,212.36,False
2019-01-25,2019-01-22,2570.0,2505.0,65.0,1.15,2664.760009765625,112.36,18.530000686645508,False,2019-01-22,112.36,False
2019-02-01,2019-01-28,2565.0,2505.0,60.0,4.3500000000000005,2706.530029296875,432.36000000000007,18.559999465942383,False,2019-01-28,432.36000000000007,False
2019-02-08,2019-02-04,2610.0,2550.0,60.0,0.6,2707.8798828125,57.36,16.719999313354492,False,2019-02-04,57.36,False
2019-02-15,2019-02-11,2615.0,2555.0,60.0,1.2999999999999998,2775.60009765625,127.35999999999996,16.170000076293945,False,2019-02-11,127.35999999999996,False
2019-02-22,2019-02-19,2680.0,2625.0,55.0,0.3,2792.669921875,27.36,15.649999618530272,False,2019-02-19,27.36,False
2019-03-01,2019-02-25,2705.0,2650.0,55.0,0.3999999999999999,2803.68994140625,37.36,13.90999984741211,False,2019-02-25,37.36,False
2019-03-08,2019-03-04,2720.0,2665.0,55.0,0.4,2743.070068359375,37.36,13.770000457763672,False,2019-03-04,37.36,False
2019-03-15,2019-03-11,2655.0,2605.0,50.0,0.6000000000000001,2822.47998046875,57.36000000000001,16.280000686645508,False,2019-03-11,57.36000000000001,False
2019-03-22,2019-03-18,2735.0,2685.0,50.0,0.25,2800.7099609375,22.36,13.130000114440918,False,2019-03-18,22.36,False
2019-03-29,2019-03-25,2715.0,2665.0,50.0,3.5,2834.39990234375,347.36,17.760000228881836,False,2019-03-25,347.36,False
2019-04-05,2019-04-01,2755.0,2700.0,55.0,0.4499999999999999,2892.739990234375,42.35999999999999,13.899999618530272,False,2019-04-01,42.35999999999999,False
2019-04-12,2019-04-08,2815.0,2765.0,50.0,0.8,2907.409912109375,77.36,13.550000190734863,False,2019-04-08,77.36,False
2019-04-19,2019-04-15,2830.0,2785.0,45.0,0.35,2905.030029296875,32.36,12.460000038146973,False,2019-04-15,32.36,False
2019-04-26,2019-04-22,2830.0,2785.0,45.0,0.8,2939.8798828125,77.36,13.210000038146973,False,2019-04-22,77.36,False
2019-05-03,2019-04-29,2870.0,2825.0,45.0,1.1,2945.639892578125,107.36,13.039999961853027,False,2019-04-29,107.36,False
2019-05-24,2019-05-20,2785.0,2740.0,45.0,4.6000000000000005,2826.06005859375,457.36000000000007,15.880000114440918,False,2019-05-20,457.36000000000007,False
2019-05-31,2019-05-28,2750.0,2705.0,45.0,1.1,2752.06005859375,107.36,16.549999237060547,False,2019-05-28,-645.28,True
2019-06-07,2019-06-03,2675.0,2630.0,45.0,3.5500000000000003,2873.340087890625,352.36,19.40999984741211,False,2019-06-03,352.36,False
2019-06-14,2019-06-10,2790.0,2740.0,50.0,0.7500000000000001,2886.97998046875,72.36000000000001,16.299999237060547,False,2019-06-10,72.36000000000001,False
2019-06-21,2019-06-17,2810.0,2760.0,50.0,1.3,2950.4599609375,127.36,15.649999618530272,False,2019-06-17,127.36,False
2019-06-28,2019-06-24,2875.0,2825.0,50.0,1.3000000000000005,2941.760009765625,127.36000000000004,15.460000038146973,False,2019-06-24,127.36000000000004,False
2019-07-05,2019-07-01,2865.0,2820.0,45.0,0.1999999999999999,2990.409912109375,17.359999999999996,13.850000381469728,False,2019-07-01,17.359999999999996,False
2019-07-12,2019-07-08,2915.0,2870.0,45.0,1.5499999999999998,3013.77001953125,152.36,13.729999542236328,False,2019-07-08,152.36,False
2019-07-19,2019-07-15,2940.0,2895.0,45.0,0.5,2976.610107421875,47.36,12.579999923706056,False,2019-07-15,47.36,False
2019-07-26,2019-07-22,2905.0,2865.0,40.0,0.95,3025.860107421875,92.36,14.550000190734863,False,2019-07-22,92.36,False
2019-08-02,2019-07-29,2955.0,2915.0,40.0,2.25,2932.050048828125,-2072.6351171875,12.149999618530272,False,2019-07-29,-870.28,True
2019-08-16,2019-08-12,2845.0,2795.0,50.0,6.7,2888.679931640625,667.36,17.8700008392334,False,2019-08-12,-1025.28,True
2019-08-23,2019-08-19,2810.0,2760.0,50.0,1.2,2847.110107421875,117.36,17.93000030517578,False,2019-08-19,117.36,False
2019-08-30,2019-08-26,2765.0,2720.0,45.0,3.05,2926.4599609375,302.36,20.34000015258789,False,2019-08-26,302.36,False
2019-09-06,2019-09-03,2845.0,2795.0,50.0,3.7,2978.7099609375,367.36,20.959999084472656,False,2019-09-03,367.36,False
2019-09-13,2019-09-09,2895.0,2845.0,50.0,0.8499999999999999,3007.389892578125,82.35999999999999,15.260000228881836,False,2019-09-09,82.35999999999999,False
2019-09-20,2019-09-16,2925.0,2875.0,50.0,1.75,2992.070068359375,172.36,14.890000343322754,False,2019-09-16,172.36,False
2019-09-27,2019-09-23,2915.0,2865.0,50.0,1.7000000000000002,2961.7900390625,167.36000000000004,15.350000381469728,False,2019-09-23,167.36000000000004,False
2019-10-04,2019-09-30,2885.0,2840.0,45.0,1.65,2952.010009765625,162.36,17.229999542236328,False,2019-09-30,-1150.28,True
2019-10-11,2019-10-07,2870.0,2820.0,50.0,4.6,2970.27001953125,457.36,18.270000457763672,False,2019-10-07,457.36,False
2019-10-18,2019-10-14,2890.0,2835.0,55.0,2.15,2986.199951171875,212.36,15.65999984741211,False,2019-10-14,212.36,False
2019-10-25,2019-10-21,2905.0,2855.0,50.0,0.5,3022.550048828125,47.36,14.239999771118164,False,2019-10-21,47.36,False
2019-11-01,2019-10-28,2945.0,2900.0,45.0,0.3999999999999999,3066.909912109375,37.36,13.010000228881836,False,2019-10-28,37.36,False
2019-11-08,2019-11-04,2990.0,2945.0,45.0,0.35,3093.080078125,32.36,12.68000030517578,False,2019-11-04,32.36,False
2019-11-15,2019-11-11,3020.0,2975.0,45.0,1.0,3120.4599609375,97.36,13.149999618530272,False,2019-11-11,97.36,False
2019-11-22,2019-11-18,3050.0,3010.0,40.0,1.25,3110.2900390625,122.36,12.390000343322754,False,2019-11-18,122.36,False
2019-11-29,2019-11-25,3045.0,3000.0,45.0,0.2,3140.97998046875,17.360000000000007,12.510000228881836,False,2019-11-25,17.360000000000007,False
2019-12-06,2019-12-02,3075.0,3035.0,40.0,2.25,3145.91,222.36,12.69,False,2019-12-02,-1160.28,True
2019-12-13,2019-12-09,3080.0,3040.0,40.0,1.65,3168.8,162.36,14.25,False,2019-12-09,162.36,False
2019-12-20,2019-12-16,3105.0,3060.0,45.0,0.5499999999999998,3221.22,52.35999999999999,12.47,False,2019-12-16,52.35999999999999,False
2019-12-27,2019-12-23,3155.0,3115.0,40.0,0.4,3240.02,37.36,12.81,False,2019-12-23,37.36,False
2020-01-03,2019-12-30,3175.0,3140.0,35.0,2.2,3234.85,217.36000000000004,13.74,False,2019-12-30,217.36000000000004,False
2020-01-17,2020-01-13,3205.0,3165.0,40.0,1.2500000000000002,3329.62,122.36000000000004,12.84,False,2020-01-13,122.36000000000004,False
2020-01-24,2020-01-21,3265.0,3230.0,35.0,1.05,3295.47,102.36,13.23,False,2020-01-21,102.36,False
2020-02-07,2020-02-03,3160.0,3125.0,35.0,1.6,3327.71,157.36,18.64,False,2020-02-03,157.36,False
2020-02-14,2020-02-10,3260.0,3220.0,40.0,2.45,3380.16,242.36000000000004,15.88,False,2020-02-10,242.36000000000004,False
2020-02-21,2020-02-18,3315.0,3270.0,45.0,2.1,3337.75,207.36,14.98,False,2020-02-18,207.36,False
2020-03-06,2020-03-02,2855.0,2800.0,55.0,5.900000000000002,2972.37,587.3600000000002,38.54,False,2020-03-02,587.3600000000002,False
2020-04-03,2020-03-30,2365.0,2255.0,110.0,12.7,2488.65,1267.36,66.3,False,2020-03-30,1267.36,False
2020-04-10,2020-04-06,2310.0,2200.0,110.0,1.4,2789.82,137.36,44.17,False,2020-04-06,137.36,False
2020-04-17,2020-04-13,2600.0,2485.0,115.0,10.9,2874.56,1087.3599999999997,44.6,False,2020-04-13,1087.3599999999997,False
2020-04-24,2020-04-20,2690.0,2575.0,115.0,9.1,2836.74,907.36,40.68,False,2020-04-20,907.36,False
2020-05-01,2020-04-27,2650.0,2535.0,115.0,1.2999999999999998,2830.71,127.35999999999996,36.29,False,2020-04-27,127.35999999999996,False
2020-05-08,2020-05-04,2650.0,2535.0,115.0,5.6,2929.8,557.36,39.13,False,2020-05-04,557.36,False
2020-05-15,2020-05-11,2750.0,2640.0,110.0,2.9,2863.7,287.36,28.46,False,2020-05-11,287.36,False
2020-05-22,2020-05-18,2685.0,2575.0,110.0,0.65,2955.45,62.36,30.71,False,2020-05-18,62.36,False
2020-05-29,2020-05-26,2780.0,2675.0,105.0,0.25,3044.31,22.36,27.72,False,2020-05-26,22.36,False
2020-06-05,2020-06-01,2875.0,2770.0,105.0,2.95,3193.93,292.36,28.94,False,2020-06-01,292.36,False
2020-06-12,2020-06-08,3025.0,2915.0,110.0,1.3,3041.31,127.36,25.56,False,2020-06-08,-1645.2799999999997,True
2020-06-26,2020-06-22,2920.0,2810.0,110.0,4.05,3009.05,402.36,35.22,False,2020-06-22,402.36,False
2020-07-03,2020-06-29,2835.0,2725.0,110.0,2.95,3130.01,292.36,35.05,False,2020-06-29,292.36,False
2020-07-10,2020-07-06,2955.0,2845.0,110.0,0.7499999999999999,3185.04,72.35999999999999,27.76,False,2020-07-06,72.35999999999999,False
2020-07-17,2020-07-13,3020.0,2915.0,105.0,1.6,3224.73,157.36,27.85,False,2020-07-13,157.36,False
2020-07-24,2020-07-20,3060.0,2960.0,100.0,1.7000000000000002,3215.63,167.36000000000004,26.94,False,2020-07-20,167.36000000000004,False
2020-07-31,2020-07-27,3060.0,2960.0,100.0,1.45,3271.12,142.36,26.6,False,2020-07-27,142.36,False
2020-08-07,2020-08-03,3120.0,3025.0,95.0,1.3000000000000005,3351.28,127.36000000000004,25.75,False,2020-08-03,127.36000000000004,False
2020-08-14,2020-08-10,3205.0,3115.0,90.0,1.2000000000000002,3372.85,117.36,22.88,False,2020-08-10,117.36,False
2020-08-21,2020-08-17,3235.0,3145.0,90.0,0.9,3397.16,87.36,22.52,False,2020-08-17,87.36,False
2020-08-28,2020-08-24,3265.0,3180.0,85.0,0.85,3508.01,82.36,22.87,False,2020-08-24,82.36,False
2020-09-04,2020-08-31,3375.0,3295.0,80.0,2.15,3426.96,212.36,23.91,False,2020-08-31,-1680.2800000000004,True
2020-09-18,2020-09-14,3205.0,3120.0,85.0,2.05,3319.47,202.36,25.86,False,2020-09-14,202.36,False
2020-10-02,2020-09-28,3160.0,3080.0,80.0,2.0,3348.42,197.36,27.15,False,2020-09-28,197.36,False
2020-10-09,2020-10-05,3215.0,3135.0,80.0,2.05,3477.14,202.36,29.52,False,2020-10-05,202.36,False
2020-10-16,2020-10-12,3345.0,3260.0,85.0,1.1,3483.81,107.36,25.65,False,2020-10-12,107.36,False
2020-10-23,2020-10-19,3350.0,3270.0,80.0,2.25,3465.39,222.36,27.36,False,2020-10-19,222.36,False
2020-10-30,2020-10-26,3335.0,3260.0,75.0,5.699999999999999,3269.96,-5936.639999999997,29.38,False,2020-10-26,564.7199999999999,True
2020-11-06,2020-11-02,3135.0,3050.0,85.0,6.0,3509.44,597.36,38.57,False,2020-11-02,597.36,False
2020-11-13,2020-11-09,3365.0,3275.0,90.0,0.8999999999999999,3585.15,87.35999999999999,24.8,False,2020-11-09,87.35999999999999,False
2020-11-20,2020-11-16,3440.0,3350.0,90.0,1.75,3557.54,172.36,23.66,False,2020-11-16,172.36,False
2020-11-27,2020-11-23,3420.0,3330.0,90.0,0.6000000000000001,3638.35,57.36000000000001,23.66,False,2020-11-23,57.36000000000001,False
2020-12-04,2020-11-30,3500.0,3420.0,80.0,2.85,3699.12,282.36,22.64,False,2020-11-30,282.36,False
2020-12-11,2020-12-07,3565.0,3480.0,85.0,1.7,3663.46,167.36,22.04,False,2020-12-07,167.36,False
2020-12-18,2020-12-14,3535.0,3455.0,80.0,1.15,3709.41,112.36,22.67,False,2020-12-14,112.36,False
2020-12-25,2020-12-21,3585.0,3505.0,80.0,7.500000000000001,3703.06,747.3600000000001,24.25,False,2020-12-21,747.3600000000001,False
2021-01-01,2020-12-28,3580.0,3505.0,75.0,0.6499999999999999,3756.07,62.35999999999999,22.11,False,2020-12-28,62.35999999999999,False
2021-01-08,2021-01-04,3640.0,3565.0,75.0,5.4,3824.68,537.36,23.04,False,2021-01-04,537.36,False
2021-01-15,2021-01-11,3705.0,3630.0,75.0,5.1000000000000005,3768.25,507.36000000000007,23.31,False,2021-01-11,507.36000000000007,False
2021-01-22,2021-01-19,3650.0,3575.0,75.0,2.15,3841.47,212.36,23.03,False,2021-01-19,212.36,False
2021-01-29,2021-01-25,3725.0,3655.0,70.0,2.7,3714.24,-808.6400000000219,22.31,False,2021-01-25,-1655.2799999999995,True
2021-02-05,2021-02-01,3595.0,3520.0,75.0,6.9,3886.83,687.36,31.45,False,2021-02-01,687.36,False
2021-02-12,2021-02-08,3760.0,3685.0,75.0,1.3,3934.83,127.36,21.89,False,2021-02-08,127.36,False
2021-02-19,2021-02-16,3815.0,3740.0,75.0,1.45,3906.71,142.36,21.13,False,2021-02-16,142.36,False
2021-02-26,2021-02-22,3790.0,3720.0,70.0,5.1000000000000005,3811.15,507.36000000000007,24.46,False,2021-02-22,-1185.2799999999997,True
2021-03-05,2021-03-01,3695.0,3620.0,75.0,2.65,3841.94,262.36,25.2,False,2021-03-01,262.36,False
2021-03-12,2021-03-08,3720.0,3645.0,75.0,7.1,3943.34,707.36,27.61,False,2021-03-08,707.36,False
2021-03-19,2021-03-15,3820.0,3745.0,75.0,3.05,3913.1,302.36,21.84,False,2021-03-15,302.36,False
2021-03-26,2021-03-22,3790.0,3715.0,75.0,2.1500000000000004,3974.54,212.36000000000004,21.91,False,2021-03-22,212.36000000000004,False
2021-04-02,2021-03-29,3850.0,3775.0,75.0,3.4,4019.87,337.36,20.4,False,2021-03-29,337.36,False
2021-04-09,2021-04-05,3900.0,3825.0,75.0,0.7,4128.8,67.36,18.16,False,2021-04-05,67.36,False
2021-04-16,2021-04-12,4010.0,3935.0,75.0,1.8,4185.47,177.36,17.43,False,2021-04-12,177.36,False
2021-04-23,2021-04-19,4070.0,4000.0,70.0,1.8000000000000005,4180.17,177.36000000000004,17.04,False,2021-04-19,177.36000000000004,False
2021-04-30,2021-04-26,4070.0,4000.0,70.0,1.95,4181.17,192.36,17.94,False,2021-04-26,192.36,False
2021-05-07,2021-05-03,4075.0,4005.0,70.0,1.15,4232.6,112.36,18.65,False,2021-05-03,112.36,False
2021-05-14,2021-05-10,4125.0,4060.0,65.0,2.4,4173.85,237.36,17.34,False,2021-05-10,-1615.2800000000004,True
2021-05-21,2021-05-17,4060.0,3990.0,70.0,5.7,4155.86,567.36,19.89,False,2021-05-17,-1385.28,True
2021-05-28,2021-05-24,4040.0,3970.0,70.0,1.75,4204.11,172.36,20.5,False,2021-05-24,172.36,False
2021-06-04,2021-06-01,4095.0,4025.0,70.0,0.95,4229.89,92.36,17.24,False,2021-06-01,92.36,False
2021-06-11,2021-06-07,4125.0,4055.0,70.0,1.6,4247.44,157.36,17.34,False,2021-06-07,157.36,False
2021-06-18,2021-06-14,4145.0,4080.0,65.0,2.0,4166.45,197.36,16.04,False,2021-06-14,197.36,False
2021-06-25,2021-06-21,4065.0,4000.0,65.0,2.8,4280.7,277.36,21.74,False,2021-06-21,277.36,False
2021-07-02,2021-06-28,4180.0,4115.0,65.0,1.1999999999999995,4352.34,117.35999999999996,16.07,False,2021-06-28,117.35999999999996,False
2021-07-09,2021-07-06,4250.0,4190.0,60.0,0.95,4369.55,92.36,15.77,False,2021-07-06,92.36,False
2021-07-16,2021-07-12,4270.0,4210.0,60.0,2.1000000000000005,4327.16,207.36000000000007,16.85,False,2021-07-12,207.36000000000007,False
2021-07-30,2021-07-26,4310.0,4245.0,65.0,2.7,4395.26,267.36,18.67,False,2021-07-26,267.36,False
2021-08-06,2021-08-02,4295.0,4230.0,65.0,1.7499999999999998,4436.52,172.36,18.16,False,2021-08-02,172.36,False
2021-08-13,2021-08-09,4340.0,4275.0,65.0,2.25,4468.0,222.36,17.12,False,2021-08-09,222.36,False
2021-08-20,2021-08-16,4375.0,4315.0,60.0,3.4,4441.67,337.36,17.05,False,2021-08-16,334.72,True
2021-08-27,2021-08-23,4345.0,4285.0,60.0,1.35,4509.37,132.36,18.83,False,2021-08-23,132.36,False
2021-09-03,2021-08-30,4415.0,4355.0,60.0,1.3,4535.43,127.36,16.77,False,2021-08-30,127.36,False
2021-09-10,2021-09-07,4445.0,4390.0,55.0,1.95,4458.58,192.36,16.94,False,2021-09-07,192.36,False
2021-09-17,2021-09-13,4370.0,4315.0,55.0,3.1999999999999997,4432.99,317.36,19.64,False,2021-09-13,317.36,False
2021-10-01,2021-09-27,4365.0,4305.0,60.0,4.4,4357.04,-358.6400000000037,17.78,False,2021-09-27,-1375.2799999999997,True
2021-10-08,2021-10-04,4260.0,4200.0,60.0,8.0,4391.34,797.36,22.9,False,2021-10-04,797.36,False
2021-10-15,2021-10-11,4290.0,4225.0,65.0,3.8,4471.37,377.36,19.93,False,2021-10-11,377.36,False
2021-10-22,2021-10-18,4365.0,4300.0,65.0,3.1000000000000005,4544.9,307.36000000000007,17.29,False,2021-10-18,307.36000000000007,False
2021-10-29,2021-10-25,4440.0,4375.0,65.0,1.65,4605.38,162.36,16.14,False,2021-10-25,162.36,False
2021-11-05,2021-11-01,4500.0,4440.0,60.0,1.25,4697.53,122.36,16.85,False,2021-11-01,122.36,False
2021-11-12,2021-11-08,4595.0,4530.0,65.0,1.7999999999999998,4682.85,177.36,17.23,False,2021-11-08,177.36,False
2021-11-19,2021-11-15,4580.0,4515.0,65.0,1.4499999999999995,4697.96,142.36,17.03,False,2021-11-15,142.36,False
2021-11-26,2021-11-22,4600.0,4540.0,60.0,0.3499999999999998,4594.62,-505.64000000001096,18.2,False,2021-11-22,-910.2800000000001,True
2021-12-03,2021-11-29,4490.0,4430.0,60.0,3.7,4538.43,367.36,25.31,False,2021-11-29,367.36,False
2021-12-10,2021-12-06,4430.0,4365.0,65.0,7.200000000000001,4712.02,717.3600000000001,28.99,False,2021-12-06,717.3600000000001,False
2021-12-17,2021-12-13,4600.0,4530.0,70.0,6.6,4620.64,657.36,19.29,False,2021-12-13,657.36,False
2021-12-31,2021-12-27,4605.0,4530.0,75.0,1.6,4766.18,157.36,19.37,False,2021-12-27,157.36,False
2022-01-07,2022-01-03,4650.0,4575.0,75.0,2.1,4677.03,207.36,17.6,False,2022-01-03,207.36,False
2022-01-14,2022-01-10,4555.0,4480.0,75.0,13.5,4662.85,1347.36,19.58,False,2022-01-10,1347.36,False
2022-02-04,2022-01-31,4290.0,4205.0,85.0,8.8,4500.53,877.3600000000001,28.36,False,2022-01-31,877.3600000000001,False
2022-02-11,2022-02-07,4355.0,4265.0,90.0,5.0,4418.64,497.36,24.09,False,2022-02-07,497.36,False
2022-02-18,2022-02-14,4270.0,4180.0,90.0,10.0,4348.87,997.36,29.17,False,2022-02-14,997.36,False
2022-03-04,2022-02-28,4225.0,4130.0,95.0,13.1,4328.87,1307.36,32.44,False,2022-02-28,1307.36,False
2022-03-11,2022-03-07,4175.0,4075.0,100.0,16.6,4204.31,1657.36,35.88,False,2022-03-07,-2105.2799999999993,True
2022-03-18,2022-03-14,4045.0,3950.0,95.0,8.3,4463.12,827.3600000000001,31.03,False,2022-03-14,827.3600000000001,False
2022-03-25,2022-03-21,4295.0,4190.0,105.0,5.65,4543.06,562.36,25.14,False,2022-03-21,562.36,False
2022-04-01,2022-03-28,4380.0,4275.0,105.0,2.45,4545.86,242.36,22.14,False,2022-03-28,242.36,False
2022-04-08,2022-04-04,4385.0,4285.0,100.0,0.7,4488.28,67.36,20.75,False,2022-04-04,67.36,False
2022-04-15,2022-04-11,4330.0,4230.0,100.0,4.35,4392.59,432.36,23.09,False,2022-04-11,432.36,False
2022-04-22,2022-04-18,4235.0,4140.0,95.0,3.9,4271.78,387.36,24.52,False,2022-04-18,387.36,False
2022-04-29,2022-04-25,4110.0,4010.0,100.0,14.7,4131.93,1467.36,30.04,False,2022-04-25,1467.36,False
2022-05-06,2022-05-02,3965.0,3865.0,100.0,7.000000000000002,4123.34,697.3600000000002,33.35,False,2022-05-02,697.3600000000002,False
2022-05-20,2022-05-16,3845.0,3740.0,105.0,10.3,3901.36,1027.36,30.01,False,2022-05-16,-410.27999999999986,True
2022-06-03,2022-05-31,3965.0,3850.0,115.0,5.6,4108.54,557.36,27.47,False,2022-05-31,557.36,False
2022-06-10,2022-06-06,3925.0,3810.0,115.0,1.95,3900.86,-2221.639999999987,25.37,False,2022-06-06,-2010.28,True
2022-07-01,2022-06-27,3710.0,3590.0,120.0,4.15,3825.33,412.36,28.3,False,2022-06-27,412.36,False
2022-07-08,2022-07-05,3625.0,3500.0,125.0,7.05,3899.38,702.36,27.37,False,2022-07-05,702.36,False
2022-07-15,2022-07-11,3700.0,3580.0,120.0,5.05,3863.16,502.36,26.42,False,2022-07-11,502.36,False
2022-07-22,2022-07-18,3665.0,3545.0,120.0,0.7999999999999999,3961.63,77.36,24.83,False,2022-07-18,77.36,False
2022-07-29,2022-07-25,3765.0,3645.0,120.0,2.85,4130.29,282.36,24.33,False,2022-07-25,282.36,False
2022-08-05,2022-08-01,3930.0,3810.0,120.0,1.65,4145.19,162.36,22.41,False,2022-08-01,162.36,False
2022-08-12,2022-08-08,3955.0,3835.0,120.0,1.05,4280.15,102.36,21.74,False,2022-08-08,102.36,False
2022-08-19,2022-08-15,4090.0,3975.0,115.0,1.15,4228.48,112.36,20.74,False,2022-08-15,112.36,False
2022-08-26,2022-08-22,4045.0,3930.0,115.0,5.85,4057.66,582.36,22.41,False,2022-08-22,582.36,False
2022-09-02,2022-08-29,3875.0,3760.0,115.0,6.15,3924.26,612.36,26.86,False,2022-08-29,612.36,False
2022-09-09,2022-09-06,3745.0,3630.0,115.0,2.6,4067.36,257.36,25.46,False,2022-09-06,257.36,False
2022-09-16,2022-09-12,3885.0,3775.0,110.0,1.6,3873.33,-1009.6400000000071,23.58,False,2022-09-12,-1840.2799999999997,True
2022-09-23,2022-09-19,3685.0,3570.0,115.0,5.9,3693.23,587.36,27.69,False,2022-09-19,-895.28,True
2022-09-30,2022-09-26,3500.0,3380.0,120.0,5.9,3585.62,587.36,31.74,False,2022-09-26,587.36,False
2022-10-07,2022-10-03,3395.0,3275.0,120.0,2.4,3639.66,237.36,33.0,False,2022-10-03,237.36,False
2022-10-14,2022-10-10,3445.0,3325.0,120.0,6.050000000000001,3583.07,602.3600000000001,32.93,False,2022-10-10,602.3600000000001,False
2022-10-21,2022-10-17,3390.0,3270.0,120.0,1.0,3752.75,97.36,32.27,False,2022-10-17,97.36,False
2022-10-28,2022-10-24,3560.0,3440.0,120.0,2.65,3901.06,262.36,30.65,False,2022-10-24,262.36,False
2022-11-04,2022-10-31,3710.0,3590.0,120.0,8.25,3770.55,822.36,26.91,False,2022-10-31,-2320.28,True
2022-11-11,2022-11-07,3575.0,3460.0,115.0,4.15,3992.93,412.36000000000007,25.67,False,2022-11-07,412.36000000000007,False
2022-11-18,2022-11-14,3795.0,3675.0,120.0,2.0,3965.34,197.36,23.99,False,2022-11-14,197.36,False
2022-11-25,2022-11-21,3775.0,3655.0,120.0,0.3999999999999999,4026.12,37.36,24.05,False,2022-11-21,37.36,False
2022-12-02,2022-11-28,3840.0,3725.0,115.0,2.55,4071.7,252.36,22.09,False,2022-11-28,252.36,False
2022-12-09,2022-12-05,3885.0,3775.0,110.0,1.1,3934.38,107.36,20.3,False,2022-12-05,107.36,False
2022-12-16,2022-12-12,3750.0,3640.0,110.0,5.15,3852.36,512.36,24.4,False,2022-12-12,512.36,False
2022-12-30,2022-12-27,3660.0,3545.0,115.0,1.5500000000000005,3839.5,152.36000000000004,21.67,False,2022-12-27,152.36000000000004,False
2023-01-06,2023-01-03,3665.0,3555.0,110.0,1.5,3895.08,147.36,23.09,False,2023-01-03,147.36,False
2023-01-20,2023-01-17,3830.0,3725.0,105.0,0.7,3972.61,67.36,19.89,False,2023-01-17,67.36,False
2023-01-27,2023-01-23,3805.0,3705.0,100.0,0.7,4070.56,67.36,20.21,False,2023-01-23,67.36,False
2023-02-03,2023-01-30,3905.0,3805.0,100.0,4.8,4136.48,477.36,19.76,False,2023-01-30,477.36,False
2023-02-10,2023-02-06,3970.0,3870.0,100.0,2.4,4090.46,237.36,19.23,False,2023-02-06,237.36,False
2023-02-17,2023-02-13,3930.0,3830.0,100.0,3.8,4079.09,377.36,21.66,False,2023-02-13,377.36,False
2023-02-24,2023-02-21,3920.0,3825.0,95.0,4.5,3970.04,447.36,21.8,False,2023-02-21,447.36,False
2023-03-03,2023-02-27,3815.0,3715.0,100.0,0.45,4045.64,42.36000000000001,21.99,False,2023-02-27,42.36000000000001,False
2023-03-10,2023-03-06,3890.0,3795.0,95.0,1.35,3861.59,-2708.6399999999853,19.05,False,2023-03-06,-1605.28,True
2023-03-17,2023-03-13,3700.0,3605.0,95.0,8.1,3916.64,807.36,24.05,False,2023-03-13,807.36,False
2023-03-24,2023-03-20,3755.0,3660.0,95.0,5.8,3970.99,577.36,27.77,False,2023-03-20,577.36,False
2023-03-31,2023-03-27,3815.0,3715.0,100.0,2.1,4109.31,207.36,22.05,False,2023-03-27,207.36,False
2023-04-07,2023-04-03,3950.0,3855.0,95.0,0.5,4105.02,47.36,19.79,False,2023-04-03,47.36,False
2023-04-14,2023-04-10,3955.0,3860.0,95.0,3.9,4137.64,387.36,19.39,False,2023-04-10,387.36,False
2023-04-21,2023-04-17,3990.0,3900.0,90.0,0.8500000000000001,4133.52,82.36000000000001,17.58,False,2023-04-17,82.36000000000001,False
2023-04-28,2023-04-24,3995.0,3905.0,90.0,1.1,4169.48,107.36,18.22,False,2023-04-24,107.36,False
2023-05-05,2023-05-01,4030.0,3945.0,85.0,1.7999999999999998,4136.25,177.36,16.41,False,2023-05-01,177.36,False
2023-05-12,2023-05-08,4000.0,3910.0,90.0,2.4,4124.08,237.36,17.73,False,2023-05-08,237.36,False
2023-05-19,2023-05-15,3990.0,3910.0,80.0,1.9,4191.98,187.36,17.44,False,2023-05-15,187.36,False
2023-05-26,2023-05-22,4060.0,3980.0,80.0,1.4,4205.45,137.36,17.45,False,2023-05-22,137.36,False
2023-06-02,2023-05-30,4075.0,3995.0,80.0,1.2000000000000002,4282.37,117.36,17.56,False,2023-05-30,117.36,False
2023-06-09,2023-06-05,4155.0,4075.0,80.0,0.7000000000000001,4298.86,67.36,15.28,False,2023-06-05,67.36,False
2023-06-16,2023-06-12,4175.0,4100.0,75.0,1.1999999999999995,4409.59,117.35999999999996,14.44,False,2023-06-12,117.35999999999996,False
2023-06-23,2023-06-20,4285.0,4205.0,80.0,0.8,4348.33,77.36,14.36,False,2023-06-20,77.36,False
2023-06-30,2023-06-26,4225.0,4150.0,75.0,0.6500000000000001,4450.38,62.360000000000014,14.43,False,2023-06-26,62.360000000000014,False
2023-07-07,2023-07-03,4330.0,4255.0,75.0,0.55,4398.95,52.36000000000001,13.85,False,2023-07-03,52.36000000000001,False
2023-07-14,2023-07-10,4280.0,4205.0,75.0,1.2500000000000002,4505.42,122.36000000000004,16.08,False,2023-07-10,122.36000000000004,False
2023-07-21,2023-07-17,4385.0,4310.0,75.0,0.4499999999999999,4536.34,42.35999999999999,13.78,False,2023-07-17,42.35999999999999,False
2023-07-28,2023-07-24,4420.0,4350.0,70.0,1.15,4582.23,112.36,14.29,False,2023-07-24,112.36,False
2023-08-04,2023-07-31,4470.0,4400.0,70.0,1.1999999999999995,4478.03,117.35999999999996,13.98,False,2023-07-31,117.35999999999996,False
2023-08-11,2023-08-07,4365.0,4295.0,70.0,1.6999999999999995,4464.05,167.36,16.9,False,2023-08-07,167.36,False
2023-08-18,2023-08-14,4350.0,4285.0,65.0,2.5,4369.71,247.36,15.88,False,2023-08-14,-1035.28,True
2023-08-25,2023-08-21,4255.0,4185.0,70.0,1.75,4405.71,172.36,18.03,False,2023-08-21,172.36,False
2023-09-01,2023-08-28,4290.0,4220.0,70.0,0.95,4515.77,92.36,16.24,False,2023-08-28,92.36,False
2023-09-08,2023-09-05,4400.0,4330.0,70.0,0.9,4457.49,87.36,14.15,False,2023-09-05,87.36,False
2023-09-15,2023-09-11,4345.0,4275.0,70.0,1.05,4450.32,102.36,14.17,False,2023-09-11,102.36,False
2023-09-22,2023-09-18,4340.0,4270.0,70.0,1.8,4320.06,-1816.63999999996,14.4,False,2023-09-18,-1115.28,True
2023-09-29,2023-09-25,4205.0,4135.0,70.0,3.9,4288.05,387.36000000000007,17.25,False,2023-09-25,387.36000000000007,False
2023-10-06,2023-10-02,4175.0,4105.0,70.0,3.8,4308.5,377.36,17.31,False,2023-10-02,377.36,False
2023-10-13,2023-10-09,4195.0,4130.0,65.0,4.15,4327.78,412.36000000000007,19.54,False,2023-10-09,412.36000000000007,False
2023-10-20,2023-10-16,4215.0,4150.0,65.0,2.05,4224.16,202.36,19.1,False,2023-10-16,202.36,False
2023-10-27,2023-10-23,4110.0,4040.0,70.0,5.0,4117.37,497.36,21.83,False,2023-10-23,-225.28000000000003,True
2023-11-03,2023-10-30,4000.0,3925.0,75.0,2.5,4358.34,247.36,21.13,False,2023-10-30,247.36,False
2023-11-10,2023-11-06,4230.0,4150.0,80.0,1.3,4415.24,127.36,15.39,False,2023-11-06,127.36,False
2023-11-17,2023-11-13,4290.0,4215.0,75.0,1.95,4514.02,192.36000000000004,15.16,False,2023-11-13,192.36000000000004,False
2023-11-24,2023-11-20,4390.0,4315.0,75.0,0.2499999999999999,4559.34,22.359999999999992,14.26,False,2023-11-20,22.359999999999992,False
2023-12-01,2023-11-27,4440.0,4365.0,75.0,0.5,4594.63,47.36,13.14,False,2023-11-27,47.36,False
2023-12-15,2023-12-11,4495.0,4425.0,70.0,1.85,4719.19,182.36,13.05,False,2023-12-11,182.36,False
2023-12-22,2023-12-18,4605.0,4535.0,70.0,0.4499999999999999,4754.63,42.35999999999999,12.62,False,2023-12-18,42.35999999999999,False
2023-12-29,2023-12-26,4645.0,4575.0,70.0,0.6000000000000001,4769.83,57.36000000000001,13.77,False,2023-12-26,57.36000000000001,False
2024-01-05,2024-01-02,4665.0,4595.0,70.0,2.7,4697.24,267.36,13.22,False,2024-01-02,267.36,False
2024-01-12,2024-01-08,4590.0,4525.0,65.0,1.15,4783.83,112.36,14.0,False,2024-01-08,112.36,False
2024-01-19,2024-01-16,4680.0,4615.0,65.0,2.2,4839.81,217.36000000000004,14.12,False,2024-01-16,217.36000000000004,False
2024-01-26,2024-01-22,4735.0,4665.0,70.0,0.8500000000000001,4890.97,82.36000000000001,13.77,False,2024-01-22,82.36000000000001,False
2024-02-02,2024-01-29,4785.0,4725.0,60.0,2.6,4958.61,257.36,13.98,False,2024-01-29,257.36,False
2024-02-09,2024-02-05,4855.0,4785.0,70.0,2.3,5026.61,227.36,14.37,False,2024-02-05,227.36,False
2024-02-16,2024-02-12,4920.0,4855.0,65.0,1.65,5005.57,162.36,13.48,False,2024-02-12,-1580.2799999999997,True
2024-02-23,2024-02-20,4900.0,4830.0,70.0,4.800000000000001,5088.8,477.36000000000007,15.09,False,2024-02-20,477.36000000000007,False
2024-03-01,2024-02-26,4975.0,4910.0,65.0,1.5,5137.08,147.36,14.17,False,2024-02-26,147.36,False
2024-03-08,2024-03-04,5025.0,4960.0,65.0,1.8,5123.69,177.36,13.49,False,2024-03-04,177.36,False
2024-03-15,2024-03-11,5010.0,4945.0,65.0,6.1,5117.09,607.36,15.51,False,2024-03-11,607.36,False
2024-03-22,2024-03-18,5005.0,4940.0,65.0,1.6,5234.18,157.36,14.75,False,2024-03-18,157.36,False
2024-03-29,2024-03-25,5120.0,5050.0,70.0,0.7999999999999999,5254.35,77.36,13.67,False,2024-03-25,77.36,False
2024-04-05,2024-04-01,5145.0,5080.0,65.0,1.15,5204.34,112.36,13.61,False,2024-04-01,-1650.2800000000002,True
2024-04-12,2024-04-08,5095.0,5025.0,70.0,4.6,5123.41,457.36,16.24,False,2024-04-08,457.36,False
2024-04-19,2024-04-15,5015.0,4945.0,70.0,1.95,4967.23,-4584.640000000044,16.94,False,2024-04-15,-2080.28,True
2024-04-26,2024-04-22,4850.0,4775.0,75.0,3.1,5099.96,307.36,18.59,False,2024-04-22,307.36,False
2024-05-03,2024-04-29,4980.0,4905.0,75.0,3.7,5127.79,367.36,15.37,False,2024-04-29,367.36,False
2024-05-10,2024-05-06,5010.0,4935.0,75.0,0.8,5222.68,77.36,13.98,False,2024-05-06,77.36,False
2024-05-17,2024-05-13,5105.0,5030.0,75.0,2.3,5303.27,227.36,13.26,False,2024-05-13,227.36,False
2024-05-24,2024-05-20,5185.0,5110.0,75.0,0.8,5304.72,77.36,12.27,False,2024-05-20,77.36,False
2024-05-31,2024-05-28,5190.0,5115.0,75.0,1.1,5277.51,107.36,12.51,False,2024-05-28,-490.2799999999999,True
2024-06-07,2024-06-03,5160.0,5090.0,70.0,1.6,5346.99,157.36,13.08,False,2024-06-03,157.36,False
2024-06-14,2024-06-10,5230.0,5155.0,75.0,4.4,5431.6,437.36000000000007,13.09,False,2024-06-10,437.36000000000007,False
2024-06-21,2024-06-17,5315.0,5240.0,75.0,1.7500000000000002,5464.62,172.36000000000004,13.07,False,2024-06-17,172.36000000000004,False
2024-06-28,2024-06-24,5350.0,5275.0,75.0,1.2,5460.48,117.36,13.85,False,2024-06-24,117.36,False
2024-07-05,2024-07-01,5345.0,5275.0,70.0,0.9,5567.19,87.36,12.98,False,2024-07-01,87.36,False
2024-07-12,2024-07-08,5455.0,5380.0,75.0,1.2499999999999998,5615.35,122.35999999999996,12.91,False,2024-07-08,122.35999999999996,False
2024-07-19,2024-07-15,5500.0,5435.0,65.0,0.8499999999999999,5505.0,82.35999999999999,12.78,False,2024-07-15,-515.2800000000001,True
2024-07-26,2024-07-22,5390.0,5315.0,75.0,1.5499999999999998,5459.1,152.36,16.79,False,2024-07-22,152.36,False
2024-08-02,2024-07-29,5335.0,5260.0,75.0,4.85,5346.56,482.36,16.59,False,2024-07-29,-1570.28,True
2024-08-16,2024-08-12,5205.0,5115.0,90.0,9.599999999999998,5554.25,957.3599999999998,20.79,False,2024-08-12,957.3599999999998,False
2024-08-23,2024-08-19,5405.0,5315.0,90.0,1.7,5634.61,167.36,15.94,False,2024-08-19,167.36,False
2024-08-30,2024-08-26,5490.0,5400.0,90.0,2.2,5648.4,217.36000000000004,16.27,False,2024-08-26,217.36000000000004,False
2024-09-06,2024-09-03,5510.0,5420.0,90.0,6.800000000000001,5408.42,-8322.64,15.76,False,2024-09-03,-2095.28,True
2024-09-13,2024-09-09,5260.0,5170.0,90.0,3.25,5626.02,322.36,21.32,False,2024-09-09,322.36,False
2024-09-20,2024-09-16,5475.0,5380.0,95.0,4.4,5702.55,437.36,17.16,False,2024-09-16,437.36,False
2024-09-27,2024-09-23,5550.0,5460.0,90.0,1.6,5738.17,157.36,16.71,False,2024-09-23,157.36,False
2024-10-04,2024-09-30,5595.0,5505.0,90.0,6.05,5751.07,602.36,17.01,False,2024-09-30,602.36,False
2024-10-11,2024-10-07,5610.0,5520.0,90.0,7.1,5815.03,707.36,20.76,False,2024-10-07,707.36,False
2024-10-18,2024-10-14,5675.0,5585.0,90.0,1.5499999999999998,5864.67,152.36,20.86,False,2024-10-14,152.36,False
2024-10-25,2024-10-21,5730.0,5645.0,85.0,2.05,5808.12,202.36,18.78,False,2024-10-21,202.36,False
2024-11-01,2024-10-28,5675.0,5590.0,85.0,3.45,5728.8,342.36,19.11,False,2024-10-28,342.36,False
2024-11-08,2024-11-04,5595.0,5510.0,85.0,7.399999999999999,5995.54,737.3599999999999,22.5,False,2024-11-04,737.3599999999999,False
2024-11-15,2024-11-11,5850.0,5755.0,95.0,1.95,5870.62,192.36000000000004,15.33,False,2024-11-11,-210.27999999999997,True
2024-11-22,2024-11-18,5720.0,5630.0,90.0,3.6,5969.34,357.36,16.6,False,2024-11-18,357.36,False
2024-11-29,2024-11-25,5820.0,5730.0,90.0,0.4499999999999999,6032.38,42.35999999999999,15.23,False,2024-11-25,42.35999999999999,False
2024-12-06,2024-12-02,5890.0,5800.0,90.0,1.2,6090.27,117.36,14.08,False,2024-12-02,117.36,False
2024-12-13,2024-12-09,5955.0,5870.0,85.0,1.1,6051.09,107.36,13.36,False,2024-12-09,107.36,False
2024-12-20,2024-12-16,5920.0,5840.0,80.0,1.4500000000000002,5930.85,142.36000000000004,14.37,False,2024-12-16,-2330.28,True
2024-12-27,2024-12-23,5790.0,5705.0,85.0,4.7,5970.84,467.36,18.09,False,2024-12-23,467.36,False
2025-01-10,2025-01-06,5800.0,5715.0,85.0,1.15,5827.04,112.36,16.77,False,2025-01-06,112.36,False
2025-01-24,2025-01-21,5845.0,5750.0,95.0,1.2999999999999998,6101.24,127.35999999999996,16.29,False,2025-01-21,127.35999999999996,False
2025-02-14,2025-02-10,5870.0,5780.0,90.0,2.3,6114.63,227.36,16.58,False,2025-02-10,227.36,False
2025-02-21,2025-02-18,5965.0,5870.0,95.0,1.7,6013.13,167.36,15.57,False,2025-02-18,167.36,False
2025-02-28,2025-02-24,5865.0,5770.0,95.0,7.6,5954.5,757.36,18.08,False,2025-02-24,-1695.2799999999997,True
2025-03-07,2025-03-03,5800.0,5705.0,95.0,4.700000000000001,5770.2,-2512.6400000000176,19.83,False,2025-03-03,464.72000000000014,True
2025-03-21,2025-03-17,5465.0,5360.0,105.0,5.9,5667.56,587.36,22.89,False,2025-03-17,587.36,False
2025-03-28,2025-03-24,5500.0,5395.0,105.0,1.35,5580.94,132.36,19.13,False,2025-03-24,132.36,False
2025-04-18,2025-04-14,5125.0,4980.0,145.0,7.399999999999999,5282.7,737.3599999999999,34.76,False,2025-04-14,737.3599999999999,False
2025-04-25,2025-04-21,5045.0,4900.0,145.0,19.3,5525.21,1927.36,32.75,False,2025-04-21,1927.36,False
2025-05-02,2025-04-28,5275.0,5120.0,155.0,6.799999999999999,5686.67,677.3599999999999,25.75,False,2025-04-28,677.3599999999999,False
2025-05-09,2025-05-05,5435.0,5280.0,155.0,4.35,5659.91,432.36,24.25,False,2025-05-05,432.36,False
2025-05-16,2025-05-12,5415.0,5265.0,150.0,0.4499999999999999,5958.38,42.35999999999999,19.84,False,2025-05-12,42.35999999999999,False
2025-05-23,2025-05-19,5710.0,5560.0,150.0,2.65,5802.82,262.36,19.84,False,2025-05-19,262.36,False
2025-05-30,2025-05-27,5560.0,5410.0,150.0,0.7000000000000001,5911.69,67.36,20.63,False,2025-05-27,67.36,False
2025-06-06,2025-06-02,5675.0,5530.0,145.0,3.3,6000.36,327.36,19.81,False,2025-06-02,327.36,False
2025-06-13,2025-06-09,5770.0,5625.0,145.0,1.25,5976.97,122.36,17.69,False,2025-06-09,122.36,False
2025-06-20,2025-06-16,5755.0,5620.0,135.0,0.95,5967.84,92.36,19.78,False,2025-06-16,92.36,False
2025-06-27,2025-06-23,5755.0,5625.0,130.0,2.1,6173.07,207.36,21.15,False,2025-06-23,207.36,False
2025-07-04,2025-06-30,5960.0,5825.0,135.0,0.6000000000000001,6279.35,57.36000000000001,17.19,False,2025-06-30,57.36000000000001,False
2025-07-11,2025-07-07,6070.0,5945.0,125.0,2.6500000000000004,6259.75,262.36000000000007,17.83,False,2025-07-07,262.36000000000007,False
2025-07-18,2025-07-14,6060.0,5940.0,120.0,1.7999999999999998,6296.79,177.36,17.73,False,2025-07-14,177.36,False
2025-07-25,2025-07-21,6105.0,5985.0,120.0,0.7,6388.64,67.36,16.87,False,2025-07-21,67.36,False
2025-08-01,2025-07-28,6200.0,6085.0,115.0,2.1500000000000004,6238.01,212.36000000000004,15.15,False,2025-07-28,212.36000000000004,False
2025-08-08,2025-08-04,6050.0,5930.0,120.0,1.4,6389.45,137.36,19.56,False,2025-08-04,137.36,False
2025-08-15,2025-08-11,6200.0,6085.0,115.0,2.35,6449.8,232.36,15.81,False,2025-08-11,232.36,False
2025-08-22,2025-08-18,6270.0,6155.0,115.0,2.3,6466.91,227.36,15.73,False,2025-08-18,227.36,False
2025-08-29,2025-08-25,6290.0,6180.0,110.0,2.0500000000000003,6460.26,202.36000000000004,15.05,False,2025-08-25,202.36000000000004,False
2025-09-12,2025-09-08,6310.0,6205.0,105.0,1.8000000000000005,6584.29,177.36000000000004,15.58,False,2025-09-08,177.36000000000004,False
2025-09-19,2025-09-15,6415.0,6315.0,100.0,1.95,6664.36,192.36,15.14,False,2025-09-15,192.36,False
2025-09-26,2025-09-22,6500.0,6400.0,100.0,1.9,6643.7,187.36,16.14,False,2025-09-22,187.36,False
2025-10-03,2025-09-29,6480.0,6380.0,100.0,1.6,6715.79,157.36,15.84,False,2025-09-29,157.36,False
2025-10-10,2025-10-06,6560.0,6460.0,100.0,2.7500000000000004,6552.51,-476.63999999997816,16.74,False,2025-10-06,-400.28,True
2025-10-17,2025-10-13,6390.0,6290.0,100.0,2.7,6664.01,267.36,19.45,False,2025-10-13,267.36,False
2025-10-24,2025-10-20,6500.0,6400.0,100.0,3.9,6791.69,387.36,20.53,False,2025-10-20,387.36,False
2025-10-31,2025-10-27,6630.0,6530.0,100.0,2.2500000000000004,6840.2,222.36000000000007,15.73,False,2025-10-27,222.36000000000007,False
2025-11-07,2025-11-03,6680.0,6580.0,100.0,4.5,6728.8,447.36,18.06,False,2025-11-03,-1265.2799999999997,True
2025-11-14,2025-11-10,6565.0,6460.0,105.0,1.75,6734.11,172.36,18.58,False,2025-11-10,172.36,False
2025-11-21,2025-11-17,6565.0,6460.0,105.0,8.3,6602.99,827.3600000000001,19.58,False,2025-11-17,-2195.28,True
2025-11-28,2025-11-24,6425.0,6320.0,105.0,4.6,6849.09,457.36,22.69,False,2025-11-24,457.36,False
2025-12-05,2025-12-01,6670.0,6555.0,115.0,4.2,6870.4,417.36,18.05,False,2025-12-01,417.36,False
2025-12-12,2025-12-08,6695.0,6585.0,110.0,4.75,6827.41,472.36,16.15,False,2025-12-08,472.36,False
2025-12-19,2025-12-15,6660.0,6555.0,105.0,4.6,6834.5,457.36,16.51,False,2025-12-15,457.36,False
2025-12-26,2025-12-22,6665.0,6565.0,100.0,0.5,6929.94,47.36,15.16,False,2025-12-22,47.36,False
2026-01-02,2025-12-29,6765.0,6665.0,100.0,1.9,6858.47,187.36,14.69,False,2025-12-29,187.36,False
2026-01-09,2026-01-05,6700.0,6600.0,100.0,1.35,6966.28,132.36,15.14,False,2026-01-05,132.36,False
2026-01-16,2026-01-12,6810.0,6715.0,95.0,3.5,6940.01,347.36,16.06,False,2026-01-12,347.36,False
2026-01-30,2026-01-26,6765.0,6670.0,95.0,4.4,6939.03,437.36000000000007,16.9,False,2026-01-26,437.36000000000007,False
2026-02-06,2026-02-02,6790.0,6695.0,95.0,2.4000000000000004,6932.3,237.36000000000004,19.95,False,2026-02-02,-2695.2800000000007,True
2026-02-13,2026-02-09,6775.0,6680.0,95.0,7.899999999999999,6836.17,787.36,17.95,False,2026-02-09,787.36,False
2026-02-20,2026-02-17,6680.0,6580.0,100.0,15.099999999999998,6909.51,1507.3599999999997,21.74,False,2026-02-17,1507.3599999999997,False
2026-02-27,2026-02-23,6750.0,6655.0,95.0,11.0,6878.88,1097.36,20.49,False,2026-02-23,1097.36,False
2026-03-20,2026-03-16,6470.0,6370.0,100.0,6.300000000000001,6506.48,627.3600000000001,25.88,False,2026-03-16,244.72000000000008,True
2026-03-27,2026-03-23,6335.0,6230.0,105.0,4.700000000000001,6368.85,467.3600000000001,30.04,False,2026-03-23,467.3600000000001,False
2026-04-03,2026-03-30,6190.0,6075.0,115.0,10.4,6582.69,1037.3599999999997,30.79,False,2026-03-30,1037.3599999999997,False
2026-04-10,2026-04-06,6395.0,6280.0,115.0,7.7,6816.89,767.36,24.93,False,2026-04-06,767.36,False
2026-04-17,2026-04-13,6620.0,6500.0,120.0,5.199999999999999,7126.06,517.3599999999999,21.17,False,2026-04-13,517.3599999999999,False
2026-04-24,2026-04-20,6920.0,6790.0,130.0,5.3,7165.08,527.36,19.58,False,2026-04-20,527.36,False
2026-05-01,2026-04-27,6965.0,6840.0,125.0,6.299999999999999,7230.12,627.3599999999999,19.21,False,2026-04-27,627.3599999999999,False
2026-05-08,2026-05-04,7030.0,6905.0,125.0,3.85,7398.93,382.36,17.38,False,2026-05-04,382.36,False
2026-05-15,2026-05-11,7195.0,7075.0,120.0,3.0500000000000003,7408.5,302.36,18.21,False,2026-05-11,302.36,False
2026-05-22,2026-05-18,7210.0,7085.0,125.0,4.800000000000001,7473.47,477.36000000000007,19.25,False,2026-05-18,477.36000000000007,False
2026-05-29,2026-05-26,7275.0,7155.0,120.0,1.2,7580.06,117.36,16.92,False,2026-05-26,117.36,False
2026-06-05,2026-06-01,7385.0,7270.0,115.0,1.5500000000000005,7383.74,26.3599999999782,15.88,False,2026-06-01,-415.2799999999999,True
2026-06-12,2026-06-08,7185.0,7065.0,120.0,5.2,7431.46,517.36,20.29,False,2026-06-08,517.36,False
2026-06-19,2026-06-15,7230.0,7105.0,125.0,1.2,7500.58,117.36,16.78,False,2026-06-15,117.36,False
2026-06-26,2026-06-22,7300.0,7180.0,120.0,2.7,7354.02,267.36,17.48,False,2026-06-22,267.36,False
2026-07-03,2026-06-29,7155.0,7030.0,125.0,3.05,7483.24,302.36,18.6,False,2026-06-29,302.36,False
2026-07-10,2026-07-06,7285.0,7160.0,125.0,1.7000000000000002,7575.39,167.36000000000004,16.4,False,2026-07-06,167.36000000000004,False
2026-07-17,2026-07-13,7380.0,7255.0,125.0,3.3,7457.69,327.36,16.32,False,2026-07-13,327.36,False
2026-07-24,2026-07-20,7265.0,7145.0,120.0,4.25,7411.98,422.36,18.9,False,2026-07-20,422.36,False
2026-07-31,2026-07-27,7220.0,7105.0,115.0,6.4,7489.72,637.36,17.62,False,2026-07-27,637.36,False
2026-08-07,2026-08-03,7300.0,7180.0,120.0,1.6,7757.64,157.36,16.03,False,2026-08-03,157.36,False
